f_id,f_ori_name,f_eng_name,sci_name,langual,foodexcode,mainlevelcode,codlevel1,namelevel1,codsublevel,codlevel2,namelevel2,f_des_esp,f_des_ing,photo,edible_portion,f_origen,ALC,ALC_unit,ENERC,ENERC_unit,FAT,FAT_unit,PROT,PROT_unit,WATER,WATER_unit,CHO,CHO_unit,FIBT,FIBT_unit,STARCH,STARCH_unit,SUCS,SUCS_unit,SUGAR,SUGAR_unit,CHORL,CHORL_unit,F12:0,F12:0_unit,F14:0,F14:0_unit,F16:0,F16:0_unit,F18:0,F18:0_unit,F18:1CN9,F18:1CN9_unit,F18:2,F18:2_unit,F18:3,F18:3_unit,F20:4N6,F20:4N6_unit,F20:5,F20:5_unit,F22:6N3,F22:6N3_unit,FAMS,FAMS_unit,FAPU,FAPU_unit,FASAT,FASAT_unit,FATRS,FATRS_unit,BIOT,BIOT_unit,FOL,FOL_unit,NIAEQ,NIAEQ_unit,PANTAC,PANTAC_unit,RIBF,RIBF_unit,THIA,THIA_unit,VITA,VITA_unit,VITB12,VITB12_unit,VITB6,VITB6_unit,VITC,VITC_unit,VITD,VITD_unit,VITE,VITE_unit,CA,CA_unit,CU,CU_unit,FE,FE_unit,ID,ID_unit,K,K_unit,MG,MG_unit,NA,NA_unit,P,P_unit,SE,SE_unit,ZN,ZN_unit
680,"Bacón, ahumado, a la parrilla","Bacon, smoked, grilled",,A0279 A0459 A0633 A0666 A0714 A0726 A0799 B1136 C0269 E0150 F0014 G0006 H0172 H0173 H0253 J0106 K0003 M0001 N0001 P0024,,,,,,,,,,,1.000000,BEDCA,0,g,1215.5,kJ,22.1,g,23.4,g,50.5,g,0,g,0,g,0,g,,,0,g,80,mg,,,,,,,,,,,,,,,,,,,,,9.3,g,2.9,g,8.3,g,,,5,ug,2,ug,7,mg,1.22,mg,0.16,mg,0.9,mg,0,ug,1,ug,0.46,mg,,mg,0.6,ug,0.07,mg,7,mg,0.06,mg,0.7,mg,7,ug,330,mg,21,mg,1760,mg,190,mg,12,ug,2.2,mg
681,"Café, con leche","Coffee infusion, with milk",,A0268 A0465 A0639 A0663 A0710 A0845 B1305 C0155 E0123 F0014 G0012 H0148 H0184 J0003 K0003 M0001 N0001 P0024 R0212 R0497 Z0109,,,,,,,,,,,1.000000,BEDCA,0,g,158.069,kJ,2.36538,g,1.7,g,94,g,2.45,g,0,g,0.15,g,,,2.3,g,8,mg,,,,,,,,,,,,,,,,,,,,,0.6235,g,0.0656,g,1.2032,g,,,,,1.66,ug,0.7,mg,,,0.08,mg,0.02,mg,15.8333,ug,0.1,ug,0.01,mg,0.5,mg,0.01,ug,0.04,mg,55,mg,,,0.05,mg,17.4,ug,90,mg,8,mg,23,mg,42,mg,2.8,ug,0.18,mg
682,"Bacon, crudo, con grasa separable","Bacon, raw, with separable fat",,A0279 A0459 A0633 A0666 A0714 A0726 A0797 B1136 C0269 E0150 F0003 G0003 H0173 H0253 J0103 K0003 M0001 N0001 P0024 R0212 R0495 Z0112,,,,,,,,,,,1.000000,BEDCA,0,g,2276.93,kJ,57.5,g,8.7,g,33.7,g,0.09,g,0,g,,,,,,,100,mg,,,,,,,,,,,,,,,,,,,,,26.33,g,6.75,g,21.26,g,,,,mg,2,ug,1.8,mg,0.35,mg,0.11,mg,0.36,mg,0.01,ug,0.8,ug,0.3,mg,0,mg,0.01,ug,0.23,mg,13,mg,0.06,mg,1.2,mg,1.2,ug,160,mg,12,mg,680,mg,108,mg,25,ug,1.8,mg
683,"Batido lácteo de cacao, bajo en calorías","Milk shake, cacao, light",,A0148 A0452 A0626 A0721 A0724 A0774 A0780 B1201 C0235 E0123 F0018 G0003 H0231 H0247 J0123 K0003 M0001 N0001 P0024 P0034 R0212 R0497 Z0112,,,,,,,,,,,1.000000,BEDCA,0,g,201.2,kJ,1.9,g,3.1,g,90.4,g,4.6,g,0,g,,,,,,,0,mg,,,,,,,,,,,,,,,,,,,,,0,g,0.1,g,0.3,g,,,,,21.1,ug,1.3,mg,,,0.18,mg,0.1,mg,70.3,ug,0.36,ug,0.15,mg,4.2,mg,0.3,ug,0.7,mg,110,mg,,,1.1,mg,10.6,ug,180.7,mg,24.6,mg,88.3,mg,95,mg,3.7,ug,0.9,mg
685,"Batido lácteo, de fresa, bajo en calorías","Milk shake, strawberry, light",,A0148 A0452 A0626 A0721 A0724 A0774 A0780 B1201 C0235 E0123 F0014 G0003 H0247 H0395 J0123 K0003 M0001 N0001 P0024 P0034 R0212 R0497 Z0112,,,,,,,,,,,1.000000,BEDCA,0,g,466.48,kJ,0.34,g,3.8,g,72.9,g,22.9,g,1.6,g,,,4.3,g,,,3.4,mg,,,,,,,,,,,,,,,,,,,,,0,g,0.1,g,0.3,g,,,,,21.1,ug,1.3,mg,,,0.13,mg,0.1,mg,70.3,ug,0.2,ug,0.15,mg,4.2,mg,0.3,ug,0.7,mg,111.6,mg,,,1.1,mg,10.6,ug,180.7,mg,24.6,mg,88.3,mg,52.8,mg,3.7,ug,0.9,mg
686,"Cabrito, parte s/e, crudo, con grasa separable","Kid, part n/e, raw, with separable fat",,A0150 A0459 A0633 A0714 A0726 A0737 A0794 B2702 C0269 E0152 F0003 G0003 H0003 J0001 K0003 M0001 N0001 P0024 R0212 R0497 Z0018 Z0112,,,,,,,,,,,0.700000,BEDCA,0,g,476.1,kJ,4,g,19.3,g,76.7,g,,g,0,g,,,,,,,56,mg,,,,,,,,,,,,,,,,,,,,,2.2,g,0.3,g,1.5,g,,,,,5,ug,6,mg,,,0.1,mg,0.32,mg,0,ug,2,ug,0.3,mg,0,mg,0.4,ug,0.09,mg,9,mg,,,0.9,mg,5,ug,385,mg,22,mg,82,mg,220,mg,1,ug,2,mg
687,Callos de ternera,"Tripe, veal, raw",,A0150 A0459 A0633 A0716 A0726 A0739 A0796 B1201 C0212 E0150 F0003 G0003 H0003 J0001 K0003 M0001 N0001 P0024 R0212 R0497 Z0112,,,,,,,,,,,1.000000,BEDCA,0,g,396.2,kJ,3.95,g,14.56,g,80,g,0,g,0,g,,,,,,,95,mg,0.007,g,0.121,g,0.861,g,0.839,g,0.919,g,0.06,g,0.018,g,0.023,g,0.006,g,0.001,g,1.31,g,0.07,g,2.03,g,0.1872,g,,ug,2,ug,0.06,mg,0.56,mg,0.17,mg,0.01,mg,0,ug,1.54,ug,0.04,mg,,mg,,ug,0.08,mg,9,mg,0.09,mg,1.95,mg,,ug,270,mg,8,mg,46,mg,79,mg,45.6,ug,2.47,mg
688,"Cerdo, lomo, asado","Pork, loin, roasted",,A0150 A0459 A0633 A0714 A0726 A0737 A0799 B1136 C0269 E0150 F0014 G0005 H0001 J0001 K0003 M0001 N0001 P0024 R0212 R0497 Z0031 Z0112,,,,,,,,,,,1.000000,BEDCA,0,g,987.016,kJ,14.2707,g,27,g,56.1,g,0,g,0,g,0,g,,,0,g,75,mg,,,,,,,,,,,,,,,,,,,,,6.5,g,1.6,g,5.5,g,,,,,4,ug,4.2,mg,,,0.3,mg,0.52,mg,,ug,0.8,ug,0.36,mg,,mg,,ug,0.1,mg,12,mg,,,1.1,mg,3,ug,290,mg,20,mg,60,mg,170,mg,20,ug,2.4,mg
689,"Cerdo, pierna, cruda, con grasa separable","Pork, leg, raw, with separable fat",,A0150 A0459 A0633 A0714 A0726 A0737 A0794 B1136 C0269 E0150 F0003 G0001 H0001 J0001 K0003 M0001 N0001 P0024 R0212 R0497 Z0024 Z0112,,,,,,,,,,,0.750000,BEDCA,0,g,885.4,kJ,15.2,g,19,g,65.8,g,0,g,0,g,,,,,,,63,mg,,,,,,,,,,,,,,,,,,,,,6.4,g,2.5,g,5.1,g,,,3,ug,5,ug,8.7,mg,1.32,mg,0.2,mg,0.89,mg,0.1,ug,1,ug,0.45,mg,0,mg,0.01,ug,0,mg,8,mg,0.02,mg,1.5,mg,5,ug,370,mg,22,mg,80,mg,230,mg,12,ug,2.5,mg
691,Queso afuega'l pitu,"Cheese, ""afuega'l pitu"" type",,A0313 A0452 A0626 A0720 A0724 A0776 B1201 C0245 E0146 F0018 G0003 H0107 H0289 H0298 J0131 K0003 M0001 N0001 P0024 R0212 R0497 Z0073 Z0112,,,,,,,,"Se produce en una amplia zona ubicada en las cuencas bajas de los ríos Nalón y Narcea, en la parte centroccidental de Asturias. principalmente en las poblaciones de Candamo, Cudillero, Grado, Pravia, Salas, Las Regueras, Yermes, Tameza, Morcín y Riosa. Queso fresco o madurado, de tierno a semicurado, elaborado con leche de vaca. De coagulación láctica y de pasta blanda con corteza enmohecida. opcionalmente pimentonado en su interior. De semigraso a graso. Se presenta en dos formatos: troncocónica el elaborado con molde, y globosa irregular el moldeado con gasa o con tela. En cualquier caso, el tamaño es muy pequeño. La variedad roja siempre es de forma globosa. De corteza suave, ligera, pringosa y normalmente enmohecida, de color amarillento con manchas blanquecinas y/o azuladas. El interior es continuo, sin ojos, pero de textura laminar o granulada y de color amarillento. La pasta puede ser de corta y friable a blanda y untuosa para los más enmohecidos. El sabor es láctico, nada salado y entre suave y proteolizado, de gran personalidad. Al paladar resulta poco graso y se pega a la faringe. El rojo del Aramo no tiene corteza defina y se trata de una masa granulosa pero compacta, de color anaranjada rojizo. De sabor muy fuerte y picante que predomina sobre cualquier otro atributo. Peso rara vez sobrepasa el medio kilo",,./foodimages/f1.jpg,1.000000,BEDCA,0,g,1955.98,kJ,40.56,g,26.78,g,27.8,g,,g,0,g,,,,,,,100,mg,,,,,,,,,,,,,,,,,,,,,,,,,,,,,,,16,ug,3.05,mg,,,0.3,mg,0.04,mg,239.08,ug,1.55,ug,0.09,mg,0,mg,0.25,ug,0.6,mg,1311.66,mg,650,mg,1.5,mg,,,1410.24,mg,122.75,mg,5882.5,mg,3001.93,mg,,,4.91,mg
692,Queso ahumado de aliva,"Cheese, ""ahumado de aliva"" type",,A0313 A0452 A0626 A0720 A0724 A0776 B2247 C0245 E0146 F0018 G0003 H0107 H0291 H0298 J0106 K0003 M0001 N0001 P0024 R0212 R0497 Z0073 Z0112,,,,,,,,"El área de producción se centra en los puertos Cántabros de Aliva, siendo Braz y Tanarrio los pueblos más destacados, donde este queso se elabora con leche de ganado, mezclada de la vaca, cabra y oveja. De maduración tierna o semicurada y de coagulación mixta, de pasta blanca y de corteza ahumada. raso o extragraso. Su forma, irregularmente cilíndrica, muestra una corteza rugosa de color marrón pardusco. El interior es compacto, con pequeñas estrías horizontales. La pasta es de olor blanco. el sabor suave, ligeramente ácido, graso, con agradable aroma ahumado que se adhiere al paladar. Peso: medio entre uno o dos kilos.",,./foodimages/queso%20ahumnado%20de%20%E1liva.jpg,1.000000,BEDCA,0,g,1699.2,kJ,34.13,g,25.67,g,35.04,g,,g,0,g,,,,,,,100,mg,,,,,,,,,,,,,,,,,,,,,,,,,,,,,,,16,ug,3.05,mg,,,0.3,mg,0.04,mg,239.08,ug,1.55,ug,0.09,mg,0,mg,0.25,ug,0.6,mg,7820.18,mg,820,mg,3.27,mg,,,1219.04,mg,329.34,mg,3002.43,mg,5101.87,mg,,,30.52,mg
693,Queso cantabria,"Cheese, ""cantabria"" type",,A0313 A0452 A0626 A0720 A0724 A0776 B1201 C0245 E0146 F0018 G0003 H0107 H0288 H0298 J0003 K0003 M0001 N0001 P0024 R0212 R0497 Z0112,,,,,,,,"Su producción se extiende a toda Cantabria. Es elaborado con leche pasteurizada de vaca. Madurado, de tierno a semicurado, su coagulación es enzimática y de pasta prensada, no cocida. De graso a extragraso. Se sala por inmersión en salmuera, durante un día. Su forma puede ser cilíndrica. Corteza lisa y cerrada, de color suavemente amarillento. Su interior aparece compacto, sin ojos, y su pasta es blanda, así como elástica, siendo su color semejante al de la corteza. Ofrece un sabor extraordinariamente suave, graso, con aroma de mantequilla. fundente al paladar. Peso de uno a dos kilos.",,,1.000000,BEDCA,0,g,1483.04,kJ,30.19,g,21.53,g,42.84,g,,g,0,g,,,,,,,100,mg,,,,,,,,,,,,,,,,,,,,,,,,,,,,,,,16,ug,3.05,mg,,,0.3,mg,0.04,mg,239.08,ug,1.55,ug,0.09,mg,0,mg,0.25,ug,0.6,mg,7803.58,mg,570,mg,3.42,mg,,,978.05,mg,289.23,mg,5551.33,mg,4929.73,mg,,,30.59,mg
694,Queso casín,"Cheese, ""casin"" type",,A0311 A0452 A0626 A0720 A0724 A0776 B1201 C0245 E0146 F0018 G0003 H0107 H0293 H0298 J0131 K0003 M0001 N0001 P0024 R0212 R0497 Z0112,,,,,,,,"Su producción se centra en Caso, abarcando la zona de Sobrescobio (Asturias).Queso madurado curado, que se elabora con leche de vaca. La coagulación es enzimática, de pasta amasada y dura. Graso. Su forma es irregularmente cilíndrica y muestra una cara grabada de modo inimitable. No tiene una corteza propiamente dicha, hallándose ésta integrada en la masa. Su color es amarillo intenso. Tiene corte cerrado y sólido, con pequeñas grietas. La pasta, corta y desmenuzable, ofrece un color similar al de la corteza. Sabor fuerte y picante, con aroma de mantequilla rancia. Textura granulosa. Peso un kilo como máximo.",,./foodimages/3.jpg,1.000000,BEDCA,0,g,1531.99,kJ,30.81,g,23.06,g,40.35,g,,g,0,g,,,,,,,100,mg,,,,,,,,,,,,,,,,,,,,,,,,,,,,,,,16,ug,3.05,mg,,,0.3,mg,0.04,mg,239.08,ug,1.55,ug,0.09,mg,0,mg,0.25,ug,0.6,mg,6915.54,mg,650,mg,9.86,mg,,,1759.12,mg,290.83,mg,7589.61,mg,4995.91,mg,,,33.93,mg
695,"Queso de murcia, al vino","Cheese, ""murcia with wine"" type",,A0313 A0452 A0626 A0720 A0724 A0776 B1328 C0245 E0146 F0018 G0003 H0107 H0289 J0003 K0003 M0001 N0001 P0024 R0212 R0497 Z0112,,,,,,,,"Como el de Murcia, el área de producción abarca toda la Comunidad Autónoma de Murcia. Queso madurado, de tierno a semicurado, que se elabora con leche pasteurizada de cabra. De coagulación enzimática y de pasta lavada, no cocida, prensada. Es madurado con lavados externos de vino. Extragraso. Tiene forma cilíndrica, con superficie lisa y bordes redondeados. La corteza es de color violáceo, con manchas verdes procedentes del moho. Muestra un interior compacto y cerrado, de pasta elástica de color blanco intenso. Sabor suave, así como dulzón y algo ácido. es cremoso al paladar, con un ligero aroma a vino. Peso en torno al kilo.",,./foodimages/murcia.jpg,1.000000,BEDCA,0,g,1832.45,kJ,38.88,g,23.17,g,32.63,g,,g,0,g,,,,,,,100,mg,,,,,,,,,,,,,,,,,,,,,,,,,,,,,,,53,ug,3.6,mg,,,1.19,mg,0.14,mg,437,ug,0.2,ug,0.08,mg,0,mg,0.5,ug,0.31,mg,8139.35,mg,1230,mg,3.47,mg,,,1063.69,mg,385.5,mg,5373.88,mg,5277.04,mg,,,26.53,mg
696,Queso de cádiz,"Cheese, ""cádiz"" type",,A0185 A0452 A0626 A0720 A0724 A0776 A0786 B1328 C0245 E0146 F0003 G0003 H0107 J0131 K0003 M0001 N0001 P0024 R0212 R0497 Z0112,,,,,,,,"Se produce en la serranía gaditana. Se elabora con leche de cabra de forma artesanal. Fresco. De coagulación enzimática y de pasta prensada, no cocida. Graso o semigraso. Tiene forma cilíndrica, con caras planas y marcadas con el dibujo del entremiso, así como el lateral lo está por el cincho de esparto. La corteza estriada tiene color blanco, lo mismo que el corte que aparece compacto, con algunas oquedades irregularmente distribuidas. El aroma es el propio de un queso de cabra, lo mismo que el sabor, es decir, láctico y dulce y salado al mismo tiempo. Es húmedo y compacto al paladar. Peso. oscila entre el kilo y medio y los dos kilos y medio.",,,1.000000,BEDCA,0,g,1282.37,kJ,26.88,g,16.93,g,52.8,g,,g,0,g,,,,,,,100,mg,,,,,,,,,,,,,,,,,,,,,,,,,,,,,,,53,ug,3.6,mg,,,1.19,mg,0.14,mg,437,ug,0.2,ug,0.08,mg,0,mg,0.5,ug,0.31,mg,6234.56,mg,750,mg,2.44,mg,,,984.17,mg,292.84,mg,3644.62,mg,3964.95,mg,,,25.01,mg
697,Queso Tetilla,"Cheese, ""tetilla"" type",,A0313 A0452 A0626 A0720 A0724 A0776 A0785 B1201 C0245 E0146 F0018 G0003 H0107 H0289 H0298 J0103 K0003 M0001 N0001 P0024 R0212 R0497 Z0112,,,,,,,,,,,1.000000,BEDCA,0,g,1558.57,kJ,32.19,g,21.62,g,41.46,g,,g,0,g,0,g,,,,,90,mg,0.849,g,2.998,g,7.971,g,3.434,g,5.677,g,0.439,g,0.16,g,0.02,g,0.009,g,,,10.06,g,1.07,g,21.45,g,1.77,g,,,20,ug,0.1,mg,,,0.3,mg,0.03,mg,388.333,ug,1.5,ug,0.1,mg,,mg,0.25,ug,0.62,mg,8090.14,mg,810,mg,2.82,mg,2,ug,1020.3,mg,314.68,mg,5399.95,mg,5127.16,mg,1.6,ug,32.98,mg
698,Queso gaztazarra,"Cheese, ""gaztazarra"" type",,A0314 A0452 A0626 A0720 A0724 A0776 B1183 C0245 E0119 F0003 G0003 H0107 H0291 H0298 H0332 J0003 K0003 M0001 N0001 P0024 R0212 R0497 Z0112,,,,,,,,"Se produce en todo el País Vasco, especialmente en toda el área de producción del queso idiazábal. Queso madurado y fermentado, elaborado a partir de cuajada fresca o de queso madurado de oveja. De pasta blanda y untuosa. De graso a extragraso. Es una pasta que se presenta dentro de un recipiente que puede tener formas y volúmenes diversos. Es similar al queso Tupí pero con retrogusto a pacharán en aquellos quesos que se haya adicionado este licor durante la fermentación. El color suele ser más oscuro y amarronado. Peso de 100 a 250g en general se comercializan en pequeños tarros de barro o de vidrio",,./foodimages/gaztazarra.jpg,1.000000,BEDCA,0,g,1367.98,kJ,28.5,g,18.44,g,46.44,g,,g,0,g,,,,,,,90,mg,,,,,,,,,,,,,,,,,,,,,,,,,,,,,,,20.65,ug,5.1,mg,,,0.3,mg,0.04,mg,374,ug,1.5,ug,0.1,mg,0,mg,0.25,ug,0.62,mg,6085.13,mg,570,mg,2.94,mg,,,1505.39,mg,312.09,mg,6479.92,mg,4366.45,mg,,,21.82,mg
699,Queso herreño,"Cheese, ""herreño"" type",,A0313 A0452 A0626 A0720 A0724 A0776 B1161 C0245 E0146 F0018 G0003 H0107 H0172 H0289 H0298 J0003 K0003 M0001 N0001 P0024 R0212 R0497 Z0112,,,,,,,,"De la isla de Hierro (Canarias). Queso fresco o madurado, de oreado a semi-curado, que se elabora con leche de ganado, predominando la de cabra. La coagulación es enzimática y de pasta prensada, no cocida. Ahumado exteriormente. De graso a extragraso. Forma cilíndrica y superficie rugosa, sin grabados. La corteza es rugosa y dura, de tono amarronado. Interior muy abierto, con profusión de oquedades que a veces contienen suero. La pasta es blanda y elástica, de color amarfilado, y a veces amarillento, según las leches utilizadas. Sabor acidulo, mantecoso, donde el ahumado predomina de modo desta-cado. Textura ligeramente gomosa al paladar. Peso de dos a seis kilos.",,,1.000000,BEDCA,0,g,1528.61,kJ,30.25,g,24.08,g,39.23,g,,g,0,g,,,,,,,100,mg,,,,,,,,,,,,,,,,,,,,,,,,,,,,,,,53,ug,3.6,mg,,,1.19,mg,0.14,mg,437,ug,0.2,ug,0.08,mg,0,mg,0.5,ug,0.31,mg,6508.51,mg,1050,mg,3.43,mg,,,1146.69,mg,352.61,mg,8926.86,mg,4696.87,mg,,,24.91,mg
700,Queso cebreiro,"Cheese, ""cebreiro"" type",,A0313 A0452 A0626 A0720 A0724 A0776 B1328 C0245 E0146 F0018 G0003 H0107 H0290 H0298 J0103 K0003 M0001 N0001 P0024 R0212 R0497 Z0073 Z0112,,,,,,,,"Su elaboración se reduce a la zona montañosa de Lugo que limita con León. Se elabora con leche de vaca. Queso madurado, de tierno a curado, de coagulación láctica y pasta ligeramente prensada, no cocida. Graso. Tiene forma de hongo, con base cilíndrica. Su corteza, casi inexistente, es de color blanco amarillento, en los tiernos, mostrándose enmohecida y de tono verdoso en los semicurados. Muestra un interior blanco y untuoso, con estrías blanquecinas. Su textura es granular y, al mismo tiempo, untable. Su sabor es ácido y amargo, graso, con gusto a mantequilla. No es salado, pero puede aparecer ligeramente picante en los más añejos. Peso uno a dos kilos.",,./foodimages/queso.jpg,1.000000,BEDCA,0,g,1075.87,kJ,22.25,g,14.86,g,59.36,g,,g,0,g,,,,,,,85,mg,0.849,g,2.998,g,7.971,g,3.434,g,5.677,g,0.439,g,0.16,g,0.02,g,0.009,g,,,,,,,,,1.77,g,,,15,ug,4.7,mg,,,0.2,mg,0.03,mg,239.08,ug,0.8,ug,0.08,mg,1,mg,0.25,ug,0.6,mg,971.3,mg,480,mg,1.05,mg,2,ug,1134.68,mg,102.29,mg,4222.83,mg,2026.32,mg,1.6,ug,4.73,mg
701,Queso pedroches,"Cheese, ""pedroches"" type",,A0312 A0452 A0626 A0720 A0724 A0776 B1183 C0245 E0146 F0003 G0003 H0107 H0291 H0298 J0003 K0003 M0001 N0001 P0024 R0212 R0497 Z0112,,,,,,,,"Del valle de los Pedroches, al noroeste de la provincia de Córdoba. Madurado, de semicurado a curado, se elabora con leche de oveja. La coagulación es enzimática de pasta prensada, no cocida. De graso a extragraso. Forma cilíndrica y caras lisas, planas o ligeramente convexas, con el lateral grabado por el cincho de esparto. Corteza dura y lisa, de color amarillo brillante, a veces, untada de aceite de oliva. La pasta es compacta, con abundantes ojos repartidos de forma irregular. de color blanco amarillento. La salazón se realiza a base de sal seca. Sabor fuerte, acidulo, ligeramente picante. mantecoso al paladar. Peso de un kilo a un kilo y medio.",,./foodimages/queso%20de%20pedrochas.jpg,1.000000,BEDCA,0,g,1411.08,kJ,27,g,24.24,g,42.28,g,,g,0,g,,,,,,,90,mg,,,,,,,,,,,,,,,,,,,,,,,,,,,,,,,20.65,ug,5.1,mg,,,0.3,mg,0.04,mg,374,ug,1.5,ug,0.1,mg,0,mg,0.25,ug,0.62,mg,9339.39,mg,740,mg,14.48,mg,,,1295.9,mg,554.78,mg,5962.56,mg,6128.75,mg,,,26.28,mg
702,Queso tupí,"Cheese, ""tupí"" type",,A0185 A0452 A0626 A0720 A0724 A0776 A0786 B1183 C0245 E0146 F0003 G0003 H0107 J0131 K0003 M0001 N0001 P0024 R0212 R0497 Z0112,,,,,,,,"El área de producción abarca el Pirineo catalán. Fermentado durante más de dos meses y elaborado con cuajada o queso de oveja. Su pasta es blanda. Doble graso. Se presenta en vasijas de barro (Tupí) de pequeño tamaño. Normalmente se elabora a partir de cuajada desuerada sobrante en la elaboración del queso Serrat, así como de otros quesos en proceso de maduración que hayan sufrido algún desperfecto. Producción artesanal. Sin forma definida, presenta una masa untable, con pequeños grumos, de color amarronado. Sabor especialmente fuerte y pronunciado, agresivo. extraordinariamente graso, con aromas primarios y secundarios, en función de los ingredientes añadidos. Peso indeterminado.",,./foodimages/queso%20tupi.jpg,1.000000,BEDCA,0,g,2539.37,kJ,59.81,g,19.2,g,19.16,g,,g,0,g,,,,,,,90,mg,,,,,,,,,,,,,,,,,,,,,,,,,,,,,,,20.65,ug,5.1,mg,,,0.3,mg,0.04,mg,374,ug,1.5,ug,0.1,mg,0,mg,0.25,ug,0.62,mg,6716.06,mg,4290,mg,1.95,mg,,,1173.17,mg,267.96,mg,4210.3,mg,4213.64,mg,,,26.78,mg
703,Queso flor de guía,"Cheese, ""flor de guía"" type",,A0312 A0452 A0626 A0720 A0724 A0776 B2244 C0245 E0146 F0018 G0003 H0107 H0289 H0298 J0003 K0003 M0001 N0001 P0024 R0212 R0497 Z0112,,,,,,,,"Se produce únicamente en los altos de Guía y de Gáldar en el noroeste de Gran Canaria. Queso madurado, oreado o tierno, elaborado con leche mezclada, principalmente de vaca con oveja. De coagulación enzimática y de pasta prensada, no cocida. De graso a extragraso. Forma cilíndrica bastante aplanada, con los bordes redondeados y las caras con estrías amplias del fondo de la quesera. De corteza ligera pero seca y definida y de color amarillo blanquecino. El interior es compacto pero semiabierto, con pequeñas galerías de origen fermentativo y de color amarillo pálido. El sabor es desarrollado pero suave, entre dulzón, acidulo y amargo, muy mantecoso y fundente al paladar. Peso superior a los dos kilos de peso",,./foodimages/0_5489_1.jpg,1.000000,BEDCA,0,g,1611.79,kJ,31.06,g,27.21,g,35.35,g,,g,0,g,,,,,,,90,mg,,,,,,,,,,,,,,,,,,,,,,,,,,,,,,,20,ug,0.1,mg,,,0.3,mg,0.03,mg,388,ug,1.5,ug,0.1,mg,,mg,0.25,ug,0.6,mg,8019.42,mg,880,mg,3.35,mg,,,1182.36,mg,448.88,mg,6132.48,mg,6009.33,mg,,,38.39,mg
704,Queso gata-hurdes,"Cheese, ""gata-hurdes"" type",,A0313 A0452 A0626 A0720 A0724 A0776 B1328 C0245 E0146 F0018 G0003 H0107 H0291 H0298 J0153 K0021 M0001 N0001 P0024 R0212 R0497 Z0112,,,,,,,,"Se produce en la sierra de Gata y en las Hurdes, al noroeste de la provincia de Cáceres. Queso madurado, de tierno a curado, elaborado con leche de cabra principalmente de raza retinta. De coagulación enzimática y de pasta blanda pero compacta. Graso. Forma cilíndrica discoidal con las caras lisas pero rugosas. La corteza es lisa pero rugosa y pegadiza, de color beige anaranjado y olor algo proteolizado. El interior es compacto pero semiabierto con algunas cavidades de origen fermentativo. la pasta algo blanda y untuosa, de color blanco amarillento. El sabor es fuerte y pronunciado, algo picante pero mantecoso y ligeramente fundente al paladar, con aroma final suavemente pútrido. Peso comprendido entre tres cuartos de kilo y kilo y medio",,,1.000000,BEDCA,0,g,1604.03,kJ,33.63,g,21.16,g,41.55,g,,g,0,g,,,,,,,100,mg,,,,,,,,,,,,,,,,,,,,,,,,,,,,,,,53,ug,3.6,mg,,,1.19,mg,0.14,mg,437,ug,0.2,ug,0.08,mg,0,mg,0.5,ug,0.31,mg,4547.53,mg,1060,mg,3.07,mg,,,1052.84,mg,251.26,mg,6389.6,mg,3183.42,mg,,,18.09,mg
705,Queso de aracena,"Cheese, ""aracena"" type",,A0313 A0452 A0626 A0720 A0724 A0776 B1328 C0245 E0146 F0018 G0003 H0107 H0290 H0298 J0003 K0003 M0001 N0001 P0024 R0212 R0497 Z0112,,,,,,,,"Se produce en la serranía de Huelva y todavía se sigue elaborando de forma artesanal en los cortijos. Elaborado con leche de cabra. Madurado, de semicurado a añejo. La coagulación es enzimática y la pasta compactada, no cocida. Graso o extragraso. Suele conservarse en aceite de oliva. Su forma es cilíndrica, con algunas regularidades. la superficie es lisa. Tiene la corteza pegajosa y húmeda. El color es ocre anaranjado. El interior aparece salpicado de ojos y la pasta presenta un color amarillo pardusco. El olor es fuerte y el sabor picante, salado y graso. Peso. entre los tres cuartos de kilo y el kilo y medio.",,,1.000000,BEDCA,0,g,1625.18,kJ,33.88,g,21.86,g,40.32,g,,g,0,g,,,,,,,100,mg,,,,,,,,,,,,,,,,,,,,,,,,,,,,,,,53,ug,3.6,mg,,,1.19,mg,0.14,mg,437,ug,0.2,ug,0.08,mg,0,mg,0.5,ug,0.31,mg,5985.51,mg,1590,mg,3.86,mg,,,1033.98,mg,310.09,mg,6454.38,mg,4270.65,mg,,,23.97,mg
706,Queso de tenerife,"Cheese, ""tenerife"" type",,A0185 A0452 A0626 A0720 A0724 A0776 A0786 B2101 C0245 E0146 F0003 G0003 H0107 J0131 K0003 M0001 N0001 P0024 R0212 R0497 Z0112,,,,,,,,"Se produce en toda la isla de Tenerife (Canarias). Queso fresco u oreado que se elabora principalmente con leche cruda de cabra, que ocasionalmente se mezcla con la oveja o de vaca. De coagulación enzimática y de pasta compacta, no cocida. De graso a extragraso. Tiene forma cilíndrica, de amplio diámetro y moderada altura. La corteza no existe en la práctica, y su color es blanco intenso. El interior es cerrado y compacto, mostrando el mismo color que la corteza o superficie. La pasta es corta, poco elástica, de textura algo gomosa. El sabor es muy fresco y acidulo, algo salado y graso, lechoso al paladar. Peso entre los dos y tres kilos.",,,1.000000,BEDCA,0,g,1426.63,kJ,29.69,g,19.3,g,47.26,g,,g,0,g,,,,,,,100,mg,,,,,,,,,,,,,,,,,,,,,,,,,,,,,,,53,ug,3.6,mg,,,1.19,mg,0.14,mg,437,ug,0.2,ug,0.08,mg,0,mg,0.5,ug,0.31,mg,6533.42,mg,1450,mg,2.39,mg,,,1001.47,mg,434.44,mg,3245.91,mg,4543.65,mg,,,22.57,mg
707,Queso de tiétar,"Cheese, ""tiétar"" type",,A0312 A0452 A0626 A0720 A0724 A0776 B1328 C0245 E0146 F0018 G0003 H0107 H0289 H0298 J0003 K0003 M0001 N0001 P0024 R0212 R0497 Z0112,,,,,,,,"El área de producción se extiende a toda la cabecera del valle del Tiétar, y a la zona abulense de la sierra de Gredos. Fresco o madurado, de tierno a semicurado, se elabora con leche de cabra. De coagulación enzimática y de pasta blanda pero compactada. Extragraso. Forma cilíndrica, con los bordes redondeados. Corteza blanca en los frescos y algo amarillenta en los oreados. El interior es compacto, con pasta semiabierta, elástica y gomosa. Sabor acidulo, mantecoso, muy agradable al paladar. Debido a la modernización de su elaboración, este queso ha cambiado algunas de sus características organolépticas, ofreciendo un sa-bor más desarrollado, con un fondo láctico y un posgusto a bodega. Peso en torno al kilo.",,./foodimages/cabra%20tietar.jpg,1.000000,BEDCA,0,g,1660.16,kJ,35,g,21.48,g,38.01,g,,g,0,g,,,,,,,100,mg,,,,,,,,,,,,,,,,,,,,,,,,,,,,,,,53,ug,3.6,mg,,,1.19,mg,0.14,mg,437,ug,0.2,ug,0.08,mg,0,mg,0.5,ug,0.31,mg,8426.2,mg,1120,mg,3.27,mg,,,1215.06,mg,427.22,mg,5248.43,mg,5214.58,mg,,,27.28,mg
708,Queso pasiego,"Cheese, ""pasiego"" type",,A0314 A0452 A0626 A0720 A0724 A0776 B1328 C0245 E0146 F0003 G0003 H0107 H0288 H0298 J0003 K0003 M0001 N0001 P0024 R0212 R0497 Z0112,,,,,,,,"Su área de producción se extiende a todo el valle del río Pas (Cantabria). Queso fresco o ligeramente madurado que se elabora con leche de vaca. De coagulación enzimática y de pasta blanda. Graso. Carece de forma definida y suele presentarse como tortas irregularmente circulares. La corteza, ligeramente enmohecida en los oreados, aparece grabada por las marcas del junco (cerbellán) que se utiliza como base, y es tenue, aunque bien definida, brevemente blanquecina. Interior continuo y cerrado, de color blanco amarillento. La pasta es blanda y untable. Su sabor es ciertamente excepcional: cremoso, fundente, desarrollado, persistente y muy suave. Peso medio kilo.",,,1.000000,BEDCA,0,g,1232.09,kJ,26.44,g,14.93,g,56.74,g,,g,0,g,,,,,,,100,mg,,,,,,,,,,,,,,,,,,,,,,,,,,,,,,,16,ug,3.05,mg,,,0.3,mg,0.04,mg,239.08,ug,1.55,ug,0.09,mg,0,mg,0.25,ug,0.6,mg,4856.48,mg,440,mg,2.41,mg,,,1283.29,mg,192.95,mg,4974.07,mg,3058.45,mg,,,22,mg
709,Queso peñamellera,"Cheese, ""peñamellera"" type",,A0313 A0452 A0626 A0720 A0724 A0776 B2247 C0245 E0146 F0018 G0003 H0107 H0289 H0298 J0003 K0003 M0001 N0001 P0024 R0212 R0497 Z0073 Z0112,,,,,,,,"Se produce en todo el concejo de Peñamellera. Madurado, de tierno a semicurado, se elabora con leche de cabra, de oveja y de vaca. Coagulación enzimática y pasta blanda, con morga. De graso a extragraso. Forma discoidal. Corteza ligera, pringosa, con evidente olor proteolizado, de color amarillo anaranjado con pintas blanquecinas. Interior compacto y cerrado con alguna diminuta oquedad, de pasta ligeramente elástica y de color amarillento. Sabor desarrollado, pero no fuerte. mantecoso, con posgusto proteolizado y persistente. Peso nunca superior al medio kilo.",,./foodimages/70039812ab672f6f55o250bpa7.jpg,1.000000,BEDCA,0,g,1519.48,kJ,30.38,g,23.26,g,40.76,g,,g,0,g,,,,,,,,,,,,,,,,,,,,,,,,,,,,,,,,,,,,,,,20,ug,0.1,mg,,,0.3,mg,0.03,mg,388,ug,1.5,ug,0.1,mg,,mg,0.25,ug,0.6,mg,8708.46,mg,560,mg,2.91,mg,,,1223.12,mg,316.9,mg,8309.04,mg,5362.51,mg,,,32.31,mg
710,Queso servilleta,"Cheese, ""servilleta"" type",,A0185 A0452 A0626 A0720 A0724 A0776 A0786 B2101 C0245 E0146 F0003 G0003 H0107 H0298 J0131 K0003 M0001 N0001 P0024 R0212 R0497 Z0112,,,,,,,,"Se produce en Costera de Ranes (Valencia), y en el Alto Vinalopó (Alicante). Queso fresco o tierno, de curación media, que se elabora con leche pasteurizada de cabra y/o de oveja, de pasta prensada, no cocida. Graso. Tiene forma globosa, con los bordes redondeados y la cara superior coronada por un pequeño pezón derivado de la tela utilizada como molde. Corteza lisa, cerrada, que muestra la trama de la tela. de color blanco, si es fresco, y amarillo, si es madurado. Corte cerrado con alguna oquedad de origen mecá-nico. Textura poco elástica. Sabor suave, láctico, ligeramente salado. mantecoso al paladar. Peso aproximado dos kilos.",,./foodimages/zoom_1483590.jpg,1.000000,BEDCA,0,g,1350.36,kJ,26.31,g,22.17,g,46.05,g,,g,0,g,,,,,,,90,mg,,,,,,,,,,,,,,,,,,,,,,,,,,,,,,,20.65,ug,5.1,mg,,,0.3,mg,0.04,mg,374,ug,1.5,ug,0.1,mg,0,mg,0.25,ug,0.62,mg,7620.94,mg,890,mg,4.04,mg,,,1122.85,mg,330.14,mg,6361.63,mg,4653.51,mg,,,30.2,mg
711,Queso grazalema,"Cheese, ""grazalema"" type",,A0312 A0452 A0626 A0720 A0724 A0776 B2101 C0245 E0146 F0003 G0003 H0107 H0290 H0298 J0003 K0003 M0001 N0001 P0024 R0212 R0497 Z0112,,,,,,,,"Se produce principalmente en los municipios de Grazalema, Villaluenga de Rosario y Benaocaz (Cádiz). Queso madurado, de semicurado a curado, elaborado con leche de oveja y/o de cabra. Coagulación enzimática. Pasta compactada, no cocida. De graso a extragraso. Forma cilíndrica, con las caras ligeramente convexas que muestran el grabado de espiga. el lateral está grabado por el cincho de esparto. La corteza aparece ligeramente enmohecida, untuosa, grasienta, de color amarillo anaranjado. Interior compacto, con pequeños ojos que se distribuyen de modo irregular. Aroma agradable y sabor fuerte, algo picante y salado. mantecoso al paladar. Peso entre kilo y medio y tres kilos.",,./foodimages/800px-Queso_grazalema.jpg,1.000000,BEDCA,0,g,1567.6,kJ,32.31,g,21.89,g,40.19,g,,g,0,g,,,,,,,90,mg,,,,,,,,,,,,,,,,,,,,,,,,,,,,,,,20.65,ug,5.1,mg,,,0.3,mg,0.04,mg,374,ug,1.5,ug,0.1,mg,0,mg,0.25,ug,0.62,mg,7853.39,mg,1090,mg,3.11,mg,,,989.84,mg,522.75,mg,4523.67,mg,5012.86,mg,,,23.32,mg
712,Queso porrúa,"Cheese, ""porrúa"" type",,A0313 A0452 A0626 A0720 A0724 A0776 B2245 C0245 E0146 F0003 G0003 H0107 H0290 H0298 J0131 K0003 M0001 N0001 P0024 R0212 Z0112,,,,,,,,"Su área de producción abarca varios pueblos del Concejo de Llanes (Asturias). Queso fresco o tierno, que se elabora con leche de vaca y/o de oveja. La coagulación es enzimática y la pasta blanda y húmeda. De graso a extragraso. Tiene forma discoidal, con marcadas irregularidades. Carece de corteza formando una masa blanda, húmeda y gelatinosa. El corte es blando y cerrado, mostrando algunas oquedades que se distribuyen irregularmente y que son de tipo mecánico. Sabor muy fresco y húmedo, así como lechoso y dulzón, nada salado y especialmente graso. Fundente al paladar. Peso es raro que supere el medio kilo.",,./foodimages/queso-porrua.jpg,1.000000,BEDCA,0,g,1588.43,kJ,32,g,23.79,g,39.41,g,,g,0,g,,,,,,,90,mg,,,,,,,,,,,,,,,,,,,,,,,,,,,,,,,20,ug,0.1,mg,,,0.3,mg,0.03,mg,388,ug,1.5,ug,0.1,mg,,mg,0.25,ug,0.6,mg,8476.01,mg,520,mg,3.29,mg,,,1462.18,mg,331.14,mg,4383.53,mg,5783.76,mg,,,33.97,mg
713,Queso picón,"Cheese, ""picón"" type",,A0185 A0452 A0626 A0720 A0724 A0776 A0786 B2247 C0245 E0146 F0003 G0003 H0107 H0288 H0298 J0131 K0003 M0001 N0001 P0024 R0212 R0497 Z0073 Z0112,,,,,,,,"Se produce en todos los pueblos de las comarcas de Liébana y de Peñarrubia (Cantabria). Madurado y curado, elaborado con leche cruda de vaca, cabra y oveja, mezclada. La coagulación es mixta, de pasta blanda con enmohecido interior. De graso a extragraso. Forma cilíndrica, con irregularidades, y aparece recubierto de hojas verdes de falso plátano (plágano). Corteza indefinida, que presenta un aspecto untuoso y aceitoso, de color amarronado. Desprende olor fétido. Interior abierto, salpicado de galerías y de oquedades cubiertas de moho verdoso. Pasta blanda, granulada y ligeramente untuosa, de color entre blanco quebrado o amarillo pálido. Sabor fuerte, ácido muy cremoso al paladar. Peso de uno a cinco kilos.",,./foodimages/picon-bejes-tresviso-01.jpg,1.000000,BEDCA,0,g,1607.07,kJ,33,g,22.71,g,39.31,g,,g,0,g,,,,,,,90,mg,,,,,,,,,,,,,,,,,,,,,,,,,,,,,,,20,ug,0.1,mg,,,0.3,mg,0.03,mg,388,ug,1.5,ug,0.1,mg,,mg,0.25,ug,0.6,mg,4728.49,mg,810,mg,5.94,mg,,,1336.4,mg,218.46,mg,13511,mg,4853.88,mg,,,34.11,mg
714,Queso serrat,"Cheese, ""serrat"" type",,A0311 A0452 A0626 A0720 A0724 A0776 B1183 C0245 E0146 F0018 G0003 H0107 H0291 H0298 J0003 K0003 M0001 N0001 P0024 R0212 R0497 Z0112,,,,,,,,"Se produce en todo el Pirineo catalán, salvo en el Valle de Arán. Queso madurado, de semicurado a curado, que se elabora con leche de oveja. De coagulación enzimática y de pasta prensada, no cocida o semicocida. Graso. Su forma es cilíndrica, con bordes redondeados. Las caras aparecen grabadas con dibujos y símbolos decorativos. La corteza es lisa y serosa, de color amarillo pálido. El interior es cerrado (Serrat), sin ojos, con algún diminuto orificio. El color es blanco hueso. La pasta puede ser friable en los de larga curación. Ofrece un sabor intenso, ligeramente láctico. mantecoso al paladar y con un posgusto pronunciado, típico del queso de oveja. Peso entre uno y dos kilos.",,./foodimages/queso%20serrat.jpg,1.000000,BEDCA,0,g,1711.52,kJ,35.63,g,23.13,g,35.74,g,,g,0,g,,,,,,,90,mg,,,,,,,,,,,,,,,,,,,,,,,,,,,,,,,20.65,ug,5.1,mg,,,0.3,mg,0.04,mg,374,ug,1.5,ug,0.1,mg,0,mg,0.25,ug,0.62,mg,8293.37,mg,560,mg,1.71,mg,,,1205.97,mg,306.47,mg,3982.94,mg,5349.12,mg,,,32.73,mg
715,Queso Castellano,"Cheese, ""castellano"" type",,A0312 A0452 A0626 A0720 A0724 A0776 B1183 C0245 E0146 F0018 G0003 H0107 H0291 H0298 J0003 K0003 M0001 N0001 P0024 R0212 R0497 Z0112 Z0147,,,,,,,,,,,0.700000,BEDCA,0,g,1913.43,kJ,39.75,g,26.04,g,27.68,g,,g,0,g,0,g,,,,g,100,mg,,,,,,,,,,,,,,,,,,,,,9.59,g,1.08,g,26.45,g,,,,,20,ug,0.1,mg,,,0.3,mg,0.03,mg,436.667,ug,1.5,ug,0.1,mg,,mg,0.25,ug,0.6,mg,8384.69,mg,820,mg,5.95,mg,,,1055.34,mg,455.7,mg,7932.78,mg,5856.26,mg,,,27.03,mg
716,Queso de arzúa,"Cheese, ""arzúa"" type",,A0313 A0452 A0626 A0720 A0724 A0776 B1201 C0245 E0146 F0018 G0003 H0107 H0289 H0298 J0131 K0003 M0001 N0001 P0024 R0212 R0497 Z0112,A02SZ,14,A02LR,Milk and dairy products,44,A02QE,Cheese,,,,1.000000,BEDCA,0,g,1654.07,kJ,34.5,g,22.21,g,39.43,g,2,g,0,g,0,g,,,,g,90,mg,0.849,g,2.998,g,7.971,g,3.434,g,5.677,g,0.439,g,0.16,g,0.02,g,0.009,g,,,8.46,g,1.01,g,17.98,g,1.77,g,,,20,ug,0.1,mg,,,0.3,mg,0.03,mg,340,ug,1.5,ug,0.1,mg,,mg,0.25,ug,0.6,mg,7638.45,mg,610,mg,2.68,mg,2,ug,924.6,mg,274.44,mg,4202.22,mg,4776.55,mg,1.6,ug,33.47,mg
717,Queso Ibores,"Cheese, ""ibores"" type",,A0311 A0452 A0626 A0720 A0724 A0776 B1328 C0245 E0146 F0018 G0003 H0107 H0291 H0298 J0003 K0003 M0001 N0001 P0024 R0212 R0497 Z0112,,,,,,,,,,,0.750000,BEDCA,0,g,1676.62,kJ,34.31,g,23.95,g,35.48,g,,g,0,g,0,g,,,,g,90,mg,,,,,,,,,,,,,,,,,,,,,8.72,g,0.92,g,25.31,g,,,,,20,ug,0.1,mg,,,0.3,mg,0.03,mg,388.333,ug,1.5,ug,0.1,mg,,mg,0.25,ug,0.62,mg,8974.11,mg,1390,mg,9.46,mg,,,1103.47,mg,463.72,mg,7515.3,mg,5808.35,mg,,,34.9,mg
718,Queso Mahón,"Cheese, ""mahón"" type",,A0312 A0452 A0626 A0720 A0724 A0776 B1201 C0245 E0146 F0003 G0003 H0107 H0291 H0298 J0003 K0003 M0001 N0001 P0024 R0212 R0497 Z0112,,,,,,,,,,,0.190000,BEDCA,0,g,1692.77,kJ,34.31,g,24.9,g,35.29,g,,g,0,g,0,g,,,,g,90,mg,,,,,,,,,,,,,,,,,,,,,10.3,g,1.5,g,20.02,g,,,,,20,ug,0.1,mg,,,0.3,mg,0.03,mg,388.333,ug,1.5,ug,0.1,mg,,mg,0.25,ug,0.62,mg,7147.74,mg,620,mg,4.16,mg,,,1254.51,mg,304.53,mg,8760.1,mg,5034.58,mg,,,30.89,mg
719,Queso Zamorano,"Cheese, ""zamorano"" type",,A0312 A0452 A0626 A0720 A0724 A0776 B1183 C0245 E0146 F0003 G0003 H0107 H0293 H0298 J0003 K0003 M0001 N0001 P0024 R0212 R0497 Z0112,,,,,,,,,,,0.360000,BEDCA,0,g,2016.29,kJ,42.19,g,26.78,g,24.8,g,,g,0,g,0,g,,,,g,90,mg,,,,,,,,,,,,,,,,,,,,,9,g,0.54,g,25.85,g,,,,,20,ug,0.1,mg,,,0.3,mg,0.03,mg,388.333,ug,1.5,ug,0.1,mg,,mg,0.25,ug,0.62,mg,9995.22,mg,1320,mg,10.64,mg,,,1158.28,mg,492.27,mg,8683.98,mg,6403.55,mg,,,33.88,mg
720,Queso torta del casar,"Cheese, ""torta del casar"" type",,A0313 A0452 A0626 A0720 A0724 A0776 A0786 B1183 C0245 E0146 F0018 G0003 H0107 H0291 H0298 J0003 K0003 M0001 N0001 P0024 R0212 R0497 Z0073 Z0112,,,,,,,,,,./foodimages/tortacasar1ml0.jpg,0.650000,BEDCA,0,g,1508.31,kJ,32.38,g,18.25,g,46.64,g,,g,0,g,0,g,,,,g,90,mg,,,,,,,,,,,,,,,,,,,,,7.53,g,1.5,g,21.8,g,,,,,50,ug,0.1,mg,,,0.3,mg,0.03,mg,340,ug,1.5,ug,0.1,mg,,mg,0.25,ug,0.62,mg,5255.92,mg,820,mg,5.28,mg,2,ug,1122.19,mg,331.35,mg,5381.88,mg,3885.58,mg,1.6,ug,19.71,mg
721,Queso San Simón,"Cheese, ""san simón"" type",,A0312 A0313 A0452 A0626 A0720 A0724 A0776 B1201 C0245 E0146 F0003 G0003 H0107 H0291 H0298 J0106 K0003 M0001 N0001 P0024 R0212 R0497 Z0112,,,,,,,,,,,0.480000,BEDCA,0,g,1846.11,kJ,37.88,g,26.15,g,30.13,g,,g,0,g,0,g,,,,g,90,mg,0.849,g,2.998,g,7.971,g,3.434,g,5.677,g,0.439,g,0.16,g,0.02,g,0.009,g,,,9.63,g,1.22,g,20.58,g,1.77,g,,,20,ug,0.1,mg,,,0.3,mg,0.03,mg,340,ug,1.5,ug,0.1,mg,,mg,0.25,ug,0.62,mg,9546.93,mg,1020,mg,2.98,mg,2,ug,1232.9,mg,355.82,mg,5520.04,mg,5942.52,mg,1.6,ug,33.44,mg
722,Queso majorero,"Cheese, ""majorero"" type",,A0312 A0452 A0626 A0720 A0724 A0776 B1328 C0245 E0146 F0003 G0003 H0107 H0289 H0298 J0003 K0003 M0001 N0001 P0024 R0212 R0497 Z0112,,,,,,,,,,./foodimages/ost11j_11.jpg,0.600000,BEDCA,0,g,1499.97,kJ,28.75,g,25.66,g,38.4,g,,g,0,g,0,g,,,,g,80,mg,,,,,,,,,,,,,,,,,,,,,5.24,g,0.82,g,16.94,g,,,,,50,ug,0.1,mg,,,0.3,mg,0.03,mg,290.833,ug,1.5,ug,0.1,mg,,mg,0.25,ug,0.62,mg,7795.27,mg,1320,mg,3.54,mg,,,1141.98,mg,441.66,mg,8001.86,mg,5745.52,mg,,,30.45,mg
723,Queso Raclette,Raclette cheese,,A0312 A0313 A0452 A0626 A0720 A0724 A0776 B1201 C0245 E0105 F0018 G0003 H0107 H0253 H0298 J0131 K0003 M0001 N0001 P0024 R0212 R0497 Z0112 Z0147,A02XF,14,A02LR,Milk and dairy products,44,A02QE,Cheese,,,,0.600000,BEDCA,0,g,1484.51,kJ,28.3598,g,25.6,g,42.9,g,,g,0,g,0,g,,,,g,90,mg,,,,,,,,,,,,,,,,,,,,,7.9,g,1.5,g,17.4,g,,,,,51,ug,0.1,mg,,,0.2,mg,0.02,mg,216.667,ug,1.5,ug,0.07,mg,0,mg,0.2,ug,0.5,mg,550,mg,,,0.2,mg,,,112,mg,14,mg,760,mg,450,mg,,,2.3,mg
730,"Berenjena, frita, en aceite de girasol","Aubergine, fried, in sunflowerseed oil",,A0152 A0455 A0629 A0677 A0705 A0731 A0828 B1458 C0138 E0141 F0023 G0029 H0319 H0347 H0367 J0003 K0003 N0001 P0024 R0212 R0497 Z0110 Z0205,,,,,,,,,,,1.000000,BEDCA,0,g,1246.84,kJ,31.9038,g,1.2,g,59.5,g,2.70609,g,2.9,g,0.181818,g,,,2.52427,g,0,mg,,,,,,,,,,,,,,,,,,,,,7.2,g,19.6,g,3.7,g,,,,,5,ug,,mg,,,,mg,0,mg,20.8333,ug,0,ug,0.07,mg,1,mg,0,ug,5.5,mg,8,mg,,,0.5,mg,4.4,ug,170,mg,8,mg,2,mg,25,mg,0.3,ug,0.1,mg
731,"Boniato, crudo","Sweet potato, raw",,A0152 A0455 A0629 A0681 A0706 A0731 A0829 B1106 C0239 E0150 F0003 G0003 H0001 J0001 K0001 M0001 N0001 P0024 R0212 R0497 Z0205 Z0215,,,,,,,,,,./foodimages/batata.jpg,0.790000,BEDCA,0,g,422.5,kJ,0.3,g,1.2,g,71.5,g,23,g,2.9,g,12.3,g,,,10.7,g,0,mg,,,,,,,,,,,,,,,,,,,,,,g,0.13,g,,g,,,,,52,ug,0.8,mg,0.19,mg,0.06,mg,0.1,mg,666.667,ug,0,ug,0.13,mg,25,mg,0,ug,4,mg,22,mg,0.14,mg,0.7,mg,0,ug,300,mg,13,mg,19,mg,44,mg,1,ug,0.3,mg
732,"Berro, crudo","Watercress, raw",,A0152 A0455 A0629 A0650 A0705 A0731 A0826 B1492 C0200 E0150 F0003 G0003 H0001 J0001 K0001 M0001 N0001 P0024 R0212 R0497 Z0205 Z0215,,,,,,,,,,./foodimages/watercress1_15.jpg,0.670000,BEDCA,0,g,49.9,kJ,0.2,g,2.2,g,93.5,g,0.3,g,2.6,g,,g,,,0.3,g,0,mg,,,,,,,,,,,,,,,,,,,,,,g,0.08,g,,g,,,,,127.9,ug,0.8,mg,0.1,mg,0.12,mg,0.1,mg,483.33,ug,0,ug,0.13,mg,60,mg,0,ug,1.2,mg,157,mg,0.01,mg,1.3,mg,0,ug,304,mg,20,mg,60,mg,53,mg,0.9,ug,0.2,mg
733,"Achicoria, cruda","Chicory, raw",,A0152 A0455 A0629 A0678 A0705 A0731 A0826 B1552 C0200 E0150 F0003 G0003 H0003 J0001 K0001 M0001 N0001 P0024 R0212 R0497 Z0112 Z0205,,,,,,,,,,./foodimages/achicoria1.jpg,1.000000,BEDCA,0,g,78.3,kJ,0.6,g,0.5,g,95.2,g,2.8,g,0.9,g,,,,,,,0,mg,,,,,,,,,,,,,,,,,,,,,,g,0.3,g,0.2,g,,,,,14,ug,0.3,mg,,,0.09,mg,0.14,mg,266.7,ug,0,ug,0.01,mg,5,mg,0,ug,0.1,mg,21,mg,0.05,mg,0.4,mg,0.4,ug,170,mg,6,mg,1,mg,27,mg,1,ug,0.2,mg
735,"Anguila, al horno","European eel, baked","Anguilla anguilla, l.",A0267 A0460 A0634 A0717 A0727 A0747 A0804 B2706 C0173 E0150 F0014 G0005 H0151 H0341 H0349 H0367 J0003 K0003 M0182 N0042 P0024 R0212 R0497 Z0062 Z0109,,,,,,,,,,./foodimages/03_european_eel.jpg,0.750000,BEDCA,0,g,929.121,kJ,14.2222,g,23.7,g,59.3,g,0,g,0,g,0,g,,,0,g,160,mg,,,,,,,,,,,,,,,,,,,,,7.1,g,2.1,g,3.6,g,,,,,3,ug,4.5,mg,,,0.3,mg,0.18,mg,980,ug,1,ug,0.08,mg,0,mg,5,ug,5.6,mg,25,mg,,,0.6,mg,25,ug,340,mg,20,mg,65,mg,270,mg,8.3,ug,3,mg
736,"Anguila, cruda","European eel, raw","Anguilla anguilla, l.",A0267 A0460 A0634 A0717 A0727 A0747 A0801 B2706 C0173 E0150 F0003 G0003 H0001 J0003 K0003 M0001 N0001 P0024 R0212 R0497 Z0062 Z0215,,,,,,,,,,./foodimages/03_european_eel.jpg,0.770000,BEDCA,0,g,913.915,kJ,15.525,g,19.97,g,61.9667,g,0,g,0,g,0,g,,,,,150,mg,,,,,,,,,,,,,,,,,,,,,7.03096,g,2.5898,g,3.99683,g,,,,,2.9,ug,1.4,mg,0.24,mg,0.35,mg,0.2,mg,1200,ug,1,ug,0.25,mg,,mg,4.9,ug,4.14,mg,19,mg,0.02,mg,1.2,mg,25,ug,270,mg,19,mg,89,mg,310,mg,6.5,ug,2.5,mg
737,"Anguila, hervida","Europan eel, boiled",,A0267 A0460 A0634 A0717 A0727 A0747 A0801 B2706 C0173 E0150 F0014 G0014 H0148 H0151 H0341 H0349 H0367 J0003 K0003 M0182 N0042 P0024 R0212 R0497 Z0062 Z0109,,,,,,,,,,,0.800000,BEDCA,0,g,821.279,kJ,12.7778,g,20.5,g,62,g,0,g,0,g,0,g,,,0,g,140,mg,,,,,,,,,,,,,,,,,,,,,6.4,g,1.8,g,3.3,g,,,,,4,ug,2.5,mg,,,0.34,mg,0.13,mg,1000,ug,1,ug,0.25,mg,0,mg,5,ug,4.14,mg,20,mg,,,0.8,mg,25,ug,200,mg,20,mg,80,mg,230,mg,8.3,ug,2.5,mg
739,"Apio, en conserva en salmuera","Celery, canned, in brine",,A0271 A0455 A0629 A0682 A0705 A0731 A0826 B1282 C0101 E0151 F0014 G0003 H0148 H0190 J0123 J0137 K0018 M0001 N0001 P0024 R0212 R0497 Z0112 Z0205,,,,,,,,,,,1.000000,BEDCA,0,g,35.7,kJ,,g,0.8,g,94.5,g,1.3,g,2.3,g,,g,,,1.3,g,0,mg,,,,,,,,,,,,,,,,,,,,,,g,,g,,g,,,,,22,ug,0.3,mg,,,0.04,mg,0.04,mg,9.33333,ug,0,ug,0.07,mg,6,mg,0,ug,0.19,mg,36,mg,,,0.4,mg,1.1,ug,283,mg,10,mg,343,mg,25,mg,0.046,ug,0.1,mg
740,"Arenque, ahumado","Herring, smoked",,A0267 A0460 A0634 A0664 A0717 A0727 A0802 B1586 C0268 E0122 F0001 G0003 H0118 H0227 H0367 J0106 K0027 M0190 M0199 N0036 N0042 P0024 R0212 R0495 Z0062 Z0112,,,,,,,,,,,0.610000,BEDCA,0,g,1057,kJ,13.9,g,23,g,59,g,0,g,0,g,,,,,,,50,mg,0.031,g,1.061,g,1.725,g,0.316,g,1.743,g,0.356,g,1.047,g,0.088,g,1.2,g,1.806,g,4.32,g,5.67,g,3.48,g,,,,,10,ug,2.5,mg,,,0.4,mg,0.08,mg,13,ug,5,ug,0.45,mg,0,mg,23.5,ug,1,mg,60,mg,,,1.8,mg,0.1,ug,520,mg,50,mg,550,mg,428,mg,52.6,ug,0.5,mg
741,"Arenque, salado","Herring, salted",,A0267 A0460 A0634 A0664 A0717 A0727 A0802 B1586 C0268 E0122 F0001 G0003 H0173 H0227 J0103 K0027 M0190 M0199 N0036 N0042 P0024 R0212 R0495 Z0062 Z0112,,,,,,,,,,,0.590000,BEDCA,0,g,1251,kJ,26,g,17,g,57,g,0,g,0,g,,,,,,,13,mg,,,,,,,,,,,,,,,,,,,,,7.6,g,11.6,g,6.4,g,,,,,8,ug,4,mg,,,0.22,mg,0.03,mg,50,ug,3,ug,1.3,mg,2.7,mg,40,ug,1.71,mg,20,mg,,,1,mg,18,ug,75,mg,36,mg,2610,mg,220,mg,22,ug,0.5,mg
742,"Atún, al horno","Tuna, baked",,A0267 A0460 A0634 A0664 A0717 A0727 A0804 B1269 C0265 E0122 F0014 G0005 H0151 H0341 H0367 J0003 K0003 M0182 N0042 P0024 R0212 R0495 Z0058 Z0109,,,,,,,,,,,0.540000,BEDCA,0,g,791.689,kJ,7.88889,g,29.4,g,61,g,0,g,0,g,0,g,,,0,g,48,mg,,,,,,,,,,,,,,,,,,,,,2,g,2.8,g,2.3,g,,,,,16,ug,10.5,mg,,,0.15,mg,0.2,mg,34,ug,8,ug,0.53,mg,,mg,5.8,ug,1,mg,35,mg,,,1.2,mg,30,ug,310,mg,20,mg,47,mg,200,mg,36,ug,0.9,mg
745,"Bacalao, ahumado","Cod, smoked",,A0267 A0460 A0634 A0664 A0717 A0727 A0802 B1842 C0268 E0145 F0014 G0004 H0172 H0227 H0367 J0106 K0027 M0190 M0199 N0036 N0042 P0024 R0212 R0497 Z0056 Z0112,,,,,,,,,,,0.990000,BEDCA,0,g,331.45,kJ,0.55,g,18.3,g,81.2,g,0,g,0,g,,,,,,,56,mg,,,,,,,,,,,,,,,,,,,,,0.2,g,0.2,g,0.1,g,,,,,5,ug,2,mg,,,0.05,mg,0.04,mg,2,ug,1,ug,0.17,mg,3.5,mg,4,ug,0.44,mg,9,mg,,,0.1,mg,11,ug,390,mg,25,mg,1170,mg,190,mg,147.8,ug,0.4,mg
746,Aceite de algodón,Cotton oil,,A0453 A0700 A0728 A0764 A0806 B1210 C0190 E0139 F0001 G0003 H0197 H0206 J0001 K0003 M0001 N0001 P0024 R0001 Z0112 Z0205,,,,,,,,,,./foodimages/CottonseedOilP.jpg,1.000000,BEDCA,0,g,3700,kJ,100,g,0,g,0,g,0,g,0,g,,,,,,,0,mg,,,1,g,25,g,3.3,g,18,g,49.5,g,0.35,g,,,,,,,17.8,g,51.9,g,25.9,g,,,,,0,ug,0,mg,0,mg,0,mg,0,mg,0,ug,0,ug,0,mg,0,mg,0,ug,38.26,mg,0,mg,0,mg,0,mg,0,ug,0,mg,0,mg,0,mg,0,mg,0,ug,0,mg
747,Aceite de cacahuete,Peanut oil,,A0129 A0453 A0627 A0700 A0728 A0764 A0806 B1337 C0190 E0139 F0001 G0003 H0197 H0206 J0003 K0003 M0194 N0001 P0024 R0001 Z0112 Z0205,,,,,,,,,,,1.000000,BEDCA,0,g,3696.3,kJ,99.9,g,0,g,0.1,g,0,g,0,g,,,,,,,0,mg,,,0.04,g,11.82,g,3.38,g,39.97,g,37.75,g,0.1,g,,,,,,,47.8,g,28.5,g,18.8,g,,,,,,ug,,mg,,,,mg,,mg,,ug,0,ug,,mg,0,mg,0,ug,17.2,mg,0,mg,,mg,,mg,0,ug,0,mg,0,mg,0,mg,0,mg,,ug,0,mg
748,Aceite de coco,Coconut oil,,A0129 A0453 A0627 A0700 A0728 A0764 A0806 B1536 C0190 E0119 F0014 G0003 H0197 H0206 J0003 K0003 M0001 N0001 P0024 R0001 Z0112 Z0205,,,,,,,,,,./foodimages/20070704144703.jpg,1.000000,BEDCA,0,g,3700,kJ,100,g,0,g,0,g,0,g,0,g,,,,,,,0,mg,47.64,g,18.29,g,8.49,g,3.2,g,4.96,g,0.7,g,0,g,,,,,,,4.96,g,0.77,g,84.31,g,,,,,0,ug,0,mg,0,mg,0,mg,0,mg,0,ug,0,ug,0,mg,0,mg,0,ug,0.28,mg,0,mg,0,mg,0.4,mg,0,ug,0,mg,0,mg,0,mg,0,mg,0,ug,0,mg
749,Aceite de germen de trigo,Wheat germ oil,,A0129 A0453 A0627 A0700 A0728 A0764 A0806 B1312 C0190 E0139 F0014 G0003 H0197 H0206 J0003 K0003 M0001 N0001 P0024 R0212 Z0112 Z0205,,,,,,,,,,./foodimages/wheat-germ-oil.gif,1.000000,BEDCA,0,g,3696.3,kJ,99.9,g,0,g,0.1,g,0,g,0,g,,,,,,,0,mg,,,,,,,,,,,,,,,,,,,,,15.1,g,61.7,g,18.8,g,,,,ug,,ug,,mg,,mg,,mg,,mg,0,ug,0,ug,,mg,0,mg,0,ug,215.4,mg,0,mg,,mg,0,mg,0,ug,,mg,,mg,,mg,,mg,,ug,,mg
750,Aceite de nuez,Walnut oil,,A0129 A0453 A0627 A0700 A0728 A0764 A0806 B1290 C0190 E0139 F0014 G0003 H0197 H0206 J0003 K0003 M0001 N0001 P0024 R0001 Z0112 Z0205,,,,,,,,,,,1.000000,BEDCA,0,g,3692.26,kJ,99.7908,g,,g,,g,0,g,0,g,0,g,,,0,g,,mg,,,0,g,7.19,g,2.63,g,15.71,g,61.84,g,,,,,,,,,17.1,g,69,g,9.3,g,,,,,,ug,,mg,,,,mg,,mg,,ug,0,ug,,mg,0,mg,0,ug,10.8,mg,,mg,,,,mg,0,ug,,mg,,mg,,mg,,mg,0,ug,0,mg
751,Aceite de palma,Palm oil,,A0129 A0453 A0627 A0700 A0728 A0764 A0806 B1286 C0190 E0119 F0014 G0003 H0197 H0206 J0003 K0003 M0001 N0001 P0024 R0001 Z0112 Z0205,A037N,3,M,Animal and vegetable fats and oils,7,A036N,"Vegetable fats and oils, edible",,,./foodimages/palm_oil.107101559_std.jpg,1.000000,BEDCA,0,g,3700,kJ,100,g,0,g,0,g,0,g,0,g,,,,,,,0,mg,0.16,g,1.43,g,43.04,g,4.38,g,38.41,g,10.02,g,1.95,g,,,,,,,41.15,g,10.35,g,49.44,g,,,,,0,ug,0,mg,0,mg,0,mg,0,mg,0,ug,0,ug,0,mg,0,mg,0,ug,21.76,mg,0,mg,0,mg,0.01,mg,0,ug,0,mg,0,mg,0,mg,0,mg,0,ug,0,mg
752,Aceite de sésamo,Sesame oil,,A0129 A0453 A0627 A0700 A0728 A0764 A0806 B1226 C0190 E0139 F0001 G0003 H0197 H0206 J0001 K0003 M0001 N0001 P0024 R0001 Z0112 Z0205,A037C,3,A036M,Animal and vegetable fats and oils,7,A036N,"Vegetable fats and oils, edible",,,./foodimages/usingrdnt.gif,1.000000,BEDCA,0,g,3700,kJ,100,g,0,g,0,g,0,g,0,g,,,,,,,0,mg,,,0,g,9.42,g,6.05,g,41.15,g,42.13,g,0.44,g,,,,,,,39.7,g,41.7,g,14.2,g,,,,,0,ug,0,mg,0,mg,0,mg,0,mg,0,ug,0,ug,0,mg,0,mg,0,ug,4.09,mg,0,mg,0,mg,0,mg,0,ug,0,mg,0,mg,0,mg,0,mg,0,ug,0,mg
753,Aceite de colza,Rape oil,,A0129 A0453 A0627 A0700 A0728 A0764 A0806 B1248 C0190 E0139 F0014 G0003 H0197 H0206 J0001 K0003 M0001 N0001 P0024 R0212 Z0112 Z0205,,,,,,,,,,,1.000000,BEDCA,0,g,3700,kJ,100,g,0,g,0,g,0,g,0,g,,,,,,,0,mg,,,0.04,g,4.01,g,1.62,g,60.62,g,19.24,g,10,g,,,,,,,65.3,g,28.01,g,6.29,g,,,,,,ug,0,mg,0,mg,0,mg,,mg,0,ug,0,ug,,mg,0,mg,0,ug,20.95,mg,0,mg,0,mg,0,mg,,,0,mg,0,mg,0,mg,0,mg,0,ug,0,mg
754,Aceite de grano de uva,Grape seed oil,,A0129 A0453 A0627 A0700 A0728 A0764 A0806 B1329 C0190 E0139 F0001 G0003 H0197 H0206 J0003 K0003 M0001 N0001 P0024 R0001 Z0112 Z0205,,,,,,,,,,,1.000000,BEDCA,0,g,3696.3,kJ,99.9,g,0,g,0.1,g,0,g,0,g,,,,,,,,mg,,,0.04,g,6.58,g,3.84,g,19.11,g,69.65,g,0.23,g,,,,,,,15.6,g,67.7,g,12.2,g,,,,,,ug,0,mg,,,0,mg,,mg,,ug,0,ug,,mg,0,mg,0,ug,32,mg,,mg,,,,mg,0,ug,,mg,,mg,,mg,,mg,,,0,mg
755,Aceite de hígado de bacalao,Cod liver oil,,A0129 A0453 A0627 A0700 A0728 A0764 A0811 B1842 C0190 E0139 F0018 G0003 H0206 J0003 K0003 M0194 N0001 P0024 R0001 Z0112 Z0205,A038Q,3,A036M,Animal and vegetable fats and oils,6,,"A037T ;Animal fats and oils, processed",,,,1.000000,BEDCA,0,g,3696.3,kJ,99.9,g,0,g,0.1,g,0,g,0,g,,,,,,,650,mg,,,,,,,,,,,,,,,,,,,,,44.6,g,30.5,g,21.1,g,,,0,ug,,ug,0,mg,,mg,0,mg,,mg,20000,ug,0,ug,,mg,0,mg,210,ug,20,mg,,mg,,mg,,mg,,ug,,mg,,mg,,mg,,mg,,ug,,mg
756,Mantequilla salada,Butter with salt,,A0148 A0702 A0724 A0776 A0778 B1201 C0179 E0119 F0018 G0003 H0173 J0135 K0003 M0001 N0001 P0024 R0212 R0497 Z0112,,,,,,,,,,./foodimages/DESPENSA-07-QUESOS-11.jpg,1.000000,BEDCA,0,g,3054.4,kJ,82,g,0.7,g,16.9,g,0.5,g,0,g,,,,,,,178,mg,2.59,g,8.74,g,24.04,g,7.09,g,15.35,g,1.29,g,0.36,g,0.02,g,0.03,g,0.008,g,21.64,g,3.28,g,55.13,g,,,,,0,ug,0,mg,0.05,mg,0.02,mg,,mg,783,ug,0,ug,0.01,mg,0,mg,0.76,ug,2,mg,15,mg,,,0.2,mg,4,ug,15,mg,2,mg,870,mg,24,mg,0.5,ug,0.1,mg
757,"Huevo de codorniz, entero, crudo","Egg, quail, whole, raw",,A0261 A0461 A0635 A0718 A0725 A0744 A0790 B1346 C0225 E0150 F0003 G0003 H0003 J0001 K0003 M0001 N0001 P0024 R0212 R0497 Z0112,,,,,,,,,,./foodimages/hc.jpg,0.900000,BEDCA,0,g,640.2,kJ,11.1,g,13.1,g,75.4,g,0.4,g,0,g,,,,,,,844,mg,,,,,,,,,,,,,,,,,,,,,4.3,g,1.3,g,3.6,g,,,,,66,ug,0.15,mg,1.76,mg,0.79,mg,0.13,mg,156,ug,1.58,ug,0.15,mg,0,mg,1.4,ug,0.74,mg,64,mg,0.062,mg,3.65,mg,44,ug,132,mg,13,mg,141,mg,226,mg,32,ug,1.47,mg
758,"Huevo de gallina, escalfado","Egg, chicken, whole, poached",,A0261 A0461 A0635 A0718 A0725 A0744 A0792 B1713 C0225 E0147 F0014 G0020 H0003 J0001 K0003 M0001 N0001 P0024 R0212 R0497 Z0112,,,,,,,,,,,1.000000,BEDCA,0,g,611.589,kJ,10.6024,g,12.6,g,75.6,g,0.3,g,0,g,0,g,,,0.3,g,380,mg,,,,,,,,,,,,,,,,,,,,,4.3,g,1.3,g,3.2,g,,,,,60,ug,0.07,mg,1.4,mg,0.31,mg,0.07,mg,206.667,ug,1.1,ug,0.12,mg,0,mg,1.7,ug,1.2,mg,55,mg,,,1.8,mg,44,ug,130,mg,11,mg,210,mg,190,mg,24.9,ug,1.3,mg
759,"Huevo de gallina, frito","Egg, chicken, whole, fried",,A0261 A0461 A0635 A0718 A0725 A0744 A0792 B1713 C0225 E0140 F0014 G0029 H0001 J0001 K0003 M0001 N0001 P0024 R0212 R0497 Z0112,,,,,,,,,,,1.000000,BEDCA,0,g,772.297,kJ,14.5783,g,13.4,g,70.3,g,0.3,g,0,g,0,g,,,0.3,g,400,mg,,,,,,,,,,,,,,,,,,,,,5.8,g,2,g,4.3,g,,,,,42,ug,0.08,mg,1.4,mg,0.41,mg,0.07,mg,226.667,ug,1.2,ug,0.14,mg,0,mg,1.9,ug,1.2,mg,58,mg,,,1.9,mg,63.4,ug,136,mg,12,mg,277,mg,204,mg,25.5,ug,1.3,mg
760,"Huevo de gallina, pasado por agua","Egg, chicken, whole, boiled",,A0261 A0461 A0635 A0718 A0725 A0744 A0792 B1713 C0225 E0139 F0014 G0014 H0003 J0131 K0003 M0001 N0001 P0024 R0212 R0497 Z0112,,,,,,,,,,,1.000000,BEDCA,0,g,600.976,kJ,10.3615,g,12.5,g,76.7,g,0.3,g,0,g,,,,,0.3,g,380,mg,,,,,,,,,,,,,,,,,,,,,4.2,g,1.3,g,3.1,g,,,,,88,ug,0.07,mg,,,0.46,mg,0.08,mg,206.667,ug,1.6,ug,0.12,mg,0,mg,1.7,ug,1.2,mg,55,mg,,,1.8,mg,44,ug,125,mg,11,mg,133,mg,188,mg,24.9,ug,1.3,mg
761,"Huevo de gallina, revuelto, con mantequilla","Egg, scrambled, with butter",,A0261 A0461 A0635 A0718 A0725 A0744 A0792 B1713 C0194 E0134 F0014 G0026 H0271 J0001 K0003 M0001 N0001 P0024 R0212 R0497 Z0112,,,,,,,,,,,1.000000,BEDCA,0,g,953.747,kJ,20.7229,g,10.2,g,68.4,g,0.8,g,0,g,0,g,,,0.8,g,330,mg,,,,,,,,,,,,,,,,,,,,,6.1,g,1.2,g,9.9,g,,,,,30,ug,0.08,mg,1,mg,0.44,mg,0.07,mg,283.333,ug,1.7,ug,0.12,mg,0,mg,1.7,ug,1.1,mg,61,mg,,,2,mg,51.1,ug,138,mg,13,mg,224,mg,197,mg,16.2,ug,1.3,mg
762,"Huevo de gallina, yema, desecada","Egg, chicken, yolk, dried",,A0261 A0461 A0635 A0718 A0725 A0744 A0790 B1713 C0215 E0117 F0018 G0003 H0138 J0116 K0003 M0001 N0001 P0024 R0212 R0497 Z0112,,,,,,,,,,./foodimages/huevo.gifa,1.000000,BEDCA,0,g,2768.7,kJ,59.3,g,31.7,g,3,g,2.1,g,0,g,,,,,,,2430,mg,,,,,,,,,,,,,,,,,,,,,22.3,g,7.4,g,18,g,,,110,ug,210,ug,8.77,mg,7.76,mg,0.66,mg,0.5,mg,1060,ug,7.08,ug,0.84,mg,0,mg,11.4,ug,3.9,mg,282,mg,0.01,mg,13.8,mg,84.3,ug,168,mg,28,mg,135,mg,1112,mg,86.6,ug,6.15,mg
763,"Huevo de pavo, entero, crudo","Egg, turkey, whole, raw",,A0261 A0461 A0635 A0718 A0725 A0744 A0791 B1236 C0225 E0150 F0003 G0003 H0003 J0001 K0003 M0001 N0001 P0024 R0212 R0497 Z0112,,,,,,,,,,./foodimages/1065796278_4.jpg,0.890000,BEDCA,0,g,682.5,kJ,11.9,g,13.7,g,72.5,g,1.2,g,0,g,,,,,,,933,mg,,,,,,,,,,,,,,,,,,,,,4.6,g,1.7,g,3.6,g,,,,,71,ug,4.05,mg,1.89,mg,0.47,mg,0.11,mg,166,ug,1.69,ug,0.13,mg,0,mg,,,,,99,mg,0.06,mg,4.1,mg,,,142,mg,13,mg,151,mg,170,mg,34.3,ug,1.58,mg
764,"Huevo de pato, crudo","Egg, duck, whole, raw",,A0261 A0461 A0635 A0718 A0725 A0744 A0791 B1316 C0225 E0150 F0003 G0003 H0003 J0001 K0003 M0001 N0001 P0024 R0212 R0497 Z0112,,,,,,,,,,,1.000000,BEDCA,0,g,679.7,kJ,11.8,g,14.3,g,73.9,g,,g,0,g,,,,,,,680,mg,,,,,,,,,,,,,,,,,,,,,4.9,g,2,g,2.9,g,,,,,80,ug,0.2,mg,1.86,mg,0.47,mg,0.16,mg,540,ug,5.4,ug,0.25,mg,0,mg,5,ug,0.74,mg,63,mg,0.5,mg,2.9,mg,13,ug,190,mg,16,mg,120,mg,200,mg,36.4,ug,1.4,mg
766,"Barra chocolate, tipo ""bounty""","Chocolate bar, type ""bounty""",,A0288 A0456 A0630 A0699 A0733 A0768 A0835 B1012 C0108 E0105 F0014 G0003 H0100 H0177 H0205 H0231 J0003 K0003 M0001 N0001 P0024 R0212 R0497 Z0112 Z0205,,,,,,,,,,./foodimages/chocolateburficopyrightedimage1.jpg,1.000000,BEDCA,0,g,2048.4,kJ,26.6,g,4.6,g,10.8,g,58,g,3.5,g,1.4,g,,,,,3,mg,,,,,,,,,,,0.9,g,0.07,g,,,0,g,0,g,8.7,g,1,g,16.5,g,0.1,g,,,7,ug,0.3,mg,,,0.11,mg,0.05,mg,60,ug,0.01,ug,0.05,mg,1.2,mg,0.01,ug,0.08,mg,100,mg,,,1.5,mg,21.1,ug,316,mg,44.4,mg,164,mg,140,mg,5,ug,1.7,mg
767,Barrita cereales maíz y trigo,"Cereal bar, with corn and wheat",,A0106 A0457 A0631 A0696 A0729 A0759 A0812 B1347 C0001 E0140 F0014 G0004 H0136 H0138 H0152 H0221 H0227 H0319 H0320 J0116 K0003 M0118 N0042 P0024 R0212 R0497 Z0112 Z0205,,,,,,,,,,,1.000000,BEDCA,0,g,1797.5,kJ,13.8,g,7.4,g,9.4,g,68.3,g,1.1,g,,,,,,,0,mg,,,,,,,,,,,,,,,,,,,,,,g,,g,10.1,g,,,,,15,ug,9.091,mg,,,0.773,mg,0.682,mg,0,ug,0,ug,0.909,mg,0,mg,0,ug,2.94,mg,31,mg,,,2.56,mg,3.7,ug,143,mg,46,mg,500,mg,136,mg,24.9,ug,1.78,mg
768,Barrita cereales trigo y chocolate,"Cereal bar, with wheat and chocolate",,A0106 A0457 A0631 A0696 A0729 A0759 A0812 B1347 C0001 E0140 F0014 G0004 H0136 H0138 H0152 H0221 H0227 H0231 H0319 J0116 K0003 M0118 N0042 P0024 R0212 R0497 Z0112 Z0205,,,,,,,,,,,1.000000,BEDCA,0,g,1820.9,kJ,14.8,g,8.3,g,8.9,g,66.6,g,1.4,g,,,,,,,0,mg,,,,,,,,,,,,,,,,,,,,,,g,,g,10.6,g,,,,,17,ug,2.8,mg,,,0.09,mg,0.09,mg,13.5,ug,0,ug,0.08,mg,0,mg,0,ug,0.9,mg,65.3,mg,,,2.2,mg,14.6,ug,210,mg,51.6,mg,224.6,mg,172.9,mg,6.3,ug,1.6,mg
769,"Barra de chocolate, tipo ""Mars""","Chocolate bar, type ""mars""",,A0288 A0456 A0630 A0699 A0733 A0768 A0835 B1012 C0108 E0105 F0014 G0003 H0100 H0205 H0231 J0003 K0003 M0001 N0001 P0024 R0212 R0497 Z0112 Z0205,,,,,,,,,,,1.000000,BEDCA,0,g,1899.38,kJ,18.4833,g,5.6,g,7.3,g,65.9,g,0.6,g,0.7,g,,,65.2,g,20,mg,,,,,,,,,,,,,,,,,,,,,7,g,0.67,g,10,g,,,,,9,ug,0.3,mg,,,0.2,mg,0.05,mg,6.66667,ug,0.26,ug,0.08,mg,,mg,0.1,ug,1.5,mg,145,mg,,,1.3,mg,21.1,ug,240,mg,40,mg,158,mg,150,mg,1.6,ug,1.1,mg
770,"Barra de chocolate, tipo ""Kit-kat""","Chocolate bar, type ""kit kat""",,A0288 A0456 A0630 A0699 A0733 A0768 A0835 B1012 C0108 E0105 F0014 G0003 H0152 H0221 H0231 H0355 J0003 K0003 M0001 N0001 P0024 R0212 R0497 Z0112 Z0205,,,,,,,,,,,1.000000,BEDCA,0,g,2087.15,kJ,24.477,g,6.5,g,3.5,g,63,g,1.3,g,14.3,g,,,48.7,g,17,mg,,,,,,,,,,,,,,,,,,,,,11.2,g,0.6,g,11.6,g,,,,,9,ug,0.4,mg,,,0.26,mg,0.07,mg,34.1667,ug,0.54,ug,0.06,mg,1,mg,0.08,ug,1,mg,106,mg,,,1.2,mg,21.1,ug,200,mg,52,mg,125,mg,153,mg,5,ug,1.1,mg
771,Mermelada de albaricoque,"Marmalade, apricot",,A0251 A0467 A0629 A0663 A0722 A0732 A0837 B1529 C0137 E0134 F0014 G0003 H0136 J0001 K0003 M0001 N0001 P0024 R0212 R0497 Z0112,A01NA,9,A01BS,Fruit and fruit products,21,A01ML,Processed fruit products,,,./foodimages/image2022.jpg,1.000000,BEDCA,0,g,62.9,kJ,,g,0.3,g,95.3,g,3.4,g,1,g,,,,,,,0,mg,,,,,,,,,,g,0,g,0,g,0,g,0,g,0,g,,g,,g,,g,,,,,33,ug,0.04,mg,0.02,mg,0.02,mg,0,mg,10,ug,0,ug,0.02,mg,8.8,mg,0,ug,0,mg,20,mg,0.1,mg,0.49,mg,2.3,ug,77,mg,4,mg,40,mg,11,mg,0.04,ug,0.06,mg
772,Mermelada de ciruela,"Marmalade, plum",,A0251 A0467 A0629 A0663 A0722 A0732 A0837 B1206 C0137 E0134 F0014 G0003 H0136 J0001 K0003 M0001 N0001 P0024 R0212 R0497 Z0112,A01NB,9,A01BS,Fruit and fruit products,21,A01ML,Processed fruit products,,,./foodimages/Blood%20plum%20jam%20full.jpg,1.000000,BEDCA,0,g,62.9,kJ,0,g,0.3,g,95.3,g,3.4,g,1,g,,,,,,,0,mg,,,,,,,,,,g,0,g,0,g,0,g,0,g,0,g,0,g,0,g,0,g,,,,,11,ug,1.8,mg,,,0.02,mg,0.01,mg,21,ug,0,ug,0.02,mg,20,mg,0,ug,0.1,mg,39,mg,,,1,mg,2.3,ug,344,mg,30,mg,10,mg,28,mg,2,ug,0.06,mg
773,Mermelada de grosella roja,"Marmalade, red currant",,A0251 A0467 A0629 A0663 A0722 A0732 A0837 B1055 C0137 E0134 F0014 G0003 H0136 J0001 K0003 M0001 N0001 P0024 R0212 R0497 Z0112,,,,,,,,,,./foodimages/42-15966289.jpg,1.000000,BEDCA,0,g,1006.4,kJ,,g,0.5,g,40.8,g,58.7,g,1.1,g,,,,,,,0,mg,,,,,,,,,,g,0,g,0,g,0,g,0,g,0,g,,g,,g,,g,,,,,11,ug,0.036,mg,,,0.076,mg,0.016,mg,0,ug,0,ug,0.02,mg,20.6,mg,0,ug,0.1,mg,20,mg,,,0.49,mg,2.3,ug,77,mg,4,mg,32,mg,19,mg,2,ug,0.06,mg
774,Mermelada de mora,"Marmalade, blackberry",,A0251 A0467 A0629 A0663 A0722 A0732 A0837 B1407 C0137 E0134 F0014 G0003 H0136 J0001 K0003 M0001 N0001 P0024 R0212 R0497 Z0112,A01MQ,9,A01BS,Fruit and fruit products,21,A01ML,Processed fruit products,,,./foodimages/blackberry-jam.JPG,1.000000,BEDCA,0,g,1006.4,kJ,,g,0.5,g,40.8,g,58.7,g,1.1,g,,,,,,,0,mg,,,,,,,,,,g,0,g,0,g,0,g,0,g,0,g,,g,,g,,g,,,,,11,ug,0.036,mg,,,0.076,mg,0.016,mg,0,ug,0,ug,0.02,mg,8.8,mg,0,ug,0.1,mg,20,mg,,,0.49,mg,2.3,ug,77,mg,4,mg,32,mg,14,mg,2,ug,0.06,mg
775,Mermelada de naranja,"Marmalade, orange",,A0251 A0467 A0629 A0663 A0722 A0732 A0837 B1339 C0137 E0134 F0014 G0003 H0136 J0001 K0003 M0001 N0001 P0024 R0212 R0497 Z0112,,,,,,,,,,./foodimages/2496819358_d7333d8983.jpg,1.000000,BEDCA,0,g,78.2,kJ,,g,0.3,g,95.2,g,4.3,g,0.2,g,,,,,,,0,mg,,,,,,,,,,g,0,g,0,g,0,g,0,g,0,g,,g,,g,,g,,,,,36,ug,0.05,mg,0.01,mg,0.01,mg,0.01,mg,2,ug,0,ug,0.01,mg,4.8,mg,0,ug,0,mg,38,mg,0.09,mg,0.15,mg,2.3,ug,37,mg,2,mg,56,mg,6,mg,0.2,ug,0.04,mg
776,Chocolate con leche y almendras,Chocolate with milk and almonds,,A0272 A0456 A0630 A0663 A0699 A0733 A0839 B1012 C0210 E0140 F0014 G0003 H0177 H0184 H0231 J0003 K0003 M0001 N0001 P0024 R0212 R0497 Z0112,A034Q,18,A032F,"Sugar, confectionery and water-based sweet desserts",58,A04PE,Confectionery including chocolate,,,./foodimages/22613MilkAlmondBark.jpg,1.000000,BEDCA,0,g,2287.8,kJ,35,g,8.6,g,2.7,g,49.8,g,3.9,g,,,,,,,12,mg,0.263,g,0.806,g,7.562,g,7.48,g,11.575,g,2.937,g,0.082,g,0,g,0,g,0,g,8.9,g,0.8,g,16.6,g,0.1984,g,65,ug,11.4,ug,0.8,mg,0.5,mg,0.4,mg,0.09,mg,48.7,ug,0.25,ug,0.05,mg,0.2,mg,0.1,ug,0.5,mg,209,mg,0.24,mg,1.4,mg,12,ug,441,mg,80,mg,106,mg,246,mg,1.2,ug,0.0008,mg
777,Chocolate con leche y arroz,Chocolate with milk and rice,,A0272 A0456 A0630 A0663 A0699 A0733 A0839 B1012 C0210 E0140 F0014 G0003 H0184 H0231 H0321 J0003 K0003 M0001 N0001 P0024 R0212 R0497 Z0112,,,,,,,,,,./foodimages/chocolate-puffed-rice-bars.jpg,1.000000,BEDCA,0,g,2152.9,kJ,26.3,g,6.4,g,2.7,g,63,g,1.6,g,,,,,,,11.9,mg,0.241,g,0.74,g,6.64,g,6.808,g,8.231,g,0.66,g,0.044,g,0,g,0,g,0,g,8.8,g,0.8,g,16.4,g,0.1984,g,2.6,ug,18,ug,0.7,mg,0.5,mg,0.27,mg,0.07,mg,48.4,ug,0.25,ug,0.05,mg,0.2,mg,0.1,ug,0.5,mg,169,mg,0.25,mg,0.9,mg,12,ug,322,mg,44,mg,105,mg,190,mg,1.2,ug,0.001,mg
778,Chocolate con nueces de macadamia,Chocolate with macadamian nuts,,A0272 A0456 A0630 A0663 A0699 A0733 A0839 B1012 C0210 E0140 F0014 G0003 H0177 H0231 J0003 K0003 M0001 N0001 P0024 R0212 R0497 Z0112,,,,,,,,,,./foodimages/normal_32619365766178495596.jpeg,1.000000,BEDCA,0,g,2458,kJ,41.3,g,7.1,g,2.2,g,47.6,g,1.8,g,,,,,,,15.6,mg,0.224,g,0.447,g,9.4,g,11.2,g,11.3,g,1.23,g,0.112,g,0,g,0,g,0,g,18.8,g,1.2,g,20.6,g,0,g,2.8,ug,7.1,ug,0.6,mg,0.5,mg,0.29,mg,0.1,mg,61.3,ug,0.27,ug,0.07,mg,0.2,mg,0.1,ug,0.6,mg,193,mg,0.29,mg,1.1,mg,13,ug,386,mg,61,mg,113,mg,205,mg,1,ug,0.0012,mg
779,"Tortilla, a la francesa",French ommelette,,A0284 A0461 A0635 A0718 A0725 A0744 A0792 B1713 C0225 E0140 F0014 G0026 H0263 J0001 K0003 M0001 N0001 P0024 R0212 R0497 Z0110,,,,,,,,,,,1.000000,BEDCA,0,g,709.7,kJ,12.2892,g,14.6,g,71.7,g,0.4,g,0,g,,,,,0.4,g,350,mg,,,,,,,,,,,,,,,,,,,,,5,g,1.5,g,3.7,g,,,22,ug,30,ug,0.07,mg,1.1,mg,0.35,mg,0.06,mg,231.667,ug,1.3,ug,0.1,mg,0,mg,1.6,ug,1,mg,63,mg,0.09,mg,2,mg,60.5,ug,146,mg,13,mg,245,mg,220,mg,,,1.3,mg
780,"Azúcar, moreno","Sugar, brown",,A0118 A0462 A0636 A0662 A0697 A0733 A0836 B1012 C0210 E0143 F0014 G0003 H0138 J0116 K0003 M0001 N0001 P0024 R0212 R0497 Z0112 Z0205,,,,,,,,,,,1.000000,BEDCA,0,g,1659.2,kJ,0,g,0,g,1.1,g,97.6,g,0,g,0,g,,,97.6,g,0,mg,0,g,0,g,0,g,0,g,0,g,0,g,0,g,0,g,0,g,0,g,0,g,0,g,0,g,0,g,,,,ug,,mg,,,,mg,,mg,0,ug,0,ug,0.02,mg,0,mg,0,ug,0,mg,85,mg,,,1.9,mg,0,ug,320,mg,22,mg,40,mg,24,mg,1.2,ug,0.1,mg
781,"Chocolate negro, con almendras","Chocolate, bitter, with almonds",,A0272 A0456 A0630 A0663 A0699 A0733 A0839 B1318 C0208 E0140 F0014 G0003 H0158 H0177 J0003 K0003 M0001 N0001 P0024 R0212 R0497 Z0112,,,,,,,,,,./foodimages/1198703358.JPG,1.000000,BEDCA,0,g,2228.7,kJ,37.4,g,8.2,g,3.8,g,41.5,g,9.1,g,,,,,,,9.1,mg,,,,,,,,,,,1.642,g,0.062,g,,,0,g,0,g,8.6,g,0.8,g,16.3,g,0,g,87.3,ug,13.8,ug,1.2,mg,0.3,mg,0.25,mg,0.08,mg,30.2,ug,0,ug,0.04,mg,0,mg,0,ug,0.4,mg,78,mg,0.8,mg,2.5,mg,0,ug,460,mg,139,mg,106,mg,219,mg,0.1,ug,0.001,mg
782,"Chocolate negro, con azúcar","Chocolate bitter, with sugar",,A0272 A0456 A0630 A0663 A0699 A0733 A0839 B1318 C0208 E0140 F0014 G0003 H0158 J0003 K0003 M0001 N0001 P0024 R0212 R0497 Z0112,,,,,,,,,,./foodimages/chocolate_np_070507.jpg,1.000000,BEDCA,0,g,2215,kJ,30,g,2,g,5,g,63,g,,,,,,,,,0,mg,0,g,0.03,g,8.69,g,11.35,g,11.15,g,0.96,g,0.03,g,0,g,0,g,0,g,9.3,g,0.85,g,16.8,g,0,g,,,10,ug,0.6,mg,,,0.15,mg,0.03,mg,2,ug,0,ug,0.043,mg,0,mg,0,ug,0.55,mg,63,mg,,,2.8,mg,10,ug,327,mg,103,mg,19,mg,147,mg,2.8,ug,1.5,mg
783,Crema de chocolate con avellanas,Chocolate paste with hazelnuts,,A0272 A0630 A0663 A0733 A0839 B1012 C0210 E0119 F0014 G0003 H0177 H0184 H0227 H0231 H0263 J0146 K0003 M0001 N0001 P0024 R0212 R0497 Z0112,,,,,,,,,,,1.000000,BEDCA,0,g,2265.14,kJ,33,g,5.4,g,4.5,g,56.02,g,1.1,g,1.32,g,,,54.7,g,6,mg,0.133,g,0.078,g,2.382,g,2.476,g,8.323,g,10.072,g,0.013,g,0,g,0.068,g,0,g,16.8256,g,4.60701,g,10.1154,g,4.017,g,,,22.3,ug,0.86,mg,,,0.12,mg,0.11,mg,17.65,ug,0.07,ug,0.06,mg,0.24,mg,0.05,ug,12.3,mg,74.1,mg,,,1.18,mg,3.4,ug,288.1,mg,72.2,mg,93.8,mg,152,mg,3.6,ug,1,mg
784,Crema inglesa,English custard,,A0285 A0452 A0626 A0721 A0724 A0774 A0864 B1201 C0195 E0119 F0014 G0014 H0158 H0184 H0185 H0229 J0131 K0003 M0001 N0001 P0024 R0212 R0497 Z0119,,,,,,,,,,,1.000000,BEDCA,0,g,515.059,kJ,5.92593,g,5.5,g,1.7,g,11.9,g,0,g,0,g,,,11.9,g,100,mg,,,,,,,,,,,,,,,,,,,,,2.1,g,0.4,g,3.1,g,,,,,10,ug,0.1,mg,,,0.21,mg,0.05,mg,103.333,ug,0.6,ug,0.06,mg,,mg,0.25,ug,0.28,mg,130,mg,,,0.4,mg,23.7,ug,170,mg,13,mg,78,mg,130,mg,16.6,ug,0.064,mg
785,"Turrón, tipo Alicante","Nougat, ""alicante"" type",,A0188 A0456 A0630 A0663 A0722 A0735 A0852 B1272 C0136 E0151 F0014 G0003 H0149 H0158 J0001 K0003 M0001 N0001 P0024 R0212 R0497 Z0112,,,,,,,,,,,1.000000,BEDCA,0,g,2023.74,kJ,28.07,g,13.05,g,2.15,g,44.9,g,5.9,g,0.8,g,,,44.1,g,0,mg,,,,,,,,,,,,,,,,,,,,,18.2826,g,6.22034,g,2.2917,g,,,,,29,ug,1.37,mg,,,0.33,mg,0.08,mg,0,ug,0,ug,0.16,mg,0,mg,0,ug,9.36,mg,102.459,mg,,,2.07385,mg,,,268.065,mg,118.962,mg,12.4962,mg,250,mg,2.6,ug,2.25769,mg
786,Fructosa,Fructose,,A0118 A0636 A0723 A0736 A0869 B1012 C0223 E0106 F0001 G0003 H0001 J0001 K0003 M0001 N0001 P0024 R0212 R0497 Z0112,A032T,18,A032F,"Sugar, confectionery and water-based sweet desserts",59,A04PA,Sugar and other sweetening ingredients (excluding intensive sweeteners),,,,1.000000,BEDCA,0,g,1700,kJ,0,g,0,g,,g,100,g,0,g,0,g,,,100,g,0,mg,,,,,,,,,,,,,,,,,,,,,0,g,0,g,0,g,,,,,0,ug,0,mg,,,0,mg,0,mg,0,ug,0,ug,0,mg,0,mg,0,ug,0,mg,0,mg,,,0,mg,5,ug,0,mg,0,mg,0,mg,0,mg,0.5,ug,0,mg
787,Crema pastelera,Custard,,A0285 A0452 A0626 A0721 A0724 A0774 A0864 B1201 C0195 E0119 F0014 G0014 H0146 H0158 H0184 H0185 H0229 J0131 K0003 M0001 N0001 P0024 R0212 R0497 Z0112,A02PX,14,A02LR,Milk and dairy products,45,A02PT,Dairy dessert and similar,,,,1.000000,BEDCA,0,g,660.908,kJ,5.36508,g,4.9,g,66.1,g,22.3,g,0.3,g,4.8,g,,,17.5,g,120,mg,,,,,,,,,,,,,,,,,,,,,2,g,0.47,g,2.6,g,,,,,15,ug,0.2,mg,,,0.18,mg,0.06,mg,93.3333,ug,1,ug,0.05,mg,1,mg,0.3,ug,0.3,mg,108,mg,,,0.6,mg,23.7,ug,148,mg,13,mg,72,mg,120,mg,16.6,ug,0.064,mg
788,"Chocolate, negro","Chocolate, bitter",,A0272 A0456 A0630 A0662 A0699 A0733 A0839 B1318 C0208 E0140 F0014 G0003 H0003 J0003 K0003 M0001 N0001 P0024 R0212 R0497 Z0112,,,,,,,,,,,1.000000,BEDCA,0,g,2261.9,kJ,29.2,g,4.7,g,1.3,g,64.8,g,,,,,,,,,9,mg,0.016,g,0.045,g,8.432,g,10.883,g,8.013,g,0.989,g,0.048,g,,,0.003,g,,,9.3,g,1.2,g,16.9,g,0,g,,,6,ug,0.96667,mg,,,0.136667,mg,0.0467,mg,8.66667,ug,0,ug,0.05,mg,0,mg,0,ug,0.133333,mg,37.6667,mg,,,1.5,mg,2.3,ug,359.667,mg,123.667,mg,12.3333,mg,181.333,mg,6.8,ug,2.23333,mg
789,Aperitivos de trigo,Wheat appetizer,,A0228 A0457 A0631 A0722 A0729 A0768 A0866 B1312 C0203 E0140 F0014 G0025 H0227 H0263 H0367 J0001 K0001 M0144 M0197 N0001 P0024 R0212 R0497 Z0112 Z0205,A00FG,11,A000J,Grains and grain-based products,28,A04QZ,Cereal-based snacks,,,,1.000000,BEDCA,0,g,2122.8,kJ,25.9,g,10.3,g,0,g,58.2,g,6.3,g,,,,,,,0,mg,0.084,g,0.303,g,11.99,g,1.464,g,10.793,g,7.723,g,0.54,g,0.006,g,0.006,g,0,g,11.4,g,3,g,11.4,g,0.3833,g,,,10.29,ug,3.8,mg,,,0.1,mg,0.1,mg,3.37,ug,0.24,ug,0.12,mg,0,mg,0,ug,1.74,mg,61.2,mg,,,15.3,mg,10,ug,349.5,mg,60.3,mg,1234.3,mg,199.7,mg,17.1,ug,1.9,mg
790,Alioli,"Garlic mayonnaise, oil unspecified",,A0292 A0463 A0637 A0722 A0735 A0760 A0859 B1547 C0167 E0119 F0014 G0001 H0100 H0148 H0185 H0200 H0212 H0228 H0347 H0367 J0123 K0003 M0184 M0194 N0001 P0024 R0212 R0497 Z0109 Z0205,,,,,,,,,,,1.000000,BEDCA,0,g,3271.03,kJ,86.89,g,0.46,g,8.25,g,2.84,g,0.14,g,2.56,g,,,0.28,g,0,mg,,,,,,,,,,,,,,,,,,,,,61.74,g,8.71,g,12.61,g,,,,,0.56,ug,0.03,mg,,,0,mg,0.02,mg,0.00167,ug,0,ug,0.04,mg,0,mg,0,ug,10.45,mg,2.46,mg,,,0.14,mg,32,ug,51.77,mg,7,mg,565.01,mg,15.65,mg,0.2,ug,0.13,mg
791,Zumo de uva y melocotón,Grape and peach juice,,A0130 A0455 A0629 A0708 A0732 A0766 A0841 B1329 C0140 E0123 F0014 G0003 H0136 H0148 H0362 J0123 K0003 M0194 N0001 P0024 R0212 R0497 Z0112 Z0205,,,,,,,,,,,1.000000,BEDCA,0,g,214.2,kJ,,g,0.6,g,87.4,g,12,g,0.15,g,,,,,,,0,mg,,,,,,,,,,,,,,,,,,,,,0.057,g,0.14,g,0.03,g,,,,,7.41,ug,0.17,mg,,,,mg,,mg,6.42,ug,0.48,ug,0.03,mg,0,mg,0,ug,1.17,mg,13.4,mg,,,0.41,mg,0.24,ug,97.7,mg,10.5,mg,3.3,mg,24.2,mg,0.2,ug,0.24,mg
792,Caldo vegetal,Vegetable stock,,A0133 A0466 A0640 A0663 A0722 A0735 A0856 B1013 C0228 E0143 F0001 G0001 H0151 H0212 H0263 H0367 J0001 K0003 M0159 M0194 M0213 N0001 P0024 R0212 R0497 Z0112,,,,,,,,,,,1.000000,BEDCA,0,g,435.6,kJ,2.4,g,11.3,g,77.2,g,9.1,g,,g,,,,,,,,mg,,,,,,,,,,,,,,,,,,,,,1.1,g,,g,1.3,g,,,,,0.58,ug,,mg,,,0.01,mg,,mg,62.45,ug,0.84,ug,0.14,mg,0,mg,,,1.94,mg,20,mg,,,2.5,mg,0.1,ug,74.3,mg,50.3,mg,278.3,mg,115.5,mg,,ug,1.3,mg
793,"Chile, rojo","Chili pepper, red",,A0133 A0466 A0640 A0677 A0705 A0731 A0826 B1250 C0167 E0151 F0001 G0001 H0001 J0001 K0003 M0001 N0001 P0024 R0212 R0497 Z0052 Z0112,,,,,,,,,,,1.000000,BEDCA,0,g,140.6,kJ,0.4,g,1,g,90.3,g,6.4,g,1.9,g,,,,,,,0,mg,,,,,,,,,,,,,,,,,,,,,,g,0.2,g,0.1,g,,,,,23,ug,2.5,mg,0.08,mg,0.15,mg,0.12,mg,684.17,ug,0,ug,0.28,mg,225,mg,0,ug,0.8,mg,16,mg,0.01,mg,1,mg,1,ug,440,mg,21,mg,12,mg,39,mg,,ug,0.3,mg
794,"Chile, verde","Chili pepper, green",,A0133 A0455 A0629 A0677 A0705 A0731 A0826 B1250 C0167 E0151 F0001 G0001 H0001 J0001 K0003 M0001 N0001 P0024 R0212 R0497 Z0051 Z0112,,,,,,,,,,,1.000000,BEDCA,0,g,68.9,kJ,0.3,g,0.8,g,94.4,g,2.6,g,1.9,g,,,,,,,0,mg,,,,,,,,,,,,,,,,,,,,,,g,0.2,g,0.1,g,,,,,29,ug,1.6,mg,0.08,mg,0.08,mg,0.07,mg,29.17,ug,0,ug,0.28,mg,120,mg,0,ug,0.8,mg,30,mg,0.02,mg,1.2,mg,1,ug,220,mg,24,mg,7,mg,80,mg,,ug,0.4,mg
795,"Bacalao, fresco, al horno","Cod, fresh, baked",,A0267 A0460 A0634 A0717 A0727 A0747 A0804 B1842 C0266 E0122 F0014 G0005 H0229 H0341 H0367 J0003 K0003 M0151 N0041 P0024 R0212 R0495 Z0056 Z0109,,,,,,,,,,,0.790000,BEDCA,0,g,414.814,kJ,1.05714,g,22.1,g,76.3,g,0,g,0,g,,,,,,,58,mg,,,,,,,,,,,,,,,,,,,,,0.14,g,0.4,g,0.2,g,,,,,12,ug,2.1,mg,,,0.07,mg,0.08,mg,,ug,1.5,ug,0.33,mg,,mg,,ug,0.6,mg,18,mg,,,0.4,mg,147.7,ug,300,mg,34,mg,210,mg,164,mg,37.6,ug,0.4,mg
797,"Bacalao, salado, remojado, crudo","Cod, salted, steeped, raw",,A0267 A0460 A0634 A0717 A0727 A0747 A0802 B1842 C0268 E0152 F0003 G0036 H0148 H0173 J0103 K0017 M0001 N0001 P0024 R0212 R0495 Z0056 Z0112,,,,,,,,,,,1.000000,BEDCA,0,g,456.8,kJ,0.4,g,26,g,73.6,g,0,g,0,g,,,,,,,50,mg,,,,,,,,,,,,,,,,,,,,,,g,0.2,g,0.1,g,,,,,,ug,5.5,mg,,,0.05,mg,0.05,mg,15,ug,5,ug,0.22,mg,0,mg,7,ug,1,mg,28,mg,,,0.2,mg,60,ug,100,mg,21,mg,3120,mg,157,mg,27,ug,0.4,mg
798,"Bígaro, hervido","Periwinkle, boiled",,A0267 A0460 A0634 A0717 A0727 A0752 A0801 B2925 C0243 E0150 F0014 G0014 H0367 J0003 K0003 M0003 N0003 P0024 R0212 R0495 Z0062 Z0112,,,,,,,,,,,0.840000,BEDCA,0,g,397.15,kJ,1.2,g,20.75,g,68.25,g,,g,0,g,,,,,,,105,mg,,,,,,,,,,,,,,,,,,,,,0.2,g,0.4,g,0.2,g,,,,,11,ug,1.85,mg,,,0.295,mg,0.17,mg,84,ug,27,ug,0.375,mg,,mg,,ug,3.9,mg,130,mg,,,11.6,mg,,,260,mg,305,mg,875,mg,200,mg,89.6,ug,2.2,mg
799,"Bogavante, hervido","Lobster, boiled",,A0267 A0460 A0634 A0717 A0727 A0750 A0801 B1505 C0265 E0150 F0014 G0014 H0367 J0001 K0003 M0003 N0001 P0024 R0212 R0495 Z0062 Z0112,,,,,,,,,,,0.600000,BEDCA,0,g,433.843,kJ,1.57143,g,22.1,g,74.3,g,,g,0,g,,,,,,g,110,mg,,,,,,,,,,,,,,,,,,,,,0.3,g,0.6,g,0.2,g,,,,,9,ug,1.5,mg,,,0,mg,0.08,mg,,ug,3,ug,0.08,mg,,mg,,ug,1.47,mg,62,mg,,,0.8,mg,140,ug,260,mg,34,mg,330,mg,260,mg,51.8,ug,2.5,mg
800,"Bonito del norte, al vapor","Albacore, steamed",,A0267 A0460 A0634 A0717 A0727 A0747 A0804 B1792 C0265 E0152 F0014 G0015 H0151 H0212 H0341 H0367 J0003 K0003 M0165 N0042 P0024 R0212 R0495 Z0058 Z0109,,,,,,,,,,,1.000000,BEDCA,0,g,683.9,kJ,4.7,g,30,g,64,g,0,g,0,g,,,,,,,54,mg,,,,,,,,,,,,,,,,,,,,,0.98,g,2,g,1.2,g,,,,,10,ug,11.2,mg,,,0.07,mg,0.2,mg,26,ug,3,ug,0.37,mg,,mg,3.5,ug,0.9,mg,9,mg,,,1.6,mg,,,277,mg,28,mg,43,mg,182,mg,65.7,ug,0.7,mg
801,"Bonito del norte, enlatado en aceite de soja","Albacore, canned, soybean oil",,A0267 A0460 A0634 A0717 A0727 A0747 A0802 B1792 C0267 E0125 F0014 G0001 H0342 H0367 J0123 K0021 M0175 M0204 N0042 P0024 R0212 R0495 Z0058 Z0112,,,,,,,,,,,1.000000,BEDCA,0,g,858.2,kJ,8.4,g,32.2,g,57.8,g,0,g,0,g,,,,,,,33,mg,,,,,,,,,,,,,,,,,,,,,1.8,g,4.2,g,1.8,g,,,,,5,ug,8,mg,,,0.1,mg,0.1,mg,26,ug,5,ug,0.52,mg,,mg,3.1,ug,2,mg,10,mg,,,1.2,mg,,,267,mg,33,mg,347,mg,200,mg,60.1,ug,1.1,mg
802,"Bonito, enlatado en aceite, escurrido","Albacore, canned in oil, drained",,A0267 A0460 A0634 A0717 A0727 A0747 A0802 B1792 C0268 E0122 F0014 G0001 H0200 H0229 H0341 H0367 J0123 K0040 M0175 M0204 N0042 P0024 R0212 R0495 Z0058 Z0112,,,,,,,,,,,1.000000,BEDCA,0,g,851.708,kJ,4.73,g,26.23,g,59.5,g,0,g,0,g,,,,,,,46.7,mg,,,0.071,g,0.711,g,0.264,g,0.667,g,0.045,g,0.012,g,0.035,g,0.186,g,0.925,g,1.03,g,1.26,g,1.13,g,,,,,15.5,ug,13.5,mg,,,0.11,mg,0.05,mg,5,ug,5,ug,0.42,mg,,mg,23.8,ug,7.2,mg,28.5,mg,,,1,mg,,,267,mg,29,mg,347,mg,200,mg,60.1,ug,1.1,mg
803,"Breca, cruda","Pandora, raw",,A0267 A0460 A0634 A0717 A0727 A0747 A0802 B2871 C0265 E0150 F0003 G0003 H0001 J0001 K0003 M0001 N0001 P0024 R0212 R0497 Z0062 Z0215,,,,,,,,,,,1.000000,BEDCA,0,g,315.8,kJ,1.59,g,15.4,g,82.6,g,1,g,0,g,,,,,,,48,mg,,,0.022,g,0.158,g,0.122,g,0.214,g,0.025,g,0.007,g,0.02,g,0.128,g,0.133,g,0.36,g,0.38,g,0.35,g,,,,,6,ug,7.8,mg,,,0.07,mg,0.07,mg,2.2,ug,2,ug,0.45,mg,0,mg,14,ug,2.6,mg,30,mg,,,0.4,mg,7,ug,316,mg,26,mg,141,mg,210,mg,28,ug,0.5,mg
804,"Caballa, al horno","Mackerel, baked",,A0267 A0460 A0634 A0717 A0727 A0747 A0804 B1571 C0268 E0131 F0014 G0005 H0151 H0200 H0212 H0341 H0367 J0003 K0003 M0182 N0042 P0024 R0212 R0497 Z0062 Z0109,,,,,,,,,,,1.000000,BEDCA,0,g,1036.23,kJ,20.3333,g,16.7,g,61,g,0,g,0,g,,,,,,,80,mg,,,,,,,,,,,,,,,,,,,,,8.2,g,5.2,g,4.9,g,,,,,5,ug,7,mg,,,0.4,mg,0.15,mg,50,ug,10,ug,0.5,mg,,mg,7.5,ug,1.6,mg,17,mg,,,1.3,mg,46.5,ug,380,mg,29,mg,90,mg,250,mg,31.9,ug,0.5,mg
805,"Caballa, enlatada en aceite, escurrida","Mackerel, canned in oil, drained",,A0267 A0460 A0634 A0667 A0717 A0727 A0802 B1571 C0125 E0152 F0014 G0001 H0200 H0227 H0263 H0367 J0123 K0040 M0175 M0204 N0042 P0024 R0212 R0497 Z0062 Z0112,,,,,,,,,,,1.000000,BEDCA,0,g,867.5,kJ,16.6,g,14.9,g,67.85,g,0,g,0,g,,,,,,,68,mg,,,,,,,,,,,,,,,,,,,,,6.25,g,4.25,g,3.7,g,,,,,9,ug,5.8,mg,,,0.21,mg,0.05,mg,52.25,ug,7.3,ug,0.2,mg,0.01,mg,4.65,ug,0.7,mg,17,mg,,,1.65,mg,46.5,ug,277.5,mg,25,mg,382,mg,113,mg,31.9,ug,1.6,mg
806,"Cabracho o rascacio, crudo","Red rockfish, raw",,A0267 A0460 A0634 A0717 A0727 A0747 A0802 B2900 C0265 E0150 F0003 G0003 H0001 J0001 K0003 M0001 N0001 P0024 R0212 R0495 Z0059 Z0112,,,,,,,,,,,0.990000,BEDCA,0,g,385.371,kJ,1.68571,g,19,g,79,g,0,g,0,g,,,,,,,35,mg,,,,,,,,,,,,,,,,,,,,,0.33,g,0.48,g,0.37,g,,,,,3.4,ug,0,mg,,,0.07,mg,0.04,mg,57,ug,0,ug,0,mg,0.01,mg,0,ug,0,mg,9,mg,,,0.4,mg,,,405,mg,26,mg,60,mg,178,mg,63,ug,0.1,mg
807,"Calamar, crudo","Squid, raw",,A0156 A0460 A0634 A0717 A0727 A0752 A0802 B1205 C0268 E0151 F0003 G0003 H0001 J0136 K0001 M0001 N0001 P0024 R0212 R0497 Z0056 Z0112,,,,,,,,,,,0.700000,BEDCA,0,g,299.095,kJ,1.47,g,14,g,79.75,g,1.09091,g,0,g,,,,,,,187.5,mg,,,0.04,g,0.3,g,0.07,g,0.09,g,0.01,g,0,g,0.02,g,0.17,g,0.37,g,0.18,g,0.66,g,0.46,g,,,,,5,ug,2.8,mg,,,0.16,mg,0.06,mg,15,ug,2.15,ug,0.375,mg,0,mg,,ug,1.2,mg,20.3333,mg,,,3.9,mg,,,316.333,mg,31.6667,mg,136.5,mg,158.5,mg,44.8,ug,2.1,mg
810,"Cangrejo, en conserva","Crayfish, canned",,A0267 A0460 A0634 A0717 A0727 A0750 A0801 B2686 C0268 E0152 F0014 G0001 H0001 J0123 K0011 M0001 N0023 P0024 R0212 R0497 Z0062 Z0112,,,,,,,,,,,1.000000,BEDCA,0,g,411.629,kJ,1.61429,g,19.7,g,79.37,g,1,g,0,g,,,,,,,100,mg,,,,,,,,,,,,,,,,,,,,,0.32,g,0.61,g,0.2,g,,,,,20,ug,1.5,mg,,,0.15,mg,0.04,mg,,ug,7,ug,0.3,mg,,mg,,ug,2.3,mg,97,mg,,,2,mg,106.3,ug,170,mg,38,mg,720,mg,200,mg,36.7,ug,5.5,mg
811,"Carpa, al horno","Carp, baked",,A0267 A0460 A0634 A0717 A0727 A0745 A0804 B1228 C0265 E0150 F0014 G0005 H0151 H0212 H0341 H0349 J0003 K0003 M0274 N0001 P0024 R0212 R0497 Z0062 Z0109,,,,,,,,,,,0.900000,BEDCA,0,g,621.657,kJ,7.42857,g,20.4,g,73.3,g,0,g,0,g,,,,,,,75,mg,,,,,,,,,,,,,,,,,,,,,2.5,g,1.5,g,1.2,g,,,,,5.8,ug,1.5,mg,,,0.05,mg,0.05,mg,44.0017,ug,1.5,ug,0.22,mg,0,mg,0.01,ug,0.63,mg,40,mg,,,1.3,mg,96.8,ug,337,mg,26,mg,55,mg,373,mg,16.2,ug,0.4,mg
812,"Carpa, cruda","Carp, raw",,A0267 A0460 A0634 A0717 A0727 A0745 A0802 B1228 C0173 E0150 F0003 G0003 H0003 J0001 K0001 M0001 N0001 P0024 R0212 R0497 Z0062 Z0112,,,,,,,,,,,0.710000,BEDCA,0,g,484.9,kJ,4.95,g,17.75,g,76.7,g,0,g,0,g,,,,,,,66,mg,,,,,,,,,,,0.003,g,0.003,g,0.157,g,0.127,g,0.643,g,0.48,g,1.05,g,1.14,g,,,,,8,ug,2.2,mg,0.75,mg,0.06,mg,0.08,mg,44,ug,1.75,ug,0.17,mg,,mg,0.01,ug,0.565,mg,41,mg,0.06,mg,1.05,mg,1,ug,340,mg,33,mg,45,mg,277.5,mg,12.6,ug,1,mg
815,"Dorada, cruda","Gilt-head bream, raw",,A0267 A0460 A0634 A0717 A0727 A0747 A0802 B2388 C0243 E0150 F0003 G0003 H0003 J0001 K0003 M0001 N0001 P0024 R0212 R0497 Z0062 Z0215,,,,,,,,,,,0.700000,BEDCA,0,g,326,kJ,7.22,g,17,g,82,g,0,g,0,g,,,,,,,67,mg,0.003,g,0.251,g,0.884,g,0.304,g,1.337,g,0.966,g,0.124,g,0.037,g,0.312,g,0.527,g,2.13,g,2.46,g,1.49,g,,,,,6,ug,5,mg,,,0.08,mg,0.06,mg,9,ug,2,ug,0.18,mg,,mg,14,ug,1.25,mg,30,mg,,,0.9,mg,7,ug,300,mg,25,mg,73,mg,180,mg,28,ug,0.5,mg
816,"Gamba quisquilla, congelada","Shrimp, frozen, raw",,A0267 A0460 A0634 A0717 A0727 A0771 A0801 B1237 C0173 E0131 F0003 G0003 H0001 J0136 K0001 M0001 N0001 P0024 R0212 R0497 Z0062 Z0112,,,,,,,,,,,1.000000,BEDCA,0,g,312.214,kJ,0.857143,g,16.5,g,81.2,g,,g,0,g,,,,,,,130,mg,,,,,,,,,,,,,,,,,,,,,0.2,g,0.3,g,0.1,g,,,,,14,ug,0.5,mg,,,0,mg,,mg,2,ug,3,ug,0.08,mg,,mg,,ug,2.85,mg,130,mg,,,2.6,mg,210,ug,75,mg,47,mg,380,mg,150,mg,21,ug,1.1,mg
817,"Gamba roja, cruda","Red shrimp, frozen, peeled, raw",,A0267 A0460 A0634 A0717 A0727 A0771 A0801 B2614 C0268 E0151 F0003 G0003 H0003 J0136 K0003 M0001 N0001 P0024 R0212 R0497 Z0062 Z0112,,,,,,,,,,,0.470000,BEDCA,0,g,373.129,kJ,1.81429,g,18,g,78.67,g,0,g,0,g,,,,,,,185,mg,,,,,,,,,,,,,,,,,,,,,0.37,g,0.6,g,0.3,g,,,,,5,ug,1.5,mg,,,0.02,mg,0.02,mg,0.0117,ug,1.9,ug,0.06,mg,,mg,,ug,1.5,mg,115,mg,,,3.3,mg,210,ug,221,mg,69,mg,305,mg,215,mg,21,ug,1.1,mg
818,"Jurel, crudo","Horse mackerel, raw",,A0267 A0460 A0634 A0717 A0727 A0747 A0802 B1166 C0265 E0150 F0003 G0003 H0001 J0001 K0003 M0001 N0001 P0024 R0212 R0497 Z0062 Z0112 Z0215,,,,,,,,,,,0.710000,BEDCA,0,g,467.8,kJ,1.97,g,15.4,g,78.3,g,0.8,g,0,g,,,,,,,55,mg,,,0.028,g,0.227,g,0.118,g,0.195,g,0.018,g,0.02,g,0.016,g,0.077,g,0.211,g,0.31,g,0.4,g,0.41,g,,,,,4,ug,9,mg,0.59,mg,0.3,mg,0.14,mg,36,ug,10,ug,0.16,mg,2.8,mg,16,ug,1.3,mg,17,mg,0.04,mg,1,mg,10,ug,420,mg,31,mg,39,mg,157,mg,36.5,ug,0.5,mg
820,"Lenguado, al horno","Sole, baked",,A0267 A0460 A0634 A0717 A0727 A0747 A0804 B1878 C0266 E0151 F0014 G0005 H0212 H0229 H0341 H0367 J0003 K0003 M0182 N0042 P0024 R0212 R0497 Z0056 Z0110,,,,,,,,,,,0.650000,BEDCA,0,g,307.414,kJ,0.957143,g,16,g,81.6,g,0,g,0,g,,,,,,,50,mg,,,,,,,,,,,,,,,,,,,,,0.2,g,0.32,g,0.15,g,,,,,7,ug,1.7,mg,,,0.08,mg,0.05,mg,0,ug,0.7,ug,0.2,mg,0,mg,0,ug,0.8,mg,25,mg,,,0.7,mg,16.6,ug,250,mg,29,mg,85,mg,175,mg,19.3,ug,0.6,mg
821,"Lija, cruda","Dogfish, raw",,A0267 A0460 A0634 A0717 A0727 A0747 A0802 B1911 C0265 E0150 F0003 G0003 H0001 J0001 K0003 M0001 N0001 P0024 R0212 R0497 Z0062 Z0215,,,,,,,,,,,1.000000,BEDCA,0,g,565,kJ,7,g,18,g,75,g,0,g,0,g,,,,,,,63,mg,,,,,,,,,,,,,,,,,,,,,2.1,g,2.1,g,1.2,g,,,,,3,ug,6,mg,0.76,mg,0.29,mg,0.17,mg,190,ug,5,ug,0.37,mg,,mg,9.1,ug,1,mg,8,mg,0.05,mg,0.9,mg,260,ug,290,mg,21,mg,120,mg,230,mg,36.5,ug,0.4,mg
822,"Lucio, al horno","Pike, baked",,A0267 A0460 A0634 A0717 A0727 A0745 A0804 B1293 C0265 E0150 F0014 G0005 H0229 H0341 H0367 J0003 K0003 M0176 N0043 P0024 R0212 R0497 Z0062 Z0109,,,,,,,,,,,0.650000,BEDCA,0,g,397.743,kJ,0.871429,g,21.5,g,76.5,g,0,g,0,g,,,,,,,58,mg,,,,,,,,,,,,,,,,,,,,,0.2,g,0.26,g,0.15,g,,,,,2.9,ug,2.3,mg,,,0.07,mg,0.07,mg,8.00167,ug,0.1,ug,0.15,mg,0,mg,0.01,ug,0.11,mg,46,mg,,,0.9,mg,8,ug,290,mg,25,mg,56,mg,282,mg,5.42,ug,0.1,mg
823,"Mejillón, en conserva, al natural","Mussel, canned in brine",,A0267 A0460 A0634 A0667 A0717 A0727 A0801 B1223 C0173 E0150 F0014 G0001 H0148 H0367 J0123 K0017 M0204 M0292 N0042 P0024 R0212 R0497 Z0062 Z0112,,,,,,,,,,,1.000000,BEDCA,0,g,345.3,kJ,2.9,g,12,g,85.1,g,2,g,0,g,,,,,,,100,mg,,,,,,,,,,,,,,,,,,,,,0.49,g,0.71,g,0.46,g,,,,,27,ug,3,mg,,,0.14,mg,0.1,mg,,ug,10.2,ug,0.08,mg,,mg,,ug,1.2,mg,80,mg,,,4.5,mg,40,ug,320,mg,23,mg,290,mg,189,mg,57.2,ug,1.8,mg
824,"Mejillón, hervido","Mussel, boiled",,A0267 A0460 A0634 A0717 A0727 A0752 A0804 B1223 C0173 E0150 F0014 G0014 H0148 H0362 H0367 J0003 K0003 M0165 N0042 P0024 R0212 R0497 Z0062 Z0110,,,,,,,,,,,0.200000,BEDCA,0,g,467.641,kJ,2.7,g,18.45,g,72.9,g,3.18182,g,0,g,,,,,,,54,mg,,,,,,,,,,,,,,,,,,,,,0.4,g,1,g,0.5,g,,,,,32,ug,1.15,mg,,,0.245,mg,0.01,mg,84,ug,16.1,ug,0.07,mg,,mg,,ug,1.05,mg,76.5,mg,,,7.35,mg,140,ug,173,mg,53,mg,373,mg,212.5,mg,46,ug,2.3,mg
825,"Merluza, congelada, cruda","Hake, frozen, raw",,A0267 A0460 A0634 A0717 A0727 A0747 A0802 B1840 C0265 E0131 F0003 G0003 H0003 J0136 K0003 M0001 N0001 P0024 R0212 R0497 Z0056 Z0112 Z0215,,,,,,,,,,,0.700000,BEDCA,0,g,353.424,kJ,1.8775,g,16.7033,g,82.0167,g,0,g,0,g,,,,,,,59.6,mg,,,,,,,,,,,,,,,,,,,,,0.518463,g,0.771913,g,0.427086,g,,,,,14.3,ug,3.2,mg,,,0.12,mg,0.05,mg,,ug,1,ug,0.16,mg,0,mg,,ug,0.42,mg,25.4,mg,,,0.77,mg,4,ug,270,mg,19.4,mg,100,mg,190,mg,42.6,ug,0.27,mg
826,"Mero, crudo","Grouper, raw",,A0267 A0460 A0634 A0717 A0727 A0747 A0802 B1496 C0265 E0150 F0003 G0003 H0001 J0001 K0003 M0001 N0001 P0024 R0212 R0497 Z0056 Z0215,,,,,,,,,,,0.570000,BEDCA,0,g,366.8,kJ,1.2,g,19.4,g,79.6,g,0,g,0,g,,,,,,,37,mg,0.001,g,0.031,g,0.214,g,0.09,g,0.094,g,0.011,g,0.01,g,0.04,g,0.032,g,0.16,g,0.2,g,0.32,g,0.23,g,,,,,11,ug,2.3,mg,0.75,mg,0.14,mg,0.8,mg,,ug,2,ug,0.32,mg,,mg,,ug,0.8,mg,14,mg,0.02,mg,0.9,mg,7,ug,255,mg,20,mg,80,mg,210,mg,56.5,ug,0.5,mg
827,"Mújol, al horno","Thicklip grey mullet, baked",,A0267 A0460 A0634 A0717 A0727 A0747 A0804 B1783 C0268 E0131 F0014 G0005 H0212 H0229 H0341 H0367 J0003 K0003 M0182 N0042 P0024 R0212 R0497 Z0062 Z0109,,,,,,,,,,,0.520000,BEDCA,0,g,618.229,kJ,5.31429,g,24.8,g,70.3,g,0,g,0,g,,,,,,,63,mg,,,,,,,,,,,,,,,,,,,,,1.4,g,0.92,g,1.4,g,,,,,5,ug,0.1,mg,,,,mg,,mg,0.0117,ug,,ug,0.5,mg,,mg,,ug,,mg,30,mg,,,1.4,mg,330,ug,458,mg,30,mg,70,mg,240,mg,46.8,ug,0.6,mg
828,"Mújol, crudo","Thicklip grey mullet, raw",,A0267 A0460 A0634 A0717 A0727 A0747 A0801 B1783 C0265 E0150 F0003 G0003 H0001 J0001 K0003 M0001 N0001 P0024 R0212 R0497 Z0062 Z0112 Z0215,,,,,,,,,,,0.490000,BEDCA,0,g,533.8,kJ,6.8,g,15.8,g,76.6,g,0.8,g,0,g,,,,,,,34,mg,,,0.051,g,0.389,g,0.13,g,0.24,g,0.019,g,0.007,g,,,0.118,g,0.1,g,1.4,g,2.4,g,2.3,g,,,,,9,ug,5.7,mg,0.76,mg,0.21,mg,0.08,mg,27,ug,0.22,ug,0.42,mg,1.2,mg,,ug,1,mg,38,mg,0.05,mg,1.2,mg,330,ug,290,mg,26,mg,80,mg,217,mg,36.5,ug,0.8,mg
829,"Ostra, cruda","Oyster, raw",,A0267 A0460 A0634 A0717 A0727 A0752 A0801 B1224 C0173 E0150 F0003 G0003 H0003 J0001 K0003 M0001 N0001 P0024 R0212 R0497 Z0061 Z0112,,,,,,,,,,,0.150000,BEDCA,0,g,267.155,kJ,2.21,g,8.145,g,84.12,g,2.76,g,0,g,,,,,1.05,g,53.5,mg,,,0.015,g,0.079,g,0.048,g,0.088,g,0.016,g,0.007,g,0.014,g,0.12,g,0.159,g,0.310174,g,0.875679,g,0.37391,g,,,,,8,ug,1.85,mg,0.18,mg,0.195,mg,0.14,mg,75,ug,16.75,ug,0.135,mg,,mg,3,ug,0.85,mg,116,mg,4.45,mg,6,mg,20,ug,240,mg,43,mg,395,mg,187.5,mg,63.7,ug,59.2,mg
830,"Palometa, cruda","Derbio, frozen, raw",,A0267 A0460 A0634 A0717 A0727 A0747 A0802 B2490 C0265 E0150 F0003 G0003 H0001 J0001 K0003 M0001 N0001 P0024 R0212 R0497 Z0061 Z0112,,,,,,,,,,,0.600000,BEDCA,0,g,525,kJ,1.8,g,20,g,75,g,,g,0,g,,,,,,,79,mg,0.002,g,0.087,g,0.412,g,0.184,g,0.25,g,0.001,g,0.002,g,0.038,g,0.035,g,0.331,g,0.4,g,0.43,g,0.79,g,,,,,1.2,ug,9,mg,,,0.08,mg,0.05,mg,36,ug,10,ug,0.63,mg,,mg,16,ug,2.6,mg,25,mg,,,0.7,mg,48,ug,430,mg,28,mg,110,mg,250,mg,45,ug,0.5,mg
831,"Perca, al horno","Perch, baked",,A0267 A0460 A0634 A0717 A0727 A0745 A0804 B1557 C0265 E0150 F0014 G0005 H0212 H0229 H0341 H0367 J0003 K0003 M0182 N0042 P0024 R0212 R0497 Z0061 Z0109,,,,,,,,,,,0.610000,BEDCA,0,g,407.9,kJ,1.1,g,21.6,g,77.4,g,0,g,0,g,,,,,,,93,mg,,,,,,,,,,,,,,,,,,,,,0.17,g,0.4,g,0.2,g,,,,,3,ug,0.01,mg,,,0.12,mg,0.06,mg,3.00167,ug,0.01,ug,0.01,mg,0,mg,0.01,ug,0.01,mg,60,mg,,,1.1,mg,18,ug,290,mg,32,mg,73,mg,227,mg,16.1,ug,0.3,mg
832,"Perca, cruda","Perch, raw",,A0267 A0460 A0634 A0717 A0727 A0745 A0802 B1557 C0265 E0150 F0003 G0003 H0001 J0001 K0003 M0001 N0001 P0024 R0212 R0497 Z0061 Z0215,,,,,,,,,,,1.000000,BEDCA,0,g,375.4,kJ,1.6,g,18.6,g,79.8,g,0,g,0,g,,,,,,,42,mg,,,,,,,,,,,,,,,,,,,,,0.63,g,0.43,g,0.24,g,,,,,9,ug,1.74,mg,0.36,mg,0.11,mg,0.11,mg,7,ug,1,ug,0.23,mg,0.8,mg,8,ug,1.25,mg,20,mg,0.03,mg,0.3,mg,18,ug,330,mg,20,mg,47,mg,198,mg,43.3,ug,0.48,mg
834,"Pescadilla, rebozada en harina, frita","Whiting, coated in batter, fried",,A0267 A0460 A0634 A0717 A0727 A0747 A0804 B1840 C0265 E0152 F0014 G0029 H0186 H0319 H0341 H0367 J0003 K0003 M0151 N0041 P0024 R0212 R0497 Z0056 Z0109,,,,,,,,,,,0.850000,BEDCA,0,g,739.271,kJ,10.2857,g,18.1,g,67,g,3,g,0.1,g,,,,,,,110,mg,,,,,,,,,,,,,,,,,,,,,3,g,2.7,g,1.5,g,,,,,13,ug,1.9,mg,,,0.06,mg,0.07,mg,,ug,1,ug,0.22,mg,0,mg,,ug,0.4,mg,48,mg,,,0.7,mg,10,ug,320,mg,33,mg,130,mg,260,mg,15,ug,0.38,mg
835,"Pez espada, crudo","Swordfish, raw",,A0267 A0460 A0634 A0717 A0727 A0747 A0802 B1427 C0267 E0122 F0003 G0003 H0003 J0001 K0003 M0001 N0001 P0024 R0212 R0497 Z0062 Z0112,,,,,,,,,,,0.940000,BEDCA,0,g,461.4,kJ,4.2,g,18,g,75.1,g,0,g,0,g,,,,,,,40,mg,,,,,,,,,,,0.043,g,0.058,g,0.13,g,0.288,g,1.656,g,1.77938,g,1.0048,g,0.947936,g,,,,,2,ug,9,mg,0.41,mg,0.135,mg,0.105,mg,40,ug,4,ug,0.465,mg,,mg,7.2,ug,1,mg,7.5,mg,0.13,mg,0.65,mg,2,ug,346,mg,27,mg,116,mg,261,mg,48.1,ug,0.7,mg
836,"Platija, al vapor","Wide-eyed flounder, steamed",,A0267 A0460 A0634 A0717 A0727 A0747 A0804 B1861 C0267 E0131 F0014 G0021 G0022 H0148 H0212 H0229 H0341 H0367 J0003 K0017 M0151 N0041 P0024 R0212 R0497 Z0061 Z0109,,,,,,,,,,,0.800000,BEDCA,0,g,424.644,kJ,2.74714,g,19,g,78,g,0,g,0,g,,,,,,,80,mg,,,,,,,,,,,,,,,,,,,,,1.1538,g,0.3846,g,0.3846,g,,,,,11,ug,3.2,mg,,,0.15,mg,0.3,mg,,ug,2,ug,0.5,mg,0,mg,,ug,0.4,mg,35,mg,,,0.6,mg,22.7,ug,250,mg,20,mg,100,mg,250,mg,27.3,ug,0.4,mg
837,"Platija, cruda","Wide-eyed flounder, raw",,A0267 A0460 A0634 A0717 A0727 A0747 A0802 B1861 C0265 E0150 F0003 G0003 H0001 J0001 K0003 M0001 N0001 P0024 R0212 R0497 Z0061 Z0215,,,,,,,,,,,1.000000,BEDCA,0,g,344.837,kJ,1.23,g,17.6075,g,81.2,g,0,g,0,g,,,,,,,48,mg,,,0.003,g,0.081,g,0.048,g,0.039,g,0.003,g,0.001,g,0.005,g,0.037,g,0.126,g,0.133389,g,0.434573,g,0.288303,g,,,,,11,ug,6.3,mg,0.8,mg,0.21,mg,0.14,mg,,ug,1,ug,0.25,mg,,mg,,ug,0.36,mg,27,mg,,,0.4,mg,28,ug,300,mg,23,mg,92,mg,190,mg,36,ug,0.5,mg
838,"Rape, a la parrilla","Monkfish, grilled",,A0267 A0460 A0634 A0717 A0727 A0747 A0804 B2401 C0268 E0152 F0014 G0006 H0151 H0212 H0341 H0367 J0003 K0003 M0001 N0041 P0024 R0212 R0497 Z0056 Z0110,,,,,,,,,,,0.730000,BEDCA,0,g,396.2,kJ,0.6,g,22,g,75.8,g,0,g,0,g,,,,,,,29,mg,,,,,,,,,,,,,,,,,,,,,0.1,g,0.2,g,0.1,g,,,,,8,ug,2,mg,,,0.08,mg,0.04,mg,,ug,1.04,ug,0.3,mg,,mg,,ug,0.4,mg,12,mg,,,0.5,mg,,,388,mg,30,mg,88,mg,480,mg,36.5,ug,0.6,mg
839,"Salema, cruda","Salema, raw",,A0267 A0460 A0634 A0717 A0727 A0749 A0802 B1581 C0265 E0150 F0003 G0003 H0001 J0001 K0003 M0001 N0001 P0024 R0212 R0497 Z0061 Z0215,,,,,,,,,,,1.000000,BEDCA,0,g,431.6,kJ,0.95,g,12.7,g,77.2,g,7.9,g,0,g,,,,,,,67,mg,,,0.039,g,0.25,g,0.072,g,0.111,g,0.016,g,0.001,g,0.088,g,0.087,g,0.066,g,0.16,g,0.27,g,0.45,g,,,,,6,ug,7.8,mg,,,0.07,mg,0.07,mg,2.2,ug,2,ug,0.45,mg,0,mg,14,ug,2.6,mg,694,mg,,,0.4,mg,7,ug,280,mg,26,mg,177,mg,,,28,ug,0.5,mg
843,"Tenca, cruda","Tench, raw",,A0267 A0460 A0634 A0717 A0727 A0745 A0802 B1906 C0265 E0150 F0003 G0003 H0001 J0001 K0003 M0001 N0001 P0024 R0212 R0497 Z0061 Z0215,,,,,,,,,,,1.000000,BEDCA,0,g,384.38,kJ,4.3,g,17.7,g,78.3,g,3.3,g,0,g,,,,,,,,,0.003,g,0.057,g,0.784,g,0.263,g,0.818,g,0.833,g,0.108,g,0.045,g,0.044,g,0.087,g,,,,,,,,,,,,,4,mg,,,0.18,mg,0.08,mg,1,ug,,,,,1,mg,,,,,31,mg,,,0.8,mg,,,245,mg,18,mg,80,mg,156,mg,,,,
844,"Trucha, ahumada","Trout, smoked",,A0267 A0460 A0634 A0666 A0717 A0727 A0802 B1258 C0268 E0145 F0001 G0003 H0118 H0173 J0106 K0003 M0001 N0001 P0024 R0212 R0497 Z0060 Z0112,,,,,,,,,,,1.000000,BEDCA,0,g,826.5,kJ,6.7,g,21.9,g,71.4,g,0,g,0,g,,,,,,,59.3,mg,,,,,,,,,,,0.5,g,0.2,g,0.034,g,0.5,g,1.5,g,,,,,,,,,2,ug,7,ug,5.1,mg,0.9,mg,0.1,mg,0.08,mg,26,ug,3.2,ug,0.23,mg,,mg,,ug,0.2,mg,26,mg,0.03,mg,1,mg,11,ug,250,mg,28,mg,60,mg,180,mg,16,ug,0.8,mg
846,"Vieja, cruda","Parrot fish, raw",,A0267 A0460 A0634 A0717 A0727 A0747 A0802 B1581 C0265 E0150 F0003 G0003 H0001 J0001 K0003 M0001 N0001 P0024 R0212 R0497 Z0061 Z0215,,,,,,,,,,,1.000000,BEDCA,0,g,348.2,kJ,1.6,g,12.1,g,81.4,g,4.9,g,0,g,,,,,,,,,,,,,,,,,,,,,,,,,,,,,,,,,,,,,,,,,,,,,,,,,,,,,,,,,,,,,45,mg,,,,,,,232,mg,,,205,mg,,,,,,
847,"Volador, crudo","Flying fish, raw",,A0267 A0460 A0634 A0717 A0727 A0752 A0802 B2116 C0173 E0150 F0003 G0003 H0003 J0003 K0003 M0001 N0001 P0024 R0212 R0497 Z0061 Z0215,,,,,,,,,,,0.700000,BEDCA,0,g,368.1,kJ,0.3,g,21,g,78.7,g,0,g,0,g,,,,,,,,,,,,,,,,,,,,,,,,,,,,,,,,,,,,,,,3,ug,8.4,mg,,,0.07,mg,0.02,mg,,ug,1,ug,,,,mg,,ug,,,61,mg,,,0.8,mg,,,460,mg,20,mg,79,mg,230,mg,,,,
849,"Soja, germinada, en conserva","Soybean, sprouts, canned",,A0152 A0455 A0629 A0663 A0704 A0730 A0831 B1452 C0183 E0131 F0014 G0001 H0148 H0367 J0123 K0017 M0001 N0001 P0024 R0212 R0497 Z0052 Z0112,,,,,,,,,,,1.000000,BEDCA,0,g,54.7,kJ,0.1,g,2,g,94.2,g,1,g,2.3,g,0.5,g,,,0.5,g,0,mg,,,,,,,,,,,,,,,,,,,,,,g,,g,,g,,,,,15,ug,0.3,mg,,,0.07,mg,0.03,mg,3.5,ug,0,ug,0.04,mg,1,mg,0,ug,0,mg,31,mg,,,0.6,mg,1,ug,35,mg,9,mg,131,mg,24,mg,0.6,ug,0.3,mg
850,"Cebollino, crudo","Chive, raw",,A0152 A0455 A0629 A0682 A0705 A0731 A0826 B1478 C0150 E0150 F0003 G0003 H0003 J0001 K0003 M0001 N0001 P0024 R0212 R0497 Z0112 Z0205,,,,,,,,,,,1.000000,BEDCA,0,g,102.725,kJ,0.525,g,3,g,91.3,g,1.9,g,2.3,g,,g,,,1.9,g,0,mg,,,,,,,,,,,,,,,,,,,,,0.08,g,0.22,g,0.12,g,,,,,130,ug,0.65,mg,,,0.11,mg,0.08,mg,500,ug,0,ug,0.13,mg,60,mg,0,ug,0.9,mg,86,mg,,,1.5,mg,1,ug,275,mg,40,mg,3,mg,54,mg,0.3,ug,0.4,mg
852,"Col rizada, cruda","Savoy cabbage, raw",,A0152 A0455 A0629 A0675 A0705 A0731 A0826 B2415 C0151 E0150 F0003 G0003 H0003 J0001 K0001 M0001 N0001 P0024 R0212 R0497 Z0112 Z0205 Z0215,,,,,,,,,,./foodimages/Berza-thumbnail.jpg,1.000000,BEDCA,0,g,140.8,kJ,1.6,g,3.4,g,90.3,g,1.4,g,3.3,g,,,,,,,0,mg,,,,,,,,,,,,,,,,,,,,,0.1,g,0.9,g,0.2,g,,,0.5,ug,150,ug,1,mg,0.09,mg,0.03,mg,0.15,mg,165.83,ug,0,ug,0.19,mg,62,mg,0,ug,0.2,mg,53,mg,0.03,mg,1.1,mg,0,ug,320,mg,7,mg,5,mg,44,mg,2,ug,0.3,mg
855,"Salsa vinagreta, con aceite de oliva","Vinaigrette sauce, with olive oil",,A0286 A0463 A0637 A0663 A0722 A0735 A0862 B1299 C0167 E0135 F0014 G0001 H0200 H0227 H0263 H0341 H0367 J0123 K0001 M0001 N0001 P0024 R0212 Z0215,,,,,,,,,,,1.000000,BEDCA,0,g,2661.82,kJ,71.7573,g,0.2,g,21.9,g,0.2,g,0,g,,g,,,0.2,g,,mg,,,,,,,,,,,,,,,,,,,,,50.4,g,8.1,g,10.1,g,,,,,0,ug,0,mg,,,0,mg,0,mg,0.333333,ug,0,ug,0,mg,0,mg,0,ug,9.5,mg,8,mg,,,0.2,mg,0,ug,34,mg,11,mg,700,mg,8,mg,1.6,ug,0,mg
856,"Salsa siciliana, picante","Sicilian sauce, hot",,A0286 A0463 A0637 A0663 A0722 A0735 A0862 B1276 C0137 E0119 F0014 G0001 H0153 H0212 H0227 H0263 H0367 J0123 K0001 M0001 N0001 P0024 R0212 R0497 Z0112 Z0205,,,,,,,,,,,1.000000,BEDCA,0,g,280.7,kJ,4.6,g,1.3,g,58.6,g,5.2,g,1.8,g,,,,,,,2,mg,,,,,,,,,,,,,,,,,,,,,3.4,g,0.63,g,0.59,g,,,,,6.31,ug,3.917,mg,,,,mg,0.09,mg,31.61,ug,0.91,ug,0.12,mg,1,mg,0,ug,1.64,mg,35.6,mg,,,13.4,mg,1.4,ug,143.2,mg,37.3,mg,1343,mg,54.2,mg,1.4,ug,1.03,mg
857,Salsa napolitana,Napolitana sauce,,A0286 A0463 A0637 A0663 A0722 A0735 A0862 B1276 C0167 E0119 F0014 G0025 H0158 H0212 H0227 H0367 J0123 K0003 M0001 N0001 P0024 R0212 R0497 Z0112 Z0205,,,,,,,,,,,1.000000,BEDCA,0,g,316.7,kJ,4.7,g,1.9,g,86.9,g,6.5,g,1.4,g,,,,,,,0,mg,,,,,,,,,,,,,,,,,,,,,1.4,g,2.9,g,0.47,g,,,,,5.29,ug,1.095,mg,,,,mg,0.09,mg,57.49,ug,0.63,ug,0.1,mg,1.9,mg,0,ug,3.09,mg,33.4,mg,,,18.4,mg,14,ug,214.3,mg,29.4,mg,773.2,mg,67.3,mg,0.6,ug,1.54,mg
858,Salsa carbonara,Carbonara sauce,,A0286 A0463 A0637 A0667 A0722 A0735 A0862 B1201 C0195 E0119 F0014 G0001 H0143 H0185 H0191 H0227 H0263 H0296 H0349 H0367 J0123 K0001 M0001 N0001 P0024 R0212 Z0215,A044A,16,A042N,"Seasoning, sauces and condiments",54,A04QL,Sauces,,,,1.000000,BEDCA,0,g,1269.1,kJ,29.9394,g,7.481,g,60.039,g,2.01,g,0,g,0,g,,,2.01,g,96.8,mg,,,,,,,,,,,,,,,,,,,,,9.931,g,1.1171,g,17.574,g,,,,,0.66,ug,0.9642,mg,,,0.1264,mg,0.1651,mg,189.837,ug,0.298,ug,0.0925,mg,0,mg,0.332,ug,0.502,mg,35.15,mg,,,0.332,mg,5.3,ug,133,mg,9.28,mg,185.1,mg,78.15,mg,3,ug,0.7481,mg
859,"Coliflor, congelada, cruda","Cauliflower, frozen, raw",,A0152 A0455 A0629 A0675 A0705 A0731 A0826 B1094 C0237 E0151 F0003 G0003 H0001 J0136 K0001 M0001 N0001 P0024 R0212 R0497 Z0112 Z0205 Z0215,,,,,,,,,,,1.000000,BEDCA,0,g,76.175,kJ,0.175,g,2,g,92.5,g,2.1,g,2.3,g,0.3,g,0.3,g,1.8,g,0,mg,,,,,,,,,,,,,,,,,,,,,,g,0.14,g,,g,,,,,64,ug,0.43,mg,,,0.07,mg,0.05,mg,0,ug,0,ug,0.12,mg,47,mg,0,ug,0.12,mg,22,mg,,,0.5,mg,1,ug,193,mg,12,mg,24,mg,35,mg,0.4,ug,0.6,mg
861,"Espinaca, picada, congelada, cruda","Spinach, frozen, raw",,A0152 A0455 A0629 A0678 A0705 A0731 A0826 B1420 C0200 E0152 F0003 G0003 H0001 J0136 K0001 M0001 N0001 P0024 R0212 R0497 Z0112 Z0205,,,,,,,,,,,1.000000,BEDCA,0,g,92.7125,kJ,0.8,g,2.7125,g,90.7,g,1,g,2.9,g,0.1,g,,,0.9,g,0,mg,,,,,,,,,,,,,,,,,,,,,0.08,g,0.32,g,0.24,g,,,,,143.015,ug,0.765,mg,,,0.175,mg,0.075,mg,542,ug,0,ug,0.205,mg,26.28,mg,0,ug,1.715,mg,147.33,mg,,,2.27,mg,1,ug,380,mg,53.585,mg,56,mg,43,mg,0.3,ug,0.54,mg
865,Salsa al roquefort,Roquefort sauce,,A0286 A0463 A0637 A0667 A0722 A0735 A0862 B1201 C0235 E0119 F0014 G0001 H0117 H0143 H0148 H0227 H0263 H0367 J0123 K0001 M0001 N0001 P0024 R0212 Z0215,,,,,,,,,,,1.000000,BEDCA,0,g,1883.25,kJ,47.4874,g,7.23,g,46.538,g,0.1942,g,0,g,0.0062,g,,,0.188,g,38,mg,,,,,,,,,,,,,,,,,,,,,28.129,g,4.497,g,12.772,g,,,,,20.14,ug,0.266,mg,,,0.0228,mg,0.0152,mg,117.573,ug,0.228,ug,0.0456,mg,0,mg,0.076,ug,4.6626,mg,234.08,mg,,,0.362,mg,14.8,ug,75.64,mg,17.76,mg,933.2,mg,176.78,mg,1,ug,0.776,mg
866,Sal de mar,Sea salt,,A0134 A0463 A0637 A0662 A0722 A0735 A0853 B1655 C0005 E0143 F0001 G0003 H0189 H0368 J0001 K0003 M0172 N0001 P0024 R0212 R0497 Z0112,,,,,,,,,,,1.000000,BEDCA,0,g,0,kJ,,g,0,g,4,g,0,g,0,g,0,g,,,0,g,0,mg,,,,,,,,,,,,,,,,,,,,,,g,,g,,g,,,,,0,ug,0,mg,,,0,mg,0,mg,0,ug,0,ug,0,mg,0,mg,0,ug,0,mg,110,mg,,,2,mg,74,ug,56,mg,70,mg,35000,mg,1,mg,0,ug,0.1,mg
870,"Patatas chips, ""lights""","Potato crips, low calorie",,A0228 A0455 A0629 A0663 A0706 A0731 A0829 B1218 C0240 E0145 F0014 G0029 H0173 H0263 J0001 K0003 M0144 M0197 N0001 P0024 R0212 R0497 Z0112 Z0205,,,,,,,,,,,1.000000,BEDCA,0,g,1913.78,kJ,22.25,g,7.05,g,1.1,g,57.0991,g,8.85,g,56.3636,g,,,0.735437,g,0,mg,,,,,,,,,,,,,,,,,,,,,8.18115,g,6.74945,g,6.34039,g,,,,,41,ug,5,mg,,,0.14,mg,0.19,mg,0.333333,ug,0,ug,0.53,mg,14,mg,0,ug,1.77,mg,36,mg,,,1.8,mg,2.6,ug,1060,mg,48,mg,885,mg,130,mg,8.1,ug,0.9,mg
871,"Palomitas de maíz, sin aceite, sin sal","Pop corn, without oil, without salt",,A0125 A0457 A0631 A0662 A0722 A0729 A0812 B1454 C0133 E0131 F0014 G0009 H0138 J0116 K0003 M0001 N0001 P0024 R0212 R0497 Z0109 Z0205,,,,,,,,,,,1.000000,BEDCA,0,g,1428.7,kJ,4.2,g,12,g,4.1,g,62.9,g,15,g,61.7,g,,,1.2,g,0,mg,,,,,3.476,g,1.222,g,13.79,g,19.558,g,0.076,g,,,,,,,1.1,g,1.9,g,0.6,g,0.038,g,,,23,ug,2,mg,,,0.2,mg,0.2,mg,20,ug,0,ug,0.2,mg,0,mg,0,ug,11,mg,10,mg,,,2.7,mg,2,ug,301,mg,106,mg,4,mg,300,mg,7.3,ug,1.7,mg
872,"Menta, fresca","Mint, fresh",,A0300 A0455 A0629 A0688 A0705 A0731 A0857 B1267 C0200 E0150 F0003 G0003 H0003 J0001 K0003 M0001 N0001 P0024 R0212 R0497 Z0205 Z0215,,,,,,,,,,,1.000000,BEDCA,0,g,181.71,kJ,0.73,g,3.8,g,,,5.3,g,6.8,g,,,,,,,0,mg,,,,,,,,,,,,,,,,,,,,,,g,0.39,g,0.19,g,,,,,110,ug,1.1,mg,0.25,mg,0.33,mg,0.12,mg,123.33,ug,0,ug,0.16,mg,31,mg,0,ug,5,mg,210,mg,0.24,mg,9.5,mg,3,ug,260,mg,63,mg,15,mg,75,mg,,,1.09,mg
873,"Mayonesa, aceite de soja","Mayonnaise, soybean oil",,A0136 A0463 A0637 A0722 A0735 A0765 A0859 B1452 C0307 E0119 F0014 G0001 H0146 H0148 H0157 H0185 H0200 H0229 H0367 J0123 K0003 M0132 M0215 N0040 N0042 P0024 R0212 R0497 Z0112,,,,,,,,,,,1.000000,BEDCA,0,g,2957.12,kJ,79.0032,g,1.3,g,19,g,0.7,g,0,g,0.2,g,1.7,g,0.5,g,150,mg,,,,,,,,,,,,,,,,,,,,,22.3,g,40.6,g,11.6,g,,,,,10,ug,,mg,,,0.05,mg,0.02,mg,72.3333,ug,0.48,ug,0.1,mg,0,mg,0.5,ug,17,mg,15,mg,,,0.6,mg,35,ug,25,mg,7,mg,410,mg,46,mg,0,ug,0.1,mg
874,"Mayonesa, aceite de oliva","Mayonnaise, olive oil, home-prepared",,A0136 A0463 A0637 A0722 A0735 A0765 A0859 B1299 C0190 E0119 F0014 G0001 H0186 H0229 H0362 H0367 J0131 K0003 M0001 N0001 P0024 R0212 R0497 Z0109,,,,,,,,,,,1.000000,BEDCA,0,g,3270.44,kJ,87.3807,g,2.1,g,9.1,g,0.0971,g,,g,0,g,1.7,g,0.0971,g,150,mg,,,,,,,,,,,,,,,,,,,,,62.3,g,7.3,g,12.8,g,,,,,16,ug,0,mg,,,0.06,mg,0.04,mg,70.3333,ug,1,ug,0.04,mg,1,mg,0.6,ug,4.6,mg,19,mg,,,1.2,mg,35,ug,25,mg,7,mg,330,mg,61,mg,0,ug,0.5,mg
875,"Galletas saladas, con queso","Cookies, salted, with cheese",,A0242 A0457 A0631 A0722 A0735 A0768 A0866 B1324 C0208 E0136 F0014 G0005 H0117 H0143 H0146 H0151 H0367 J0001 K0003 M0001 N0001 P0024 R0212 R0497 Z0112,,,,,,,,,,,1.000000,BEDCA,0,g,2006.74,kJ,26.2552,g,11.8,g,3,g,49.1,g,3.1,g,42.2,g,,,6.9,g,30,mg,,,,,,,,,,,,,,,,,,,,,9,g,7.3,g,8.8,g,,,,,11,ug,0.45,mg,,,0.2,mg,0.1,mg,,ug,0.5,ug,0.12,mg,0,mg,0.05,ug,4,mg,236,mg,,,1,mg,,ug,148,mg,27,mg,821,mg,226,mg,7.3,ug,1.2,mg
876,"Flan de huevo, bajo en calorías","Caramel custard cream, diet",,A0219 A0461 A0635 A0667 A0722 A0725 A0790 B1201 C0005 E0119 F0014 G0001 H0108 H0148 H0150 H0184 H0186 J0123 K0001 M0172 N0001 P0024 R0212 R0497 Z0112,,,,,,,,,,,1.000000,BEDCA,0,g,320,kJ,2.4,g,5.7,g,84,g,7.9,g,0,g,,,,,,,117.6,mg,,,,,,,,,,,,,,,,,,,,,1.52,g,0.416,g,1.6,g,,,,,0.3,ug,1.5,mg,,,0.12,mg,0.05,mg,24,ug,0.7,ug,0.06,mg,,mg,0.4,ug,0.23,mg,99,mg,,,0.8,mg,33,ug,129,mg,13,mg,91,mg,118,mg,4.6,ug,0.6,mg
877,Crema de vainilla y mousse de chocolate,Vanilla cream and chocolate mousse,,A0123 A0467 A0641 A0722 A0733 A0776 A0782 B1201 C0235 E0119 F0014 G0003 H0146 H0148 H0158 H0184 H0228 H0231 J0123 K0003 M0188 N0001 P0024 R0212 R0497 Z0112,,,,,,,,,,,1.000000,BEDCA,0,g,547.6,kJ,6.5,g,4,g,70.6,g,22.5,g,,g,,,,,,,35,mg,,,,,,,,,,,,,,,,,,,,,2.6,g,0.13,g,3.3,g,,,,,0.28,ug,1.1,mg,,,0.15,mg,0.04,mg,23.2,ug,0.3,ug,0.04,mg,0,mg,0.08,ug,0.58,mg,116,mg,,,1.6,mg,0.45,ug,160,mg,28,mg,58,mg,104,mg,6.1,ug,0.6,mg
878,"Judía verde, congelada, cruda","Green bean, frozen, raw",,A0152 A0455 A0629 A0650 A0705 A0731 A0826 B1371 C0169 E0111 F0003 G0003 H0003 J0136 K0001 M0001 N0001 P0024 R0212 R0497 Z0112 Z0205,,,,,,,,,,,1.000000,BEDCA,0,g,121.925,kJ,0.55,g,1.875,g,90.05,g,4.1,g,3.4,g,1.7,g,,,2.4,g,0,mg,,,,,,,,,,,,,,,,,,,,,,g,0.22,g,0.165,g,,,,,61.925,ug,0.53,mg,,,0.1,mg,0.06,mg,31,ug,0,ug,0.135,mg,10.4833,mg,0,ug,0.16,mg,46.785,mg,,,0.695,mg,1,ug,204,mg,19.795,mg,4,mg,33,mg,2.5,ug,0.24,mg
879,"Maíz, en mazorca, congelado, crudo","Corn, on the cob, frozen, raw",,A0125 A0457 A0631 A0683 A0696 A0729 A0812 B1232 C0101 E0131 F0003 G0003 H0001 J0136 K0001 M0001 N0001 R0212 R0497 Z0112 Z0205,,,,,,,,,,,0.700000,BEDCA,0,g,395.1,kJ,0.8,g,3.2,g,73.2,g,18.3,g,3.8,g,16,g,0.73,g,2.3,g,0,mg,,,,,,,,,,,,,,,,,,,,,0.2,g,0.4,g,0.1,g,,,,,30,ug,1.6,mg,,,0.08,mg,0.13,mg,12,ug,0,ug,0.2,mg,6,mg,0,ug,0.4,mg,4,mg,,,0.7,mg,2,ug,272,mg,30,mg,5,mg,81,mg,0.8,ug,0.3,mg
880,"Nabo, pelado, crudo","Turnip, peeled, raw",,A0152 A0455 A0629 A0650 A0705 A0731 A0829 B1238 C0240 E0151 F0003 G0003 H0003 J0001 K0001 M0001 N0001 P0024 R0212 R0497 Z0112 Z0205,,,,,,,,,,./foodimages/nabo-00.jpg,0.730000,BEDCA,0,g,77.1,kJ,0.2,g,0.9,g,89.8,g,3.2,g,2,g,0.2,g,,,3,g,0,mg,,,,,,,,,,,,,,,,,,,,,,g,0.1,g,,g,,,,,16,ug,6,mg,0.2,mg,0.05,mg,0.05,mg,2.66667,ug,0,ug,0.09,mg,20,mg,0,ug,,mg,39,mg,0.01,mg,0.3,mg,20,ug,238,mg,8,mg,57,mg,31,mg,1,ug,0.1,mg
881,"Níscalo, crudo","Milk cap, raw",,A0152 A0455 A0629 A0650 A0705 A0731 A0826 B2740 C0258 E0150 F0003 G0003 H0003 J0001 K0001 M0001 N0001 P0024 R0212 R0497 Z0112 Z0205,,,,,,,,,,,0.550000,BEDCA,0,g,58.62,kJ,0.67,g,1.89,g,89.8,g,0.1,g,6.89,g,0,g,,,0.1,g,0,mg,,,,,,,,,,,,,,,,,,,,,,g,0.49,g,0.14,g,,,,,2,ug,6.5,mg,,,0.06,mg,0.13,mg,216.667,ug,0,ug,0.09,mg,6,mg,2.1,ug,0.13,mg,6,mg,,,1.3,mg,3,ug,310,mg,12.33,mg,6,mg,74,mg,36,ug,0.46,mg
882,"Palmito, en conserva","Palm heart, canned",,A0152 A0455 A0629 A0682 A0705 A0731 A0826 B1057 C0101 E0152 F0014 G0014 H0148 H0367 J0123 K0017 M0001 N0001 P0024 R0212 R0497 Z0112 Z0205,,,,,,,,,,,1.000000,BEDCA,0,g,194.7,kJ,0.3,g,2.8,g,87.4,g,8,g,,g,0,g,,,8,g,0,mg,,,,,,,,,,,,,,,,,,,,,,g,,g,,g,,,,,28,ug,0.4,mg,,,0.09,mg,0.07,mg,1.66667,ug,0,ug,0.1,mg,7,mg,0,ug,0.9,mg,44,mg,,,0.4,mg,,,163,mg,23,mg,620,mg,71,mg,0.7,ug,,mg
883,"Patata, frita con aceite s/e, sin sal","Potato, fried in oil unspecified, without salt",,A0152 A0455 A0629 A0681 A0706 A0731 A0830 B1218 C0240 E0107 F0014 G0029 H0263 J0001 K0001 M0001 N0001 P0024 R0212 R0497 Z0111 Z0205,,,,,,,,,,,1.000000,BEDCA,0,g,1208.22,kJ,17.125,g,3.8,g,46,g,30,g,3,g,30,g,0.44,g,,g,0,mg,0.0816,g,0.2856,g,5.692,g,2.754,g,6.161,g,0.918,g,0.0408,g,,,,,,,3.23,g,8.81,g,1.66,g,4.264,g,,,40,ug,1.6,mg,,,0.04,mg,0.12,mg,,ug,0,ug,0.19,mg,12,mg,0,ug,0.7,mg,15,mg,,,0.9,mg,1,ug,700,mg,35,mg,10,mg,73,mg,0.6,ug,0.6,mg
884,"Patata, salteada con aceite girasol","Potato, sauteed, with sunflowerseed oil",,A0152 A0455 A0629 A0681 A0706 A0731 A0830 B1218 C0240 E0140 F0014 G0027 H0347 H0367 J0001 K0001 M0001 N0001 P0024 R0212 R0497 Z0109 Z0205,,,,,,,,,,,1.000000,BEDCA,0,g,560.952,kJ,7.838,g,1.946,g,74.75,g,13.992,g,1.472,g,13.156,g,,,0.836,g,0,mg,,,,,,,,,,,,,,,,,,,,,1.8914,g,3.9857,g,1.7893,g,,,,,11.96,ug,0.9206,mg,,,0.028,mg,0.0922,mg,1.68487,ug,0,ug,0.2394,mg,9.2,mg,0,ug,3.4552,mg,6.74,mg,,,0.648,mg,1,ug,483.26,mg,19.36,mg,6.68,mg,42.8,mg,0.6,ug,0.279,mg
886,"Puré de patata y queso, en copos","Mashed potato and cheese, flakes",,A0152 A0467 A0641 A0663 A0722 A0735 A0829 B1218 C0240 E0122 F0001 G0003 H0138 H0143 H0186 H0227 H0367 J0116 K0001 M0001 N0001 P0024 R0212 R0497 Z0112 Z0205,,,,,,,,,,,1.000000,BEDCA,0,g,1925.1,kJ,1.1,g,10.9,g,6.3,g,70.5,g,6.6,g,,,,,,,0,mg,,,,,,,,,,,,,,,,,,,,,0.152,g,0.285,g,0.461,g,,,0,ug,0,ug,4.6,mg,0,mg,0.08,mg,0.17,mg,0,ug,0,ug,0,mg,27,mg,0,ug,0,mg,31,mg,0,mg,1.5,mg,0,ug,1352,mg,14,mg,1940,mg,147,mg,0,ug,0,mg
887,"Puré, de patata, con leche","Mashed potato with milk, flakes",,A0152 A0467 A0641 A0663 A0722 A0735 A0829 B1218 C0240 E0122 F0001 G0003 H0138 H0184 H0212 H0227 J0116 K0001 M0001 N0001 P0024 R0212 R0497 Z0109 Z0112 Z0205,,,,,,,,,,,1.000000,BEDCA,0,g,395.175,kJ,3.375,g,2.2,g,78,g,13.7,g,1.7,g,12.7,g,,,1,g,11,mg,,,,,,,,,,,,,,,,,,,,,0.67,g,0.13,g,1.9,g,,,,,15,ug,0.7,mg,,,0.04,mg,0.09,mg,27.6667,ug,,ug,0.23,mg,6,mg,,ug,0.12,mg,31,mg,,,0.4,mg,2.6,ug,280,mg,16,mg,150,mg,48,mg,26.3,ug,0.1648,mg
888,"Puré de patata, con verduras, en copos","Mashed potato with vegetables, flakes",,A0152 A0467 A0641 A0663 A0722 A0735 A0829 B1218 C0240 E0122 F0001 G0003 H0138 H0212 H0227 J0116 K0027 M0001 N0001 P0024 R0212 R0497 Z0112 Z0205,,,,,,,,,,,1.000000,BEDCA,0,g,1506.1,kJ,4.5,g,4,g,14.5,g,74.8,g,2.2,g,,,,,,,0,mg,,,,,,,,,,,,,,,,,,,,,,g,0.1,g,,g,,,0.5,ug,0,ug,4.4,mg,0.1,mg,0.09,mg,0.16,mg,0.3,ug,0.02,ug,0.03,mg,25.4,mg,0,ug,0.1,mg,59,mg,0.05,mg,1.9,mg,1,ug,1413,mg,23,mg,1931,mg,160,mg,0,ug,0.1,mg
891,"Tapioca, hervida","Tapioca, boiled",,A0152 A0455 A0629 A0681 A0706 A0731 A0826 B1352 C0203 E0106 F0014 G0014 H0001 J0001 K0003 M0001 N0001 P0024 R0212 R0497 Z0052 Z0215,,,,,,,,,,,1.000000,BEDCA,0,g,530.4,kJ,,g,0.2,g,68.6,g,31,g,0.2,g,31,g,,,0,g,0,mg,,,,,,,,,,,,,,,,,,,,,,g,,g,,g,,,,,0,ug,,mg,,,,mg,,mg,0,ug,0,ug,,mg,0,mg,0,ug,0,mg,11,mg,,,1,mg,,,20,mg,3,mg,4,mg,20,mg,0,ug,,mg
892,"Tomate, maduro, puré","Tomato, ripe, puree",,A0152 A0455 A0629 A0663 A0705 A0731 A0826 B1276 C0167 E0110 F0014 G0001 H0001 J0123 K0001 M0001 N0001 P0024 R0212 R0497 Z0052 Z0112,,,,,,,,,,./foodimages/salsa-de-tomte.jpg,1.000000,BEDCA,0,g,303.2,kJ,0.2,g,4.5,g,79.6,g,12.9,g,2.8,g,,,,,,,0,mg,,,,,,,,,,,,,,,,,,,,,,g,0.1,g,,g,,,,,54,ug,4.1,mg,,,0.12,mg,0.22,mg,216.67,ug,0,ug,0.44,mg,38,mg,0,ug,5.37,mg,48,mg,,,1.6,mg,23.5,ug,236,mg,48,mg,240,mg,94,mg,0.3,ug,0.7,mg
893,Almidón de arroz,Rice starch,,A0149 A0457 A0631 A0662 A0696 A0729 A0814 B1322 C0203 E0106 F0003 G0003 H0134 H0138 J0003 K0003 M0001 N0001 P0024 R0212 R0497 Z0205 Z0215,,,,,,,,,,,1.000000,BEDCA,0,g,1457.92,kJ,0,g,0.76,g,14.2,g,85,g,0,mg,,,,,,,0,mg,,,,,,,,,,,,,,,,,,,,,0,g,0,g,0,g,,,,,0,ug,0.2,mg,,,0,mg,0,mg,0,ug,0,ug,0,mg,0,mg,0,ug,0,mg,20,mg,,,0.28,mg,0.6,ug,8,mg,20,mg,61,mg,100,mg,0,ug,0.5,mg
894,"Trufa, cruda","Truffle, raw",,A0152 A0455 A0629 A0650 A0705 A0731 A0826 B1387 C0296 E0150 F0003 G0003 H0003 J0001 K0001 M0001 N0001 P0024 R0212 Z0205 Z0215,,,,,,,,,,,1.000000,BEDCA,0,g,392.5,kJ,0.5,g,9,g,61,g,13,g,16.5,g,,,,,,,,,,,,,,,,,,,,,,,,,,,,,,,,,,,,,,,,,,,,,,,,,,,,,,,,,,,,,24,mg,,,3.5,mg,,,431,mg,28,mg,77,mg,62,mg,,,,
895,Almidón de trigo,Wheat starch,,A0149 A0457 A0631 A0662 A0696 A0729 A0812 B1312 C0203 E0106 F0003 G0003 H0134 H0138 J0003 K0003 M0001 N0001 P0024 R0212 R0497 Z0205 Z0215,,,,,,,,,,,1.000000,BEDCA,0,g,1475.68,kJ,0,g,0.4,g,13.4,g,86.1,g,0,mg,,,,,,,0,mg,,,,,,,,,,,,,,,,,,,,,0,g,0,g,0,g,,,,,0,ug,0.2,mg,,,0,mg,0,mg,0,ug,0,ug,0,mg,0,mg,0,ug,0,mg,0,mg,,,0,mg,0.6,ug,16,mg,20,mg,2,mg,100,mg,0,ug,0.5,mg
896,"Almendra, cruda","Almond, raw",,A0260 A0455 A0629 A0652 A0703 A0730 A0823 B1272 C0133 E0131 F0003 G0003 H0001 J0001 K0003 M0001 N0001 P0024 R0212 R0497 Z0205 Z0215,,,,,,,,,,,0.550000,BEDCA,0,g,2452.6,kJ,45.22,g,19.1333,g,5.86818,g,6.2038,g,8.3475,g,0.109091,g,,,5.29926,g,0,mg,,,0.03,g,2.98,g,1.08,g,27.3,g,11.06,g,0.05,g,,,,,,,27.98,g,11.14,g,4.32,g,,,64,ug,70,ug,5.3,mg,0.44,mg,0.78,mg,0.21,mg,0,ug,0,ug,0.11,mg,,mg,0,ug,24,mg,248.25,mg,1,mg,3.5875,mg,2,ug,767.25,mg,258.125,mg,10.3625,mg,524.875,mg,4,ug,3.6,mg
897,"Almendra, frita, salada","Almond, fried, salted",,A0260 A0455 A0629 A0652 A0703 A0730 A0823 B1272 C0133 E0151 F0014 G0025 H0173 H0263 J0001 K0001 M0001 N0001 P0024 R0212 R0497 Z0112 Z0205,,,,,,,,,,,1.000000,BEDCA,0,g,2470.1,kJ,55.9623,g,19,g,3,g,4.5,g,15,g,1.7,g,,,2.8,g,0,mg,,,,,,,,,,,,,,,,,,,,,38.5453,g,10.5315,g,4.4232,g,,,,,70,ug,2.5,mg,,,0.75,mg,0.23,mg,0,ug,0,ug,0.08,mg,0,mg,0,ug,24,mg,250,mg,,,4.2,mg,1,ug,800,mg,250,mg,400,mg,470,mg,4.4,ug,3.2,mg
898,"Alubia blanca, en conserva","White bean, canned",,A0152 A0455 A0629 A0679 A0704 A0730 A0831 B1567 C0133 E0150 F0014 G0014 H0148 H0367 J0123 K0017 M0194 N0001 P0024 R0212 R0497 Z0112 Z0205,,,,,,,,,,,1.000000,BEDCA,0,g,389.587,kJ,0.2375,g,6.7,g,72.5,g,15.7,g,4.4,g,14.7,g,,,1,g,0,mg,,,,,,,,,,,,,,,,,,,,,,g,0.12,g,0.07,g,,,,,60,ug,0.1,mg,,,0.04,mg,0.1,mg,,ug,0,ug,0.07,mg,0,mg,0,ug,0.05,mg,71,mg,,,2.8,mg,2,ug,362,mg,39,mg,4,mg,84,mg,16,ug,2.3,mg
899,"Alubia blanca, seca, cruda","White bean, dried, raw",,A0152 A0455 A0629 A0679 A0704 A0730 A0831 B1567 C0133 E0150 F0003 G0003 H0138 J0116 J0123 K0003 M0001 N0001 P0024 R0212 R0497 Z0052 Z0215,,,,,,,,,,,1.000000,BEDCA,0,g,1135.32,kJ,1.3425,g,22.225,g,10.8,g,41.6364,g,19.7,g,39.2364,g,,,2.4,g,0,mg,0,g,0.001,g,0.285,g,0.018,g,0.102,g,0.276,g,0.231,g,0,g,0,g,0,g,0.0977,g,0.697519,g,0.278796,g,,,,,308,ug,2.4,mg,0.78,mg,0.165,mg,0.5,mg,1.08333,ug,0,ug,0.46,mg,1.7,mg,0,ug,1.125,mg,138.667,mg,0.69,mg,5.19,mg,1.6,ug,1718,mg,135.3,mg,13.7,mg,470,mg,3.2,ug,3.655,mg
900,"Alubia negra, seca, remojada, hervida","Pinto bean, dried, steeped, boiled",,A0152 A0455 A0629 A0679 A0704 A0730 A0831 B1368 C0133 E0131 F0014 G0014 G0036 H0138 J0116 K0001 M0001 N0001 P0024 R0212 R0497 Z0052 Z0112,,,,,,,,,,,1.000000,BEDCA,0,g,383.562,kJ,0.2125,g,8.4,g,68.9,g,13.7,g,8.7,g,12.8,g,,,0.9,g,0,mg,,,,,,,,,,,,,,,,,,,,,,g,0.17,g,,g,,,,,74,ug,0.5,mg,,,0.06,mg,0.16,mg,0.666667,ug,0,ug,0.1,mg,1,mg,0,ug,0.24,mg,66,mg,,,2.5,mg,2,ug,420,mg,47,mg,3,mg,130,mg,16,ug,2.3,mg
901,Crema de coco,Coconut cream,,A0148 A0467 A0641 A0722 A0724 A0776 A0782 B1201 C0235 E0119 F0014 G0014 H0147 H0158 H0184 H0185 J0131 K0003 M0273 N0040 P0024 R0212 R0497 Z0112,,,,,,,,,,,1.000000,BEDCA,0,g,518.9,kJ,3.5,g,2.9,g,73.4,g,19.1,g,0.01,g,,,,,,,11,mg,,,,,,,,,,,,,,,,,,,,,0.96,g,0.24,g,2.1,g,,,,,0.31,ug,0.084,mg,,,0.14,mg,0.033,mg,34,ug,0.4,ug,0.037,mg,0.8,mg,0.1,ug,0.4,mg,113,mg,,,0.15,mg,13.4,ug,160,mg,14,mg,55,mg,104,mg,2,ug,0.33,mg
902,"Crema de chocolate, baja en calorías","Chocolate cream, low calorie",,A0272 A0467 A0641 A0663 A0722 A0733 A0839 B1318 C0001 E0119 F0014 G0003 H0157 H0158 H0184 H0227 H0231 H0248 J0123 K0003 M0187 M0194 N0036 P0024 R0212 R0497 Z0112,,,,,,,,,,,1.000000,BEDCA,0,g,313.2,kJ,3.4,g,3.6,g,79.1,g,13.9,g,0.4,g,,,,,,,1.4,mg,,,,,,,,,,,,,,,,,,,,,1.8,g,0.9,g,0.5,g,,,,,0.31,ug,1,mg,,,0.16,mg,0.04,mg,19.8,ug,0.4,ug,0.05,mg,1.2,mg,0.05,ug,0.5,mg,111,mg,,,0.2,mg,17,ug,158,mg,19.7,mg,58,mg,105,mg,2.8,ug,0.6,mg
903,Crema de chocolate y nata,Chocolate and cream pudding,,A0272 A0467 A0641 A0663 A0722 A0733 A0839 B1318 C0001 E0119 F0014 G0003 H0158 H0165 H0184 H0231 H0247 H0296 J0123 K0003 M0187 M0194 N0036 P0024 R0212 R0497 Z0112,,,,,,,,,,,1.000000,BEDCA,0,g,360.4,kJ,3.4,g,3.9,g,82.8,g,9.9,g,0.5,g,,,,,,,7,mg,,,,,,,,,,,,,,,,,,,,,1,g,0.1,g,2.6,g,,,,,0.35,ug,0.8,mg,,,0.17,mg,0.03,mg,18.6,ug,0.4,ug,0.04,mg,1,mg,0.05,ug,0.1,mg,125,mg,,,0.3,mg,14.1,ug,140,mg,19.6,mg,61,mg,99,mg,2.3,ug,0.5,mg
904,"Arroz integral, crudo","Rice, brown, raw",,A0125 A0457 A0631 A0696 A0729 A0814 B1322 C0133 E0150 F0003 G0003 H0003 J0116 K0003 M0001 N0001 P0024 R0212 R0497 Z0112 Z0205,,,,,,,,,,,1.000000,BEDCA,0,g,1607.11,kJ,2.63529,g,7.5,g,11.4,g,81.3,g,3,g,72.7,g,,,,,0,mg,,,,,,,,,,,,,,,,,,,,,0.83,g,0.89,g,0.52,g,,,,,40,ug,6.8,mg,1.5,mg,0.08,mg,0.39,mg,0,ug,0,ug,0.51,mg,0,mg,0,ug,0.6,mg,21,mg,0.85,mg,1.7,mg,2.2,ug,223,mg,143,mg,6,mg,303,mg,2,ug,1.8,mg
907,"Leche condensada, entera, con azúcar","Milk, whole, condensed, with sugar",,A0148 A0452 A0626 A0719 A0724 A0740 A0779 B1201 C0235 E0139 F0018 G0003 H0136 H0138 J0135 K0003 M0001 N0001 P0024 R0212 R0497 Z0112,,,,,,,,,,,1.000000,BEDCA,0,g,1398.8,kJ,9.2455,g,8.5095,g,25.3015,g,53.65,g,0,g,0,g,,,53.65,g,30,mg,,,,,,,,,,,,,,,,,,,,,2.41528,g,0.231026,g,6.0907,g,,,,,8,ug,0.22,mg,,,0.465,mg,0.085,mg,97.5,ug,0.505,ug,0.06,mg,1.5,mg,0.1,ug,0.185,mg,289,mg,,,0.1625,mg,160,ug,370,mg,28.35,mg,124.5,mg,232.5,mg,3,ug,0.536,mg
908,"Coco, desecado","Coconut, dried",,A0260 A0467 A0629 A0703 A0730 A0756 A0834 B1536 C0208 E0100 F0001 G0003 H0138 J0144 K0003 M0001 N0001 P0024 R0212 R0495 Z0112 Z0205,,,,,,,,,,,1.000000,BEDCA,0,g,2452,kJ,58,g,6.2,g,7,g,11.8,g,17,g,,,,,,,0,mg,,,,,,,,,,,,,,,,,,,,,3.8,g,0.9,g,49.9,g,,,,,9,ug,0.3,mg,0.63,mg,0.02,mg,0.03,mg,0,ug,0,ug,0.3,mg,2,mg,0,ug,0.7,mg,26,mg,0.8,mg,3.32,mg,0.3,ug,543,mg,90,mg,37,mg,206,mg,18.5,ug,2.01,mg
909,"Coco, fresco","Coconut, raw",,A0260 A0467 A0629 A0652 A0703 A0730 A0823 B1536 C0208 E0150 F0003 G0003 H0003 J0001 K0003 M0001 N0001 P0024 R0001 Z0112 Z0205,,,,,,,,,,,0.710000,BEDCA,0,g,1554,kJ,33.5,g,3.3,g,39,g,15.2,g,9,g,,,,,,,0,mg,,,,,,,,,,,,,,,,,,,,,1.4,g,0.37,g,29.7,g,,,,,26,ug,1.1,mg,0.3,mg,0.02,mg,0.03,mg,0,ug,0,ug,0.04,mg,2,mg,0,ug,0.7,mg,13,mg,0.43,mg,2.1,mg,1,ug,405,mg,52,mg,17,mg,94,mg,10.1,ug,0.5,mg
911,Leche de coco,Coconut milk,,A0112 A0465 A0667 A0709 A0734 A0840 B1536 C0208 E0109 F0014 G0003 H0148 J0123 K0003 M0001 N0001 P0024 R0212 R0497 Z0112,,,,,,,,,,,1.000000,BEDCA,0,g,869.7,kJ,21.3,g,2,g,73.9,g,2.8,g,,g,,,,,,,0,mg,,,,,,,,,,,,,,,,,,,,,1.4,g,0.3,g,18.3,g,,,,,14,ug,0.64,mg,0.15,mg,0.03,mg,0.03,mg,0,ug,0,ug,0.03,mg,1,mg,0,ug,0.7,mg,18,mg,0.27,mg,3.3,mg,0.7,ug,220,mg,46,mg,13,mg,96,mg,6.2,ug,0.67,mg
912,"Leche en polvo, semidesnatada","Milk, semi-skimmed, dried",,A0148 A0452 A0626 A0719 A0724 A0740 A0781 B1201 C0235 E0106 F0018 G0003 H0138 H0247 J0116 K0003 M0147 N0042 P0024 P0039 R0212 R0497 Z0112,,,,,,,,,,,1.000000,BEDCA,0,g,1855.86,kJ,16.2963,g,29.8,g,3.5,g,43.9,g,0,g,0,g,,,43.9,g,60,mg,,,,,,,,,,,,,,,,,,,,,5.1,g,0.6,g,9.7,g,,,,,30,ug,1,mg,,,1.2,mg,0.4,mg,188.333,ug,2.9,ug,0.2,mg,4,mg,0.1,ug,0.4,mg,1050,mg,,,0.3,mg,27,ug,1280,mg,105,mg,510,mg,930,mg,7.4,ug,4.1,mg
913,Leche merengada,"Milk, whipped",,A0148 A0452 A0626 A0719 A0724 A0740 A0780 B1201 C0235 E0123 F0018 G0014 H0100 H0158 H0205 J0135 K0003 M0001 N0001 P0024 R0212 R0497 Z0112,A02PZ,14,A02LR,Milk and dairy products,45,A02PT,Dairy dessert and similar,,,,1.000000,BEDCA,0,g,351.3,kJ,3.2,g,3,g,83.1,g,10.7,g,0,g,,,,,,,14,mg,,,,,,,,,,,,,,,,,,,,,7.6,g,0.8,g,22.1,g,,,,,0.77,ug,0.09,mg,,,0.19,mg,0.04,mg,46.06,ug,0.2,ug,0.04,mg,0.1,mg,0.03,ug,0.09,mg,110,mg,,,0.21,mg,11.6,ug,87.3,mg,12,mg,26.2,mg,100,mg,1.7,ug,,
914,"Frambuesa, cruda","Raspberry, raw",,A0143 A0455 A0629 A0671 A0707 A0732 A0833 B1494 C0140 E0150 F0003 G0003 H0003 J0001 K0003 M0001 N0001 P0024 R0212 R0497 Z0112 Z0205,,,,,,,,,,,0.730000,BEDCA,0,g,158.825,kJ,0.525,g,1.2,g,84,g,7,g,6.7,g,,g,0,g,7,g,0,mg,,,,,,,,,,,,,,,,,,,,,,g,0.34,g,,g,,,1.9,ug,40,ug,0.8,mg,0.24,mg,0.04,mg,0.03,mg,2,ug,0,ug,0.06,mg,25,mg,0,ug,0.2,mg,22,mg,0.1,mg,0.7,mg,0,ug,220,mg,20,mg,3,mg,29,mg,0.1,ug,0.3,mg
915,"Leche, desnatada, pasteurizada","Milk, skimmed, pasteurized",,A0148 A0452 A0626 A0719 A0724 A0740 A0780 B1201 C0235 E0123 F0018 G0003 H0248 J0135 K0003 M0001 N0001 P0039 R0212 R0497 Z0112,,,,,,,,,,,1.000000,BEDCA,0,g,141.7,kJ,0.2,g,3.3,g,91.9,g,4.6,g,0,g,0,g,,,4.6,g,2,mg,,,,,,,,,,,,,,,,,,,,,,g,,g,,g,,,,,2.9,ug,0.09,mg,,,0.16,mg,0.05,mg,0,ug,0.22,ug,0.02,mg,1,mg,0.01,ug,0.01,mg,112,mg,,,0.1,mg,16,ug,174,mg,10.5,mg,45,mg,88,mg,2.8,ug,0.4,mg
916,"Leche, semidesnatada, pasteurizada","Milk, semi-skimmed, pasteurized",,A0148 A0452 A0626 A0719 A0724 A0740 A0780 B1201 C0235 E0123 F0018 G0003 H0247 J0135 K0003 M0001 N0001 P0024 R0212 R0497 Z0112,,,,,,,,,,,1.000000,BEDCA,0,g,191.8,kJ,1.6,g,3.2,g,89.6,g,4.6,g,0,g,0,g,,,4.6,g,5,mg,,,,,,,,,,,,,,,,,,,,,0.48,g,0.05,g,0.95,g,,,,,5,ug,0.1,mg,,,0.17,mg,0.05,mg,20.5,ug,0.4,ug,0.03,mg,3,mg,0.01,ug,0.08,mg,114,mg,,,0.04,mg,8.6,ug,166,mg,10,mg,46,mg,85,mg,1.5,ug,0.4,mg
917,"Mousse de queso fresco, con frutas","Mousse, cottage cheese, with fruits",,A0185 A0452 A0626 A0720 A0724 A0776 A0786 B1201 C0113 E0134 F0018 G0003 H0117 H0136 H0147 H0178 J0136 K0003 M0001 N0001 P0024 R0212 R0497 Z0112,,,,,,,,,,,1.000000,BEDCA,0,g,563.6,kJ,5.4,g,5.4,g,73.2,g,16,g,0.2,g,,,,,,,13,mg,,,,,,,,,,,,,,,,,,,,,1.036,g,0.124,g,2.311,g,,,,,11,ug,0.15,mg,,,0.142,mg,0.033,mg,45.2,ug,0.53,ug,0.068,mg,1.4,mg,0.14,ug,0.04,mg,53,mg,,,0.16,mg,8,ug,90,mg,7,mg,344,mg,113,mg,7.7,ug,0.33,mg
918,"Mousse de queso fresco, desnatado, azucarado","Mousse, cottage cheese, skimmed, with sugar",,A0185 A0452 A0626 A0720 A0724 A0776 A0786 B1201 C0113 E0119 F0018 G0003 H0136 H0178 H0248 J0136 K0003 M0001 N0001 P0024 R0212 R0497 Z0112,,,,,,,,,,,1.000000,BEDCA,0,g,441.9,kJ,2.8,g,8.5,g,77.3,g,11.4,g,0,g,,,,,,,7.1,mg,,,,,,,,,,,,,,,,,,,,,,g,,g,0.3,g,,,,,3.9,ug,0.5,mg,,,0.15,mg,0.02,mg,15.9,ug,0.2,ug,62.7,mg,0.7,mg,0.07,ug,,mg,114,mg,,,0.1,mg,9.7,ug,127,mg,11,mg,44,mg,117,mg,1.7,ug,0.3,mg
919,"Mousse de queso fresco, desnatado, con frutas","Mousse, cottage cheese, skimmed, with fruit",,A0185 A0452 A0626 A0720 A0724 A0776 A0786 B1201 C0113 E0134 F0018 G0003 H0136 H0147 H0178 H0248 J0136 K0003 M0001 N0001 P0024 R0212 R0497 Z0112,,,,,,,,,,,1.000000,BEDCA,0,g,488.2,kJ,1.8,g,5.6,g,73.1,g,19.2,g,0.3,g,,,,,,,3,mg,,,,,,,,,,,,,,,,,,,,,0.282,g,0.039,g,0.619,g,,,,,5.9,ug,0.1,mg,,,0.11,mg,0.01,mg,13.5,ug,0.49,ug,89.2,mg,4,mg,0.05,ug,0.01,mg,85,mg,,,0.2,mg,9.7,ug,110,mg,11,mg,30,mg,60,mg,4.5,ug,0.2,mg
920,"Mousse de yogur, con frutas","Yogurt mousse, with fruits",,A0101 A0452 A0626 A0721 A0724 A0776 A0783 B1201 C0235 E0134 F0014 G0003 H0101 H0147 H0158 H0165 H0178 H0184 H0227 H0263 H0296 J0123 K0003 M0187 N0036 P0024 R0212 R0497 Z0112,,,,,,,,,,,1.000000,BEDCA,0,g,604.9,kJ,6.7,g,3.3,g,72.3,g,17.7,g,,,,,,,,,,,,,,,,,,,,,,,,,,,,,,,,,,,,,,,,,,,,,,,0.14,mg,,,45.2,ug,,,,,,,0.14,ug,,,,,,,,,,,,,,,,,,,,,,
921,"Mousse de yogur, natural","Yogurt mousse, plain",,A0101 A0452 A0626 A0721 A0724 A0776 A0783 B1201 C0235 E0119 F0014 G0003 H0101 H0158 H0165 H0178 H0184 H0263 H0296 J0123 K0003 M0187 N0036 P0024 R0212 R0497 Z0112,,,,,,,,,,,1.000000,BEDCA,0,g,691.2,kJ,9.4,g,4.4,g,70.4,g,15.8,g,,,,,,,,,,,,,,,,,,,,,,,,,,,,,,,,,,,,,,,,,4.1,ug,,,,,0.16,mg,,,45.9,ug,0.25,ug,0.09,mg,,,0.23,ug,,,127,mg,,,0.1,mg,,,159,mg,13,mg,46,mg,95,mg,,,0.35,mg
922,"Anacardo, crudo","Cashew nut, raw",,A0260 A0467 A0629 A0652 A0703 A0730 A0823 B1221 C0155 E0150 F0003 G0003 H0001 J0001 K0003 M0001 N0001 P0024 R0001 Z0205 Z0215,,,,,,,,,,,1.000000,BEDCA,0,g,2402.9,kJ,43.1,g,17.5,g,6.9,g,32,g,1.4,g,25.6,g,,,,,0,mg,,,0.02,g,4.42,g,3.58,g,25.96,g,8.08,g,0.09,g,,,,,,,27.74,g,8.01,g,8.71,g,,,,,68,ug,2,mg,,,0.26,mg,0.63,mg,10,ug,0,ug,0.16,mg,0,mg,0,ug,5.8,mg,31,mg,,,2.8,mg,0.01,ug,552,mg,267,mg,14,mg,373,mg,34,ug,4.8,mg
923,"Nata, líquida, para cocinar, 18% de grasa","Cream, 18 % fat, uht",,A0148 A0453 A0627 A0721 A0724 A0773 A0778 B1201 C0160 E0123 F0014 G0003 H0001 J0135 K0003 M0001 N0001 P0024 R0212 R0497 Z0112,,,,,,,,,,,1.000000,BEDCA,0,g,840.078,kJ,19.9894,g,2.51,g,73.9,g,3.4,g,0,g,0,g,,,3.4,g,70,mg,,,,,,,,,,,,,,,,,,,,,5.7,g,0.49,g,12.7,g,,,,,,ug,0.07,mg,,,0.5,mg,0.03,mg,196.667,ug,0.25,ug,0.02,mg,1,mg,0.7,ug,0.5,mg,94,mg,,,0.2,mg,2.9,ug,130,mg,9,mg,45,mg,65,mg,,ug,0.2,mg
924,"Petit suïsse, cereales y fruta","Petit-suisse type cheese, with cereal and fruit",,A0185 A0452 A0626 A0721 A0724 A0776 A0783 B1201 C0245 E0134 F0018 G0003 H0101 H0136 H0147 H0152 H0227 H0296 J0109 J0131 K0003 M0188 N0036 N0042 P0024 R0212 R0497 Z0112,,,,,,,,,,,1.000000,BEDCA,0,g,691.5,kJ,7.8,g,7.2,g,68.4,g,16.5,g,0.07,g,,,,,,,10,mg,0.16,g,0.532,g,1.545,g,0.636,g,0.948,g,0.099,g,0.022,g,0.005,g,0.002,g,,,1.03,g,0.1,g,2.27,g,0.2433,g,,,4,ug,0.1,mg,,,0.14,mg,0.03,mg,64.2,ug,0.3,ug,0.05,mg,,mg,0.18,ug,0.12,mg,96,mg,,,0.2,mg,8,ug,120,mg,13,mg,40,mg,175,mg,0.4,ug,0.3,mg
925,"Cacahuete, frito, salado","Peanut, fried, salted",,A0260 A0455 A0629 A0652 A0703 A0730 A0824 B1337 C0155 E0151 F0014 G0025 H0173 H0263 J0001 K0003 M0001 N0001 P0024 R0212 R0497 Z0112 Z0205,,,,,,,,,,,1.000000,BEDCA,0,g,2468.51,kJ,50.3138,g,26.8,g,2.6,g,8.9,g,8.4,g,4,g,,,4.9,g,0,mg,,,,,,,,,,,,,,,,,,,,,24.2,g,14.4,g,9.5,g,,,,,52,ug,15,mg,,,0.12,mg,0.25,mg,0,ug,0,ug,0.3,mg,0,mg,0,ug,8.5,mg,62,mg,,,2.5,mg,19,ug,720,mg,180,mg,430,mg,387,mg,4,ug,2.9,mg
926,"Petit suisse, chocolate","Petit-suisse type cheese, chocolate flavour",,A0185 A0452 A0626 A0721 A0724 A0776 A0783 B1201 C0245 E0134 F0018 G0003 H0101 H0136 H0227 H0231 H0296 J0109 J0131 K0003 M0188 N0036 N0042 P0024 R0212 R0497 Z0112,,,,,,,,,,,1.000000,BEDCA,0,g,729.8,kJ,6.4,g,4.3,g,64.6,g,24.7,g,0,g,,,,,,,11,mg,0.16,g,0.532,g,1.545,g,0.636,g,0.948,g,0.099,g,0.022,g,0.005,g,0.002,g,,,1.14,g,0.12,g,2.54,g,0.2433,g,,,3,ug,0.2,mg,,,0.14,mg,0.04,mg,40.5,ug,0.3,ug,0.57,mg,0,mg,0.3,ug,0.1,mg,96,mg,,,0.2,mg,8,ug,117,mg,15,mg,38,mg,77,mg,0.4,ug,0.3,mg
927,"Petit suisse, fresa","Petit-suisse type cheese, strawberry flavour",,A0185 A0452 A0626 A0721 A0724 A0776 A0783 B1201 C0245 E0134 F0018 G0003 H0101 H0136 H0147 H0227 H0296 J0109 J0131 K0003 M0188 N0036 N0042 P0024 R0212 R0497 Z0112,,,,,,,,,,,1.000000,BEDCA,0,g,532.4,kJ,3.5,g,7,g,72.7,g,16.7,g,0.1,g,,,,,,,11,mg,0.16,g,0.532,g,1.545,g,0.636,g,0.948,g,0.099,g,0.022,g,0.005,g,0.002,g,,,1.14,g,0.12,g,2.54,g,0.2433,g,,,4.5,ug,0.2,mg,,,,mg,0.04,mg,29.2,ug,0.2,ug,0.04,mg,0,mg,0.09,ug,0.1,mg,120,mg,,,0.1,mg,8,ug,109,mg,13,mg,35,mg,81,mg,0.4,ug,0.2,mg
928,"Petit líquido, sabor fresa","Petit type cheese, liquid, strawberry flavour",,A0185 A0452 A0626 A0721 A0724 A0776 A0783 B1201 C0245 E0123 F0018 G0003 H0101 H0136 H0147 H0227 H0247 J0109 J0131 K0003 M0188 N0036 N0042 P0024 R0212 R0497 Z0112,,,,,,,,,,,1.000000,BEDCA,0,g,331.1,kJ,1,g,2.8,g,81.6,g,14.5,g,0.1,g,,,,,,,2.5,mg,,,,,1.545,g,,,,,,,,,,,,,,,0.3,g,0,g,0.6,g,,,1.1,ug,1.7,ug,0.1,mg,0.3,mg,0.17,mg,0.03,mg,9.9,ug,0.17,ug,0.02,mg,0.2,mg,0,ug,0,mg,102,mg,0.02,mg,0.1,mg,8,ug,126,mg,10,mg,41,mg,80,mg,0.4,ug,0.3,mg
929,Queso Camembert 20-30% MG/ES,"Camembert cheese, 20-30% fidm",,A0314 A0452 A0626 A0720 A0724 A0776 B1201 C0245 E0105 F0001 G0003 H0107 H0253 H0298 J0131 K0003 M0001 N0001 P0024 R0212 R0497 Z0073 Z0112,,,,,,,,,,,1.000000,BEDCA,0,g,835.71,kJ,11.2381,g,24.7,g,59.7,g,,g,0,g,0,g,,,,g,30,mg,,,,,,,,,,,,,,,,,,,,,3.3,g,0.32,g,7,g,,,,,66,ug,1.2,mg,,,0.67,mg,0.05,mg,266.667,ug,1.1,ug,0.28,mg,,mg,0.17,ug,0.3,mg,315,mg,,,0.2,mg,13.8,ug,136,mg,24,mg,891,mg,286,mg,8.5,ug,1.4,mg
930,Queso camembert 60% mg/es,"Camembert cheese, 60% fidm",,A0314 A0452 A0626 A0720 A0724 A0776 B1201 C0245 E0105 F0018 G0003 H0107 H0288 H0296 H0298 J0131 K0003 M0001 N0001 P0024 R0212 R0497 Z0073 Z0112,,,,,,,,,,,1.000000,BEDCA,0,g,1458.15,kJ,33.0688,g,13.8,g,52.5,g,,g,0,g,0,g,,,,g,100,mg,,,,,,,,,,,,,,,,,,,,,9.6,g,0.95,g,20.7,g,,,,,96,ug,0.93,mg,,,0.43,mg,0.05,mg,312.5,ug,2.6,ug,0.2,mg,,mg,0.4,ug,0.6,mg,295,mg,,,0.37,mg,13.8,ug,76,mg,67,mg,526,mg,190.5,mg,7,ug,1.714,mg
931,"Queso de Castilla-La Mancha, oveja y cabra","Lamb and goat cheese, ""castilla-la mancha"" type",,A0311 A0452 A0626 A0720 A0724 A0776 B2101 C0245 E0146 F0018 G0003 H0107 H0291 H0298 J0003 K0003 M0001 N0001 P0024 R0212 R0497 Z0112 Z0147,,,,,,,,,,,0.750000,BEDCA,0,g,1693.48,kJ,35.7672,g,21.77,g,39.68,g,,g,0,g,0,g,,,,g,90,mg,,,,,,,,,,,,,,,,,,,,,8.59,g,1.09,g,24.12,g,,,,,20,ug,0.1,mg,,,0.3,mg,0.03,mg,388.333,ug,1.5,ug,0.1,mg,,mg,0.25,ug,0.6,mg,682.33,mg,,,0.37,mg,34,ug,63,mg,129.67,mg,496.67,mg,462.33,mg,1.6,ug,2.07,mg
932,"Queso de Castilla-La Mancha, oveja, vaca y cabra","Lamb, cow and goat cheese, ""castilla-la mancha"" type",,A0311 A0452 A0626 A0720 A0724 A0776 B2247 C0245 E0146 F0018 G0003 H0107 H0291 H0298 J0003 K0003 M0001 N0001 P0024 R0212 R0497 Z0112 Z0147,,,,,,,,,,,0.980000,BEDCA,0,g,1720.93,kJ,35.7143,g,23.5,g,37.4,g,,g,0,g,0,g,,,,g,90,mg,,,,,,,,,,,,,,,,,,,,,9.43,g,1,g,23.32,g,,,,,20,ug,0.1,mg,,,0.3,mg,0.03,mg,388.333,ug,1.5,ug,0.1,mg,,mg,0.25,ug,0.6,mg,689,mg,,,0.513,mg,34,ug,79,mg,22,mg,459,mg,752,mg,1.6,ug,2.817,mg
933,"Queso de castilla-león, oveja y vaca","Sheep and cow cheese, ""castilla-león"" type",,A0311 A0452 A0626 A0720 A0724 A0776 B2244 C0245 E0146 F0018 G0003 H0107 H0291 H0298 J0003 K0003 M0001 N0001 P0024 R0212 R0497 Z0112 Z0147,,,,,,,,,,,1.000000,BEDCA,0,g,1708.37,kJ,35.7884,g,22.6,g,37.3,g,,g,0,g,0,g,,,,g,90,mg,,,,,,,,,,,,,,,,,,,,,9.67,g,0.86,g,23.29,g,,,,,20,ug,0.1,mg,,,0.3,mg,0.03,mg,388.333,ug,1.5,ug,0.1,mg,,mg,0.25,ug,0.6,mg,734,mg,,,0.483,mg,34,ug,86,mg,21,mg,689,mg,528,mg,1.6,ug,2.85,mg
934,"Queso fresco, cabra","Goat cheese, uncured",,A0185 A0452 A0626 A0720 A0724 A0776 A0786 B2611 C0245 E0144 F0001 G0003 H0101 H0298 J0131 K0003 M0001 N0001 P0024 R0212 R0497 Z0112,,,,,,,,,,,1.000000,BEDCA,0,g,1240.83,kJ,23.9333,g,19.8,g,50.2333,g,1.1,g,0,g,0,g,,,1.1,g,60.7,mg,,,,,,,,,,,,,,,,,,,,,6.21968,g,0.814212,g,15.3569,g,,,,,5,ug,0.26,mg,,,0.24,mg,0.04,mg,65,ug,0.78,ug,0.09,mg,,mg,,ug,0.05,mg,543,mg,,,0.398,mg,2,ug,90,mg,88,mg,480,mg,818,mg,2.8,ug,2.034,mg
935,"Castaña, tostada","Chestnut, roasted",,A0260 A0455 A0629 A0685 A0703 A0730 A0824 B1544 C0155 E0150 F0014 G0005 H0138 J0116 K0003 M0001 N0001 P0024 R0212 R0497 Z0109 Z0205,,,,,,,,,,,0.980000,BEDCA,0,g,939,kJ,5.3,g,4,g,40.48,g,39.7,g,7.1,g,31.8,g,,,7.9,g,0,mg,,,,,,,,,,,,,,,,,,,,,0.6,g,1.3,g,3.2,g,,,,,85,ug,0.55,mg,,,0.1,mg,0.18,mg,0,ug,0,ug,0.3,mg,0,mg,0,ug,1.4,mg,47.3,mg,,,1.06,mg,0.02,ug,591.6,mg,39,mg,10.6,mg,87.6,mg,1.8,ug,0.6,mg
937,"Zumo de limón, fresco","Lemon juice, fresh",,A0127 A0455 A0629 A0708 A0732 A0766 A0841 B1275 C0140 E0114 F0014 G0003 H0001 J0123 K0003 M0194 N0001 P0024 R0212 R0497 Z0112 Z0205,,,,,,,,,,,1.000000,BEDCA,0,g,71.7,kJ,0.1,g,0.4,g,90.8,g,3.6,g,0.1,g,0,g,0.08,g,1.16,g,0,mg,,,,,,,,,,,,,,,,,,,,,,g,,g,,g,,,,,16,ug,0.1,mg,,,0.01,mg,0.04,mg,2,ug,0,ug,0.05,mg,37,mg,0,ug,0.04,mg,7,mg,,,0.1,mg,1,ug,123,mg,6,mg,1,mg,7,mg,1,ug,,mg
938,"Guayaba, sin piel, cruda","Guava, without skin, raw",,A0143 A0455 A0629 A0649 A0707 A0732 A0833 B1333 C0139 E0150 F0003 G0003 H0003 J0001 K0003 M0001 N0001 P0024 R0001 Z0205 Z0215,,,,,,,,,,,0.890000,BEDCA,0,g,238.44,kJ,0.6,g,0.82,g,81.3,g,11.9,g,5.4,g,,,1.11,g,,,0,mg,,,,,,,,,,,,,,,,,,,,,,g,0.25,g,0.17,g,,,,,14,ug,1.1,mg,0.15,mg,0.04,mg,0.03,mg,72.5,ug,0,ug,0.14,mg,273,mg,0,ug,1.12,mg,17,mg,0.1,mg,0.6,mg,1.5,ug,290,mg,13,mg,4,mg,31,mg,0.6,ug,0.55,mg
939,"Queso fresco, desnatado, con frutas","Uncured cheese, skimmed, with fruit",,A0185 A0452 A0626 A0720 A0724 A0774 A0786 B1201 C0245 E0134 F0018 G0003 H0101 H0147 H0248 J0131 J0135 K0003 M0001 N0001 P0024 R0212 R0497 Z0112,,,,,,,,,,,1.000000,BEDCA,0,g,401.5,kJ,0.1,g,8.1,g,76.3,g,15.3,g,0.23,g,,,,,,,0,mg,,,,,,,,,,,,,,,,,,,,,,g,,g,,g,,,,,5.7,ug,0.15,mg,,,,mg,0.04,mg,2.4,ug,0.18,ug,0.1,mg,,mg,,ug,0,mg,93,mg,,,0.4,mg,2,ug,113,mg,12,mg,32,mg,77,mg,2.8,ug,0.5,mg
940,"Queso fundido, extragraso (>60% MG/ES)","Processed cheese, >60 % fidm",,A0110 A0310 A0452 A0626 A0720 A0724 A0774 B1201 C0245 E0147 F0018 G0003 H0101 H0296 J0135 K0003 M0001 N0001 P0024 R0212 R0497 Z0112,,,,,,,,,,,1.000000,BEDCA,0,g,1353.3,kJ,31.2,g,9.3,g,52.2,g,2.4,g,0,g,0,g,,,2.25,g,100,mg,,,,,,,,,,,,,,,,,,,,,10,g,0.9,g,19.45,g,,,,,3,ug,0.07,mg,,,0.35,mg,0.04,mg,216.667,ug,0.25,ug,0.08,mg,,mg,0.2,ug,0.6,mg,261,mg,,,0.414,mg,35,ug,92,mg,29,mg,472,mg,457,mg,19,ug,0.675,mg
941,Queso Gouda,Gouda cheese,,A0313 A0452 A0626 A0720 A0724 A0776 B1201 C0245 E0146 F0018 G0003 H0107 H0291 H0298 J0131 K0003 M0001 N0001 P0024 R0212 R0497 Z0112,A02VA,14,A02LR,Milk and dairy products,44,A02QE,Cheese,,,,0.980000,BEDCA,0,g,1359.92,kJ,27.4,g,20.36,g,42.35,g,,g,0,g,0,g,,,,g,110,mg,,,,,,,,,,,,,,,,,,,,,7.8,g,0.66,g,17.7,g,,,,,21,ug,0.07,mg,,,0.28,mg,0.03,mg,303,ug,1.7,ug,0.07,mg,,mg,0.24,ug,0.53,mg,854,mg,,,0.4,mg,3.6,ug,114,mg,29,mg,604.897,mg,490,mg,1.6,ug,2.2,mg
942,"Queso manchego, en aceite","Cheese, ""manchego"" type, in oil",,A0311 A0452 A0626 A0720 A0724 A0776 B2247 C0245 E0146 F0018 G0003 H0107 H0291 H0298 J0003 K0038 M0001 N0001 P0024 R0212 R0497 Z0112 Z0147,,,,,,,,,,,1.000000,BEDCA,0,g,1947.33,kJ,40.455,g,26.5,g,27.7,g,,g,0,g,0,g,,,,g,90,mg,,,,,,,,,,,,,,,,,,,,,12.54,g,1.21,g,24.48,g,,,,,20,ug,0.1,mg,,,0.3,mg,0.03,mg,436.667,ug,1.5,ug,0.1,mg,,mg,0.25,ug,0.62,mg,579,mg,,,0.642,mg,34,ug,82,mg,20,mg,707,mg,801,mg,1.6,ug,3.121,mg
943,"Macedonia de frutas, conserva en su jugo","Fruit salad, canned in own juice",,A0143 A0455 A0629 A0670 A0707 A0732 A0833 B1350 C0229 E0104 F0014 G0003 H0147 J0123 K0039 M0194 N0001 P0024 R0212 R0497 Z0112,,,,,,,,,,,1.000000,BEDCA,0,g,444,kJ,0.1,g,0.9,g,73.5,g,25,g,1.1,g,,,,,,,0,mg,,,,,,,,,,,,,,,,,,,,,0.005,g,0.011,g,0.004,g,,,,,4,ug,0.3,mg,,,0.01,mg,0.02,mg,9,ug,0,ug,0.01,mg,3,mg,0,ug,0.32,mg,8,mg,,,1,mg,2,ug,120,mg,8,mg,2,mg,10,mg,1,ug,0.1,mg
944,Queso munster,Muenster-type cheese,,A0314 A0452 A0626 A0720 A0724 A0776 B1201 C0245 E0105 F0001 G0003 H0107 H0289 H0298 J0131 K0003 M0001 N0001 P0024 R0212 R0497 Z0072 Z0112,,,,,,,,,,,1.000000,BEDCA,0,g,1386.93,kJ,28.709,g,19.1,g,48.5,g,,g,0,g,0,g,,,,g,90,mg,0.022,g,0.067,g,0.199,g,0.086,g,0.117,g,0.005,g,0.033,g,,,,,,,8.3,g,0.63,g,18.2,g,,,,,12,ug,0.1,mg,,,0.3,mg,0.01,mg,165.833,ug,1.5,ug,0.06,mg,0,mg,0.2,ug,0.58,mg,430,mg,,,0.4,mg,,,131,mg,21,mg,930,mg,350,mg,14.5,ug,2.7,mg
945,"Queso para untar, con finas hierbas","Cheese spread, with spice and herbs  ",,A0109 A0452 A0626 A0720 A0724 A0776 A0786 B1201 C0245 E0119 F0018 G0003 H0107 H0130 H0227 H0296 H0367 H0368 J0135 K0003 M0001 N0001 P0024 R0212 R0497 Z0112,,,,,,,,,,,1.000000,BEDCA,0,g,1047.5,kJ,23.9,g,6.5,g,66.5,g,3.1,g,0,g,,,,,,,65,mg,,,,,,,,,,,,,,,,,,,,,6.6,g,0.7,g,14.3,g,,,,,2.8,ug,1,mg,,,0.29,mg,0.06,mg,162.3,ug,0.6,ug,0.08,mg,3.8,mg,1.2,ug,0.24,mg,78,mg,,,0.1,mg,40.4,ug,82,mg,7,mg,29,mg,55,mg,2.7,ug,0.1,mg
946,"Melocotón, desecado","Peach, dried",,A0143 A0455 A0629 A0707 A0732 A0756 A0834 B1350 C0229 E0133 F0003 G0003 H0138 J0116 K0003 M0001 N0001 P0024 R0212 R0497 Z0112,,,,,,,,,,,1.000000,BEDCA,0,g,1131.42,kJ,0.76,g,3.6,g,26.1,g,61.3,g,8.2,g,,,,,,,0,mg,,,,,,,,,,,,,,,,,,,,,0.28,g,0.37,g,0.08,g,,,,,14,ug,5.3,mg,0.56,mg,0.21,mg,0,mg,74.2,ug,0,ug,0.07,mg,4.8,mg,0,ug,0,mg,36,mg,0.36,mg,6.8,mg,23,ug,1100,mg,54,mg,6,mg,120,mg,2.2,ug,0.8,mg
947,"Queso para untar, con salmón","Cheese spread, with salmon",,A0109 A0452 A0626 A0720 A0724 A0776 A0786 B1201 C0245 E0119 F0018 G0003 H0107 H0130 H0153 H0296 H0367 H0368 J0135 K0003 M0001 N0001 P0024 R0212 R0497 Z0112,,,,,,,,,,,1.000000,BEDCA,0,g,1075.9,kJ,24.3,g,7.3,g,65.3,g,3.1,g,0,g,,,,,,,3.1,mg,,,,,,,,,,,,,,,,,,,,,6.6,g,0.7,g,14.3,g,,,,,2.8,ug,1,mg,,,0.29,mg,0.06,mg,163.2,ug,0.6,ug,0.07,mg,3.8,mg,1.2,ug,0.24,mg,84,mg,,,0.1,mg,40.4,ug,89,mg,7,mg,32,mg,59,mg,2.7,ug,0.2,mg
948,"Queso para untar, natural, bajo en calorías","Cheese spread, plain, light",,A0109 A0452 A0626 A0720 A0724 A0776 A0786 B1201 C0245 E0119 F0018 G0003 H0107 H0130 H0247 H0367 H0368 J0135 K0003 M0001 N0001 P0024 P0132 R0212 R0497 Z0112,,,,,,,,,,,1.000000,BEDCA,0,g,590.3,kJ,13,g,14.2,g,74.1,g,4.2,g,0,g,,,,,,,37.6,mg,,,,,,,,,,,,,,,,,,,,,2.6,g,0.3,g,7.6,g,,,,,4,ug,0.3,mg,,,0.15,mg,0.01,mg,62.2,ug,0.4,ug,0.02,mg,0.5,mg,0.18,ug,0.24,mg,110,mg,,,0.2,mg,20.1,ug,190,mg,25,mg,480,mg,150,mg,1.1,ug,0.2,mg
950,"Yogur líquido, aromatizado sabor s/e","Drinking yogurt, flavoured n/e",,A0101 A0452 A0626 A0721 A0724 A0776 A0778 B1201 C0235 E0102 F0014 G0003 H0101 H0117 H0158 H0184 H0247 H0362 J0123 K0003 M0188 N0036 N0042 P0024 R0212 R0497 Z0112,,,,,,,,,,,1.000000,BEDCA,0,g,317.799,kJ,1.376,g,2.9,g,81.5,g,12.8,g,0,g,0,g,,,12.8,g,,mg,,,,,,,,,,,,,,,,,,,,,0.4,g,,g,0.9,g,,,,,5,ug,0.09,mg,,,0.16,mg,0.03,mg,,ug,0.2,ug,0.05,mg,0,mg,,ug,,mg,107,mg,,,0.1,mg,4,ug,135,mg,11,mg,45,mg,81,mg,1,ug,0.3,mg
952,"Yogur líquido, entero, con cereales","Liquid yogurt, whole milk, with cereals",,A0101 A0452 A0626 A0721 A0724 A0776 A0778 B1201 C0235 E0139 F0014 G0003 H0101 H0117 H0168 H0184 H0247 H0319 H0322 H0323 J0123 K0003 M0187 N0036 P0024 R0212 R0497 Z0112,,,,,,,,,,,1.000000,BEDCA,0,g,476.9,kJ,2,g,2.9,g,74.3,g,20.8,g,0,g,,,,,,,,mg,,,,,,,,,,,,,,,,,,,,,0.4,g,,g,0.9,g,,,,,5,ug,0.42,mg,,,0.14,mg,0.03,mg,16.5,ug,0.3,ug,0.07,mg,0,mg,0.1,ug,,mg,110,mg,,,0.12,mg,4,ug,142,mg,13,mg,41,mg,88,mg,1,ug,0.33,mg
953,"Yogur, búlgaro","Yogurt, bulgarian-style",,A0101 A0452 A0626 A0721 A0724 A0776 A0778 B1201 C0235 E0135 F0014 G0003 H0101 H0184 H0247 J0001 K0003 M0187 N0036 N0042 P0024 Z0215,,,,,,,,,,,1.000000,BEDCA,0,g,309.4,kJ,3.4,g,5,g,85.8,g,5.8,g,0,g,,,,,,,11,mg,,,,,,,,,,,,,,,,,,,,,0.7,g,,g,2.2,g,,,,,6,ug,0.8,mg,,,0.18,mg,0.03,mg,33.9,ug,0.4,ug,0.05,mg,1,mg,1,ug,,mg,110,mg,,,,mg,17,ug,160,mg,11,mg,44,mg,90,mg,2.9,ug,0.4,mg
955,"Yogur, desnatado, con cereales","Yogurt, skimmed, with cereals",,A0101 A0452 A0626 A0721 A0724 A0776 A0778 B1201 C0235 E0134 F0014 G0003 H0101 H0184 H0228 H0248 H0319 H0322 H0323 J0123 K0003 M0188 N0036 N0042 P0024 R0212 R0497 Z0112,,,,,,,,,,,1.000000,BEDCA,0,g,214.5,kJ,0.1,g,4.2,g,87.5,g,8.2,g,0,g,,,,,,,1.6,mg,,,,,,,,,,,,,,,,,,,,,,g,,g,,g,,,,,26,ug,1,mg,,,0.19,mg,0.04,mg,134,ug,0.4,ug,0.37,mg,1.3,mg,,ug,,mg,145,mg,,,,mg,20.6,ug,222,mg,13.7,mg,64.6,mg,101.5,mg,2.9,ug,0.5,mg
956,"Níspero, con piel, crudo","Medlar, with skin, raw",,A0143 A0455 A0629 A0669 A0707 A0732 A0833 B2014 C0229 E0150 F0003 G0003 H0003 J0001 K0003 M0001 N0001 P0024 R0212 R0497 Z0112,,,,,,,,,,,1.000000,BEDCA,0,g,219.9,kJ,0.2,g,0.4,g,85.6,g,12.1,g,1.7,g,,,,,,,0,mg,,,,,,,,,,,,,,,,,,,,,,g,0.09,g,,g,,,,,14,ug,0.1,mg,,,0.06,mg,0.2,mg,218,ug,0,ug,0.1,mg,2,mg,0,ug,0.89,mg,16,mg,0.04,mg,0.28,mg,1,ug,266,mg,13,mg,1,mg,27,mg,0.6,ug,0.05,mg
961,"Cerdo, solomillo, asado","Pork, sirloin, roasted",,A0150 A0459 A0633 A0714 A0726 A0737 A0799 B1136 C0269 E0150 F0014 G0005 H0001 J0001 K0003 M0001 N0001 P0024 R0212 R0497 Z0027 Z0112,,,,,,,,,,,1.000000,BEDCA,0,g,663.535,kJ,4.70094,g,28.8,g,65.2,g,0,g,0,g,0,g,,,0,g,73,mg,,,,,,,,,,,,,,,,,,,,,2.2,g,0.58,g,1.7,g,,,,,6,ug,4.7,mg,0.7,mg,0.4,mg,0.9,mg,,ug,0.6,ug,0.4,mg,,mg,,ug,0.1,mg,9,mg,,,1.5,mg,1.1,ug,540,mg,25,mg,65,mg,290,mg,6.9,ug,2.4,mg
962,"Ciervo, parte s/e, crudo, con grasa separable","Deer, piece n/e, raw, with separable fat",,A0150 A0459 A0633 A0714 A0726 A0737 A0794 B1583 C0268 E0152 F0003 G0003 H0003 J0001 K0003 M0001 N0001 P0024 R0212 R0497 Z0018 Z0112,,,,,,,,,,,1.000000,BEDCA,0,g,436.6,kJ,1.6,g,22.2,g,76.2,g,0,g,0,g,,,,,,,50,mg,,,0.255,g,1.713,g,1.188,g,1.657,g,1.287,g,0.01,g,0.379,g,0.113,g,0.041,g,0.4,g,0.4,g,0.8,g,,,,,4,ug,6.37,mg,,,0.48,mg,0.22,mg,0,ug,6.31,ug,0.37,mg,0,mg,,ug,0.2,mg,5,mg,0.25,mg,3.3,mg,6,ug,340,mg,25,mg,55,mg,210,mg,9.7,ug,2.4,mg
964,"Conejo, entero, estofado","Rabbit, whole, stewed",,A0150 A0459 A0633 A0726 A0737 A0793 B1323 C0269 E0150 F0014 G0020 H0001 J0001 K0003 M0001 N0001 P0024 R0212 R0497 Z0110,,,,,,,,,,,0.980000,BEDCA,0,g,814.058,kJ,8.67725,g,29,g,62.3,g,0,g,0,g,0,g,,,0,g,90,mg,,,,,,,,,,,,,,,,,,,,,2.8,g,2,g,3.4,g,,,1,ug,4,ug,8.1,mg,0.8,mg,0.24,mg,0.07,mg,7.00167,ug,9.8,ug,0.47,mg,0,mg,0.2,ug,0.01,mg,17,mg,0.06,mg,2.1,mg,3,ug,255,mg,21,mg,37,mg,213,mg,16,ug,0.9,mg
965,"Jamón cocido, categoría s/e","Cooked ham, category n/e",,A0279 A0459 A0633 A0714 A0726 A0737 A0793 B1136 C0125 E0145 F0014 G0012 H0227 H0253 J0108 K0003 M0001 N0001 P0024 R0212 R0497 Z0112,,,,,,,,,,,1.000000,BEDCA,0,g,474.8,kJ,3,g,21,g,75.6,g,0.4,g,0,g,,,,,,,50,mg,,,,,,,,,,,,,,,,,,,,,1.4,g,0.36,g,1.1,g,,,3,ug,0.2,ug,11.4,mg,1.03,mg,0.18,mg,0.46,mg,,ug,0.7,ug,0.2,mg,19,mg,0.7,ug,0.08,mg,9.6,mg,0.12,mg,2.1,mg,10.9,ug,270,mg,17.5,mg,970,mg,239,mg,11,ug,2.8,mg
966,"Corazón de cordero, crudo","Heart, lamb, raw",,A0150 A0459 A0633 A0716 A0726 A0739 A0796 B1669 C0201 E0150 F0003 G0001 H0003 J0001 K0003 M0001 N0001 P0024 R0212 R0497 Z0112,,,,,,,,,,,0.780000,BEDCA,0,g,494.97,kJ,5.7,g,16.5,g,77.6,g,0.21,g,0,g,,,,,,,135,mg,,,,,,,,,,,,,,,,,,,,,1.6,g,0.6,g,2.3,g,,,4,ug,2,ug,6.14,mg,2.63,mg,0.86,mg,0.31,mg,0,ug,8,ug,0.39,mg,5,mg,0.2,ug,0.37,mg,6,mg,0.4,mg,4.6,mg,7,ug,316,mg,17,mg,89,mg,175,mg,32,ug,1.87,mg
967,"Hígado, de cerdo, crudo","Liver, pork, raw",,A0150 A0459 A0633 A0714 A0726 A0739 A0796 B1136 C0176 E0150 F0003 G0003 H0003 J0001 K0003 M0001 N0001 P0024 R0212 R0497 Z0112,,,,,,,,,,,0.830000,BEDCA,0,g,500.7,kJ,3.7,g,21.4,g,72.4,g,0,g,0,g,,,,,,,301,mg,0.003,g,0.035,g,0.942,g,0.975,g,0.821,g,0.507,g,0.019,g,0.289,g,0.014,g,0.067,g,0.52,g,0.81,g,1.2,g,0.2515,g,,,212,ug,15,mg,6.65,mg,3,mg,0.4,mg,6495,ug,25,ug,0.69,mg,26,mg,2.2,ug,0.17,mg,8,mg,0,mg,13,mg,10,ug,330,mg,21,mg,87,mg,350,mg,52.7,ug,6.9,mg
968,Paté de pimienta,Pepper paté,,A0221 A0459 A0633 A0667 A0714 A0726 B1136 C0176 E0146 F0014 G0005 H0229 J0131 K0003 M0001 N0001 P0024 R0212 R0497 Z0100 Z0112,,,,,,,,,,,1.000000,BEDCA,0,g,1208.4,kJ,28,g,11.9,g,48.8,g,11.3,g,0,g,,,,,,,96,mg,0.035,g,0.398,g,6.732,g,3.44,g,10.293,g,3.487,g,0.224,g,0.112,g,,,,,12.84,g,3.02,g,10.48,g,0.3658,g,,,103,ug,4,mg,,,0.8,mg,0.06,mg,5835.7,ug,6.3,ug,0.13,mg,1,mg,0.9,ug,1.6,mg,38,mg,,,3.5,mg,36.2,ug,93,mg,11,mg,660,mg,145,mg,25.7,ug,2.9,mg
969,"Pato, entero, asado","Duck, whole, roasted",,A0273 A0459 A0633 A0715 A0726 A0741 A0795 B1316 C0267 E0152 F0014 G0005 H0003 J0001 K0003 M0001 N0001 P0024 R0212 R0497 Z0003 Z0111,,,,,,,,,,,1.000000,BEDCA,0,g,789.127,kJ,9.84127,g,25,g,64.2,g,0,g,0,g,0,g,,,0,g,120,mg,,,,,,,,,,,,,,,,,,,,,5.4,g,1.2,g,2.7,g,,,,,10,ug,5.1,mg,1.5,mg,0.47,mg,0.26,mg,23.0017,ug,1.2,ug,0.25,mg,0,mg,1,ug,0.02,mg,13,mg,,,2.7,mg,1.2,ug,260,mg,20,mg,85,mg,200,mg,24,ug,0.31,mg
970,"Corazón de pollo, crudo","Heart, chicken, raw",,A0150 A0459 A0633 A0716 A0726 A0739 A0796 B1457 C0201 E0150 F0003 G0001 H0003 J0001 K0003 M0001 N0001 P0024 R0212 R0497 Z0112,,,,,,,,,,,1.000000,BEDCA,0,g,621.37,kJ,9.3,g,15.6,g,74.4,g,0.71,g,0,g,,,,,,,136,mg,,,,,,,,,,,,,,,,,,,,,2.4,g,2.7,g,2.7,g,,,,ug,72,ug,4.88,mg,2.6,mg,1.24,mg,0.43,mg,9,ug,4.24,ug,0.36,mg,6,mg,0.2,ug,1.2,mg,22,mg,0.35,mg,1.7,mg,7,ug,262,mg,15,mg,111,mg,164,mg,4.3,ug,3.1,mg
971,"Chufa, cruda","Tigger nut, raw",,A0152 A0455 A0629 A0681 A0706 A0731 A0826 B2159 C0239 E0150 F0003 G0003 H0001 J0001 K0001 M0001 N0001 P0024 R0212 R0497 Z0112 Z0205,,,,,,,,,,,1.000000,BEDCA,0,g,1705.77,kJ,23.74,g,6.13,g,7.095,g,42.5402,g,17.4,g,29.1495,g,,,14.71,g,0,mg,,,,,,,,,,,,,,,,,,,,,16.4693,g,2.20929,g,4.01689,g,,,,,141,ug,1.8,mg,,,0.1,mg,0.23,mg,0,ug,0,ug,0.33,mg,6,mg,0,ug,10,mg,69.54,mg,,,3.41,mg,0,ug,519.2,mg,86.88,mg,37.63,mg,232.225,mg,0,ug,4.19,mg
972,"Corazón, de cerdo, crudo","Pork, heart, raw",,A0150 A0459 A0633 A0716 A0726 A0739 A0796 B1136 C0201 E0150 F0003 G0001 H0003 J0001 K0003 M0001 N0001 P0024 R0212 R0497 Z0112,,,,,,,,,,,0.950000,BEDCA,0,g,479,kJ,4.4,g,17.3,g,78.7,g,1.3,g,0,g,,,,,,,131,mg,,,,,,,,,,,,,,,,,,,,,1,g,1.1,g,1.2,g,,,4,ug,2,ug,6.6,mg,2.51,mg,1.06,mg,0.46,mg,10,ug,2.7,ug,0.29,mg,5.3,mg,0.2,ug,0.63,mg,5,mg,0.41,mg,4.3,mg,0,ug,257,mg,20,mg,80,mg,176,mg,10.4,ug,2.2,mg
973,"Corazón, de vaca/buey, cocido","Beef (cow/ox), heart, boiled",,A0150 A0459 A0633 A0716 A0726 A0739 A0796 B1201 C0201 E0150 F0014 G0014 H0003 J0001 K0003 M0001 N0001 P0024 R0212 R0497 Z0112,,,,,,,,,,,1.000000,BEDCA,0,g,683.92,kJ,5.6654,g,27.9,g,65,g,0,g,0,g,0,g,,,0,g,200,mg,,,,,,,,,,,,,,,,,,,,,1.4,g,0.77,g,2.3,g,,,,,2,ug,3.1,mg,1.6,mg,1.4,mg,0.2,mg,0,ug,14,ug,0.15,mg,2,mg,1.4,ug,0.7,mg,6,mg,0.6,mg,7.3,mg,7,ug,232,mg,25,mg,100,mg,230,mg,38.9,ug,3.5,mg
974,"Cordero, pierna, con grasa, asada","Lamb, leg, with separable fat, baked",,A0150 A0459 A0633 A0714 A0726 A0737 A0799 B1669 C0269 E0150 F0003 G0003 H0003 J0131 K0003 M0001 N0001 P0024 R0212 R0497 Z0024 Z0110,,,,,,,,,,,1.000000,BEDCA,0,g,927.782,kJ,13.5887,g,25,g,60,g,0,g,0,g,0,g,,,0,g,84,mg,,,,,,,,,,,,,,,,,,,,,5.7,g,0.85,g,6.4,g,,,3,ug,3,ug,6,mg,0.6,mg,0.26,mg,0.12,mg,,ug,2,ug,0.15,mg,0,mg,,ug,0.1,mg,9,mg,0.1,mg,2.2,mg,3,ug,286,mg,22,mg,60,mg,180,mg,4,ug,4.6,mg
975,"Gallina, entera, cruda","Hen, whole, raw",,A0273 A0459 A0633 A0715 A0726 A0741 A0795 B1713 C0267 E0150 F0003 G0003 H0001 J0001 K0003 M0001 N0001 P0024 R0212 R0497 Z0003 Z0054,,,,,,,,,,,0.760000,BEDCA,0,g,963.8,kJ,18.1,g,17.3,g,64.6,g,0,g,0,g,,,,,,,72,mg,,,,,,,,,,,,,,,,,,,,,7.4,g,3.5,g,5.1,g,,,,,8,ug,6.4,mg,,,0.19,mg,0.09,mg,24,ug,0.31,ug,0.32,mg,2,mg,1.5,ug,0.3,mg,10,mg,,,1,mg,5,ug,196,mg,18.7,mg,61,mg,169,mg,12,ug,1.1,mg
976,"Pato, entero, crudo","Duck, whole, raw",,A0273 A0459 A0633 A0715 A0726 A0741 A0795 B1316 C0267 E0152 F0003 G0003 H0003 J0001 K0003 M0001 N0001 P0024 R0212 R0497 Z0003 Z0112,,,,,,,,,,,0.890000,BEDCA,0,g,575.4,kJ,6.5,g,19.7,g,73.8,g,0,g,0,g,,,,,,,110,mg,,,,,,,,,,,,,,,,,,,,,3.2,g,1,g,2,g,,,6,ug,25,ug,5.3,mg,1.6,mg,0.3,mg,0.1,mg,24,ug,3,ug,0.34,mg,3,mg,1,ug,0.02,mg,10,mg,0.25,mg,2,mg,1.2,ug,280,mg,15,mg,80,mg,200,mg,13.9,ug,2.8,mg
977,"Pichón, sin piel, asado","Pigeon, part n/e, without skin, roasted",,A0273 A0459 A0633 A0715 A0726 A0741 A0795 B1304 C0268 E0150 F0014 G0005 H0001 J0001 K0003 M0001 N0001 P0024 R0212 R0497 Z0054 Z0110,,,,,,,,,,,1.000000,BEDCA,0,g,740,kJ,3,g,37,g,58,g,0,g,0,g,0,g,,,0,g,75,mg,,,,,,,,,,,,,,,,,,,,,1.1,g,0.64,g,0.78,g,,,,,8,ug,7,mg,,,0.15,mg,0.3,mg,7.00167,ug,0.8,ug,0.8,mg,0,mg,0.2,ug,,mg,15,mg,,,20,mg,2,ug,400,mg,35,mg,100,mg,400,mg,16,ug,0.7,mg
978,"Oca, sin piel, asada","Goose, part n/e, without skin, roasted",,A0273 A0459 A0633 A0655 A0715 A0726 A0795 B1253 C0268 E0152 F0014 G0005 H0003 J0001 K0003 M0001 N0001 P0024 Z0003 Z0018,,,,,,,,,,,1.000000,BEDCA,0,g,1148.56,kJ,17.672,g,29.1,g,52,g,0,g,0,g,0,g,,,0,g,75,mg,,,,,,,,,,,,,,,,,,,,,6.9,g,2.5,g,7.3,g,,,,,12,ug,4.1,mg,1.6,mg,0.4,mg,0.09,mg,7,ug,1.2,ug,0.45,mg,0,mg,0.01,ug,0.02,mg,12,mg,,,3.7,mg,1.2,ug,400,mg,28,mg,120,mg,290,mg,24,ug,2.6,mg
979,Crema de cacahuete,Peanut butter,,A0260 A0467 A0641 A0663 A0722 A0730 A0824 B1337 C0136 E0119 F0014 G0003 H0124 H0158 H0263 H0367 J0123 K0001 M0134 M0215 N0001 P0024 R0212 R0497 Z0112,A01BN,12,A011X,"Legumes, nuts, oilseeds and spices",36,A01AY,"Processed legumes, nuts, oilseeds and spices",,,,1.000000,BEDCA,0,g,2508.73,kJ,50.9414,g,25.5,g,1.2,g,11.2,g,7,g,5.5,g,,,5.7,g,0,mg,0,g,0.02,g,4.741,g,2.181,g,24.812,g,12.215,g,0.027,g,0.018,g,0,g,0,g,25.8,g,12.8,g,10.1,g,,,,,67,ug,15,mg,,,0.1,mg,0.15,mg,0,ug,0,ug,0.5,mg,0,mg,0,ug,5,mg,40,mg,,,2,mg,0.5,ug,750,mg,180,mg,313,mg,366,mg,4.1,ug,3,mg
980,"Pollo, entero, con piel, asado","Chicken, whole, with skin, roasted",,A0273 A0459 A0633 A0715 A0726 A0741 A0795 B1457 C0267 E0150 F0014 G0005 H0003 J0003 K0003 M0001 N0001 P0024 R0212 R0497 Z0111,,,,,,,,,,,1.000000,BEDCA,0,g,739.2,kJ,5,g,32.6,g,62.3,g,0,g,0,g,0,g,,,0,g,91.3,mg,,,,,,,,,,,,,,,,,,,,,1.86,g,0.8,g,1.42,g,,,,,8,ug,7.7,mg,1.1,mg,0.17,mg,0.07,mg,7,ug,0.3,ug,0.44,mg,0,mg,0.2,ug,0.2,mg,12,mg,,,1.3,mg,6,ug,300,mg,24,mg,80,mg,200,mg,24,ug,0.9,mg
981,"Vaca/buey, solomillo, crudo","Beef, sirloin, raw",,A0150 A0459 A0633 A0714 A0726 A0737 A0794 B1201 C0269 E0152 F0003 G0003 H0001 J0001 K0003 M0001 N0001 P0024 R0212 R0497 Z0027 Z0112,,,,,,,,,,,0.790000,BEDCA,0,g,566,kJ,4.5,g,23.5,g,72,g,0,g,0,g,,,,,,,51,mg,,,,,,,,,,,,,,,,,,,,,1.9,g,0.2,g,2,g,,,1,ug,4,ug,6.3,mg,0.8,mg,0.8,mg,0.45,mg,,ug,2,ug,0.26,mg,0,mg,0.5,ug,0.45,mg,5,mg,0.02,mg,5,mg,1,ug,290,mg,22,mg,88,mg,210,mg,8,ug,1.8,mg
982,"Salchicha, tipo viena","Sausage, viena type",,A0221 A0459 A0633 A0667 A0714 A0726 A0798 B1105 C0268 E0151 F0014 G0003 H0172 H0227 H0253 H0306 J0001 K0003 M0003 N0001 P0024 R0212 R0497 Z0018 Z0019 Z0096 Z0099,,,,,,,,,,,1.000000,BEDCA,0,g,1141.5,kJ,25.2,g,10.3,g,62.5,g,2,g,0,g,,,,,,,52,mg,,,,,,,,,,,,,,,,,,,,,12.5,g,1.7,g,9.3,g,,,,,4,ug,1.61,mg,0.35,mg,0.11,mg,0.34,mg,0,ug,1.02,ug,0.12,mg,0,mg,0.2,ug,0.22,mg,10,mg,0.03,mg,0.88,mg,5.5,ug,101,mg,7,mg,953,mg,49,mg,16.9,ug,1.6,mg
983,"Lengua, de buey, cruda","Tongue, ox, raw",,A0150 A0459 A0633 A0716 A0726 A0739 A0796 B1201 C0189 E0150 F0003 G0003 H0003 J0131 K0003 M0001 N0001 P0024 R0212 R0497 Z0112,,,,,,,,,,,0.700000,BEDCA,0,g,911.9,kJ,16.1,g,14.9,g,65.3,g,3.7,g,0,g,,,,,,,87,mg,0.018,g,0.534,g,3.327,g,1.801,g,4.064,g,0.404,g,0.042,g,0.054,g,,,,,7.2,g,0.9,g,7,g,0.544,g,,,7,ug,14.7,mg,0.65,mg,0.38,mg,0.3,mg,0,ug,3.79,ug,0.71,mg,3.1,mg,1.7,ug,0.67,mg,7,mg,0.17,mg,2.8,mg,14,ug,315,mg,17.1,mg,69,mg,133,mg,9.4,ug,3.2,mg
984,"Ternera, solomillo, asado","Veal, sirloin, roasted, with separable fat",,A0150 A0459 A0633 A0714 A0726 A0737 A0799 B1349 C0269 E0150 F0014 G0005 H0001 J0001 K0003 M0001 N0001 P0024 R0212 R0497 Z0027 Z0109,,,,,,,,,,,1.000000,BEDCA,0,g,654.406,kJ,4.63799,g,28.4,g,65.1,g,0,g,0,g,0,g,,,0,g,98,mg,,,,,,,,,,,,,,,,,,,,,2,g,0.62,g,1.8,g,,,,,10,ug,8.6,mg,,,0.29,mg,0.07,mg,,ug,1.2,ug,0.35,mg,0,mg,,ug,0.15,mg,17,mg,,,1.3,mg,4.9,ug,375,mg,25,mg,93,mg,236,mg,8.7,ug,2.1,mg
985,"Lengua, de ternera, cruda","Tongue, veal, roasted",,A0150 A0459 A0633 A0716 A0726 A0739 A0796 B1349 C0189 E0150 F0014 G0005 H0003 J0001 K0003 M0001 N0001 P0024 R0212 R0497 Z0112,,,,,,,,,,,1.000000,BEDCA,0,g,565.3,kJ,7.1,g,17.8,g,74.2,g,0,g,0,g,0,g,,,0,g,62,mg,0.018,g,0.534,g,3.327,g,1.801,g,4.064,g,0.404,g,0.042,g,0.054,g,,,,,3.3,g,0.4,g,3,g,0.544,g,,,5,ug,3.1,mg,,,0.33,mg,0.15,mg,,ug,5,ug,0.15,mg,3.1,mg,0,ug,0.3,mg,8,mg,,,2.6,mg,14,ug,234,mg,14,mg,80,mg,170,mg,14.7,ug,2.3,mg
986,"Liebre, entera, cruda","Hare, whole, raw",,A0150 A0459 A0633 A0714 A0726 A0737 A0793 B2695 C0269 E0150 F0003 G0003 H0001 J0001 K0003 M0001 N0001 P0024 R0212 R0497 Z0215,,,,,,,,,,,0.800000,BEDCA,0,g,804.3,kJ,8,g,29.9,g,62.1,g,0,g,0,g,,,,,,,65,mg,,,,,,,,,,,,,,,,,,,,,0.82,g,0.58,g,0.9,g,,,,,5,ug,10.5,mg,0.8,mg,0.06,mg,0.09,mg,0,ug,1,ug,0.3,mg,0,mg,,ug,0.27,mg,9.05,mg,0.22,mg,2.4,mg,2,ug,360,mg,24,mg,50,mg,220,mg,17,ug,2.2,mg
988,"Salchicha, tipo país, a la plancha","Sausage, ""país"" type, griddle",,A0221 A0459 A0633 A0667 A0714 A0726 A0799 B1136 C0269 E0134 F0014 G0006 H0229 H0262 J0131 K0003 M0001 N0001 P0024 R0212 R0497 Z0096 Z0099,,,,,,,,,,,1.000000,BEDCA,0,g,1606.81,kJ,34.5,g,18.57,g,42.86,g,0.86,g,0,g,0,g,,,0.86,g,85.71,mg,,,,,,,,,,,,,,,,,,,,,10.68,g,2.42,g,8.57,g,,,,,2.14,ug,3.2,mg,,,0.18,mg,0.29,mg,0,ug,1.14,ug,0.23,mg,1.14,mg,0,ug,0.29,mg,21.43,mg,,,1.71,mg,5.5,ug,214.29,mg,11.43,mg,857.14,mg,178.57,mg,9.2,ug,3.93,mg
989,"Ternera, parte s/e, asada","Veal, part n/e, roasted, with separable fat",,A0150 A0459 A0633 A0714 A0726 A0737 A0799 B1349 C0269 E0150 F0014 G0005 H0001 J0001 K0003 M0001 N0001 P0024 R0212 R0497 Z0018 Z0111,,,,,,,,,,,1.000000,BEDCA,0,g,924.691,kJ,11.4376,g,29.5,g,56.8,g,0,g,0,g,0,g,,,0,g,107,mg,,,,,,,,,,,,,,,,,,,,,5.1,g,1.4,g,4.4,g,,,,,10,ug,7.2,mg,,,0.3,mg,0.09,mg,,ug,1.3,ug,0.33,mg,0,mg,,ug,0.15,mg,12,mg,,,1.2,mg,3,ug,378,mg,23,mg,84,mg,245,mg,15.1,ug,2.1,mg
990,"Pavo, pechuga, sin piel, a la plancha","Turkey, breast, without skin, grilled",,A0273 A0459 A0633 A0715 A0726 A0741 A0795 B1236 C0268 E0150 F0014 G0006 H0003 J0001 K0003 M0001 N0001 P0024 R0212 R0497 Z0003 Z0045 Z0111,,,,,,,,,,,1.000000,BEDCA,0,g,606.183,kJ,2.6455,g,29.9,g,66.9,g,0,g,0,g,0,g,,,0,g,69,mg,,,,,,,,,,,,,,,,,,,,,0.6,g,0.9,g,1,g,,,,,8,ug,6.8,mg,,,0.13,mg,0.06,mg,0.00167,ug,0.37,ug,0.54,mg,0,mg,0,ug,0.2,mg,11,mg,,,1.4,mg,2,ug,267,mg,21,mg,156,mg,170,mg,22.4,ug,2.1,mg
991,"Ternera, lomo, crudo, con grasa separable","Veal, loin, raw, with separable fat",,A0150 A0459 A0633 A0714 A0726 A0737 A0794 B1349 C0269 E0150 F0003 G0003 H0001 J0001 K0003 M0001 N0001 P0024 R0212 R0497 Z0031 Z0112,,,,,,,,,,,1.000000,BEDCA,0,g,465.5,kJ,3.3,g,20.2,g,76.5,g,0,g,0,g,,,,,,,80,mg,,,,,,,,,,,,,,,,,,,,,1.1,g,0.34,g,1,g,,,,,9.5,ug,7.6,mg,1.39,mg,0.17,mg,0.04,mg,,ug,1,ug,0.28,mg,0,mg,,ug,0.2,mg,9.2,mg,0.1,mg,1.8,mg,5.6,ug,350,mg,12.9,mg,60,mg,200,mg,8.8,ug,3.5,mg
992,"Pollo, muslo, con piel, asado","Chicken, leg, with skin, roasted",,A0273 A0459 A0633 A0715 A0726 A0741 A0795 B1457 C0267 E0150 F0014 G0005 H0003 J0003 K0003 M0001 N0001 P0024 R0212 R0497 Z0110 Z0159,,,,,,,,,,,1.000000,BEDCA,0,g,946.6,kJ,13.5,g,26.3,g,59.4,g,0,g,0,g,0,g,,,0,g,91,mg,,,,,,,,,,,,,,,,,,,,,5.2,g,3,g,3.7,g,,,2,ug,7,ug,6.2,mg,1.2,mg,0.21,mg,0.07,mg,39,ug,0.3,ug,0.33,mg,0,mg,0.4,ug,0.27,mg,11,mg,,,1.3,mg,6.9,ug,190,mg,19,mg,89,mg,140,mg,7.3,ug,1.1,mg
993,"Pollo, muslo, con piel, crudo","Chicken, leg, with skin, raw",,A0273 A0459 A0633 A0715 A0726 A0741 A0795 B1457 C0267 E0150 F0003 G0003 H0003 J0003 K0003 M0001 N0001 P0024 R0212 R0497 Z0112 Z0159,,,,,,,,,,,1.000000,BEDCA,0,g,457.3,kJ,3.4,g,19.5,g,77.1,g,,g,0,g,,,,,,,68.3,mg,,,,,,,,,,,,,,,,,,,,,1.4,g,0.49,g,1.4,g,,,,,11.4,ug,7.8,mg,1.23,mg,0.2,mg,0.1,mg,,ug,,ug,0.42,mg,1.7,mg,,ug,0.1,mg,12.4,mg,0.07,mg,1.5,mg,6.9,ug,204,mg,21,mg,82,mg,151,mg,13.5,ug,0.8,mg
994,"Pollo, pechuga, con piel, crudo","Chicken, breast, with skin, raw",,A0273 A0459 A0633 A0715 A0726 A0741 A0795 B1457 C0267 E0150 F0003 G0003 H0003 J0003 K0003 M0001 N0001 P0024 R0212 R0497 Z0112 Z0158,,,,,,,,,,,1.000000,BEDCA,0,g,437.1,kJ,1.2,g,23.1,g,75.7,g,0,g,0,g,,,,,,,58,mg,,,,,,,,,,,,,,,,,,,,,0.3,g,0.28,g,0.33,g,,,,,4.8,ug,8.7,mg,0.82,mg,0.12,mg,0.1,mg,0.34,ug,0.35,ug,0.35,mg,,mg,,ug,0.27,mg,22.8,mg,0.041,mg,1.5,mg,1.8,ug,255,mg,22.4,mg,65,mg,196,mg,,ug,1.4,mg
995,"Vaca/buey, parte s/e, asado","Beef, part n/e, roasted, with separable fat",,A0150 A0459 A0633 A0714 A0726 A0737 A0799 B1201 C0269 E0152 F0014 G0005 H0001 J0001 K0003 M0001 N0001 P0024 R0212 R0497 Z0018 Z0110,,,,,,,,,,,1.000000,BEDCA,0,g,961.062,kJ,11.7314,g,31,g,55.7,g,0,g,0,g,0,g,,,0,g,70,mg,,,,,,,,,,,,,,,,,,,,,5.7,g,0.48,g,5,g,,,,,8,ug,3,mg,,,0.3,mg,0.05,mg,,ug,2,ug,0.3,mg,0,mg,,ug,0.3,mg,15,mg,,,4,mg,6,ug,270,mg,24,mg,60,mg,200,mg,3,ug,4.6,mg
996,"Vaca/buey, solomillo, a la plancha","Beef, sirloin, grilled",,A0150 A0459 A0633 A0714 A0726 A0737 A0799 B1201 C0269 E0152 F0014 G0006 H0001 J0001 K0003 M0001 N0001 P0024 R0212 R0497 Z0027 Z0110,,,,,,,,,,,1.000000,BEDCA,0,g,693.954,kJ,5.8447,g,28.1,g,64,g,0,g,0,g,0,g,,,0,g,60,mg,,,,,,,,,,,,,,,,,,,,,2.7,g,0.27,g,2.6,g,,,,,15,ug,4.5,mg,,,0.3,mg,0.09,mg,,ug,2,ug,0.4,mg,0,mg,,ug,0.3,mg,6,mg,,,3,mg,6,ug,400,mg,25,mg,60,mg,240,mg,3,ug,4.3,mg
997,"Vaca/buey, parte s/e, estofado","Beef, part n/e, stewed, with separable fat",,A0150 A0459 A0633 A0714 A0726 A0737 A0799 B1201 C0269 E0152 F0014 G0020 H0001 J0001 K0003 M0001 N0001 P0024 R0212 R0497 Z0018 Z0109,,,,,,,,,,,1.000000,BEDCA,0,g,818.268,kJ,8.33158,g,30,g,60.8,g,0,g,0,g,0,g,,,0,g,70,mg,,,,,,,,,,,,,,,,,,,,,4,g,0.34,g,3.6,g,,,,,10,ug,4,mg,,,0.26,mg,0.06,mg,,ug,2,ug,0.3,mg,0,mg,,ug,0.45,mg,11,mg,,,3.7,mg,6,ug,320,mg,23,mg,68,mg,240,mg,3,ug,1,mg
999,"Grosella, cruda","Red currant, raw",,A0143 A0455 A0629 A0671 A0707 A0732 A0833 B1055 C0140 E0150 F0003 G0003 H0003 J0001 K0003 M0001 N0001 P0024 R0212 R0497 Z0112 Z0205,,,,,,,,,,,1.000000,BEDCA,0,g,111.1,kJ,0.2,g,1.1,g,82.8,g,5,g,8.2,g,,,0.05,g,5,g,0,mg,,,,,,,,,,,,,,,,,,,,,,g,0.09,g,,g,,,,,40,ug,0.3,mg,0.06,mg,0.06,mg,0.04,mg,3.5,ug,0,ug,0.05,mg,40,mg,0,ug,0.1,mg,36,mg,0.11,mg,1.2,mg,1,ug,280,mg,13,mg,3,mg,30,mg,0.6,ug,0,mg
1000,Leche de cabra,Goat's milk,,A0148 A0452 A0626 A0719 A0724 A0740 A0780 B2611 C0235 E0123 F0001 G0003 H0003 J0001 K0003 M0001 N0001 P0024 R0212 R0497 Z0112,A02MB,14,A02LR,Milk and dairy products,49,A04NN,"Milk, whey and cream",,,,1.000000,BEDCA,0,g,269.637,kJ,3.7037,g,3.4,g,87.5,g,4.4,g,0,g,0,g,,,4.4,g,11,mg,0.206,g,0.518,g,1.378,g,0.6,g,1.14,g,0.131,g,0.022,g,0.012,g,0.0019,g,0.0014,g,0.9,g,0.1,g,2.5,g,,,0,ug,1,ug,1.1,mg,0.41,mg,0.15,mg,0.04,mg,40,ug,0.1,ug,0.04,mg,2,mg,0.06,ug,0.03,mg,120,mg,0.03,mg,0.1,mg,0,ug,185,mg,14,mg,45,mg,103,mg,2,ug,0.5,mg
1001,"Lima, cruda","Lime, raw",,A0143 A0455 A0629 A0668 A0707 A0732 A0833 B1067 C0229 E0150 F0003 G0003 H0003 J0001 K0003 M0001 N0001 P0024 R0212 R0497 Z0112,,,,,,,,,,,0.740000,BEDCA,0,g,34.6,kJ,0.2,g,0.6,g,89.1,g,1,g,2.8,g,0,g,,,1,g,0,mg,,,,,,,,,,,,,,,,,,,,,,g,0.1,g,,g,,,,,10,ug,0.2,mg,0.22,mg,0.02,mg,0.03,mg,1.83333,ug,0,ug,0.04,mg,42,mg,0,ug,0.8,mg,24,mg,0.06,mg,0.6,mg,1.5,ug,144,mg,8,mg,3,mg,22,mg,0.4,ug,0.1,mg
1002,Leche de oveja,Sheep's milk,,A0148 A0452 A0626 A0719 A0724 A0740 A0780 B2610 C0235 E0123 F0001 G0003 H0003 J0001 K0003 M0001 N0001 P0024 R0212 R0497 Z0112,,,,,,,,,,,1.000000,BEDCA,0,g,415.121,kJ,6.34921,g,5.6,g,82.1,g,5,g,0,g,0,g,,,5,g,11,mg,0.259,g,0.673,g,1.523,g,0.59,g,1.02,g,0.13,g,0.068,g,,,,,,,1.6,g,0.3,g,4.1,g,,,0,ug,5,ug,1.7,mg,0.45,mg,0.23,mg,0.05,mg,45.8333,ug,0.5,ug,0.08,mg,4,mg,0.18,ug,0.11,mg,183,mg,0.05,mg,0.1,mg,5,ug,146,mg,16,mg,40,mg,141,mg,1.7,ug,0.5,mg
1003,"Litchi, crudo","Litchis, raw",,A0143 A0455 A0629 A0670 A0707 A0732 A0833 B1212 C0229 E0150 F0003 G0003 H0003 J0001 K0003 M0001 N0001 P0024 R0212 R0497 Z0112,,,,,,,,,,,0.620000,BEDCA,0,g,279.78,kJ,0.44,g,0.9,g,82.7,g,14.6,g,1.3,g,0.1,g,,,14.5,g,0,mg,,,,,,,,,,,,,,,,,,,,,0.1,g,0.1,g,0.1,g,,,,,70,ug,0.3,mg,,,0.06,mg,0.03,mg,0,ug,0,ug,0.05,mg,60,mg,0,ug,0.1,mg,5,mg,0.15,mg,0.4,mg,1,ug,156,mg,8,mg,1,mg,27,mg,0.6,ug,0.3,mg
1005,Queso Cheddar,Cheddar cheese,,A0311 A0452 A0626 A0720 A0724 A0776 B1201 C0245 E0147 F0001 G0003 H0107 H0133 H0292 H0298 J0131 K0003 M0001 N0001 P0024 R0212 R0497 Z0112 Z0147,A02YK,14,A02LR,Milk and dairy products,44,A02QE,Cheese,,,,1.000000,BEDCA,0,g,1686.82,kJ,33.5979,g,26,g,36,g,0.1,g,0,g,0,g,,,,g,110,mg,,,,,,,,,,,,,,,,,,,,,9.5,g,0.95,g,21.3,g,,,0,ug,20,ug,6.1,mg,0.36,mg,0.5,mg,0.04,mg,344.167,ug,1.5,ug,0.08,mg,0,mg,0.26,ug,0.8,mg,740,mg,,,0.4,mg,39,ug,100,mg,28,mg,700,mg,470,mg,12,ug,2.3,mg
1006,"Membrillo, crudo","Quince, raw",,A0143 A0455 A0629 A0649 A0707 A0732 A0833 B1298 C0229 E0150 F0003 G0003 H0003 J0001 K0003 M0001 N0001 P0024 R0212 R0497 Z0112,,,,,,,,,,,0.610000,BEDCA,0,g,120.525,kJ,0.225,g,0.3,g,84.2,g,6.3,g,6.4,g,,,,,6.3,g,0,mg,,,,,,,,,,,,,,,,,,,,,0.08,g,0.1,g,,g,,,,,3,ug,0.2,mg,0.18,mg,0.02,mg,0.02,mg,4,ug,0,ug,0.04,mg,15,mg,0,ug,0.89,mg,14,mg,0.13,mg,0.3,mg,,,200,mg,6,mg,3,mg,19,mg,0.6,ug,0.5,mg
1007,"Petit Suisse, natural azucarado","Petit-suisse type cheese, plain, with sugar",,A0185 A0452 A0626 A0721 A0724 A0776 A0783 B1201 C0245 E0119 F0018 G0003 H0101 H0136 H0296 J0109 J0131 K0003 M0188 N0036 N0042 P0024 R0212 R0497 Z0112,,,,,,,,,,,1.000000,BEDCA,0,g,507.651,kJ,3.75,g,7.33333,g,72.4333,g,14.3667,g,0,g,0,g,,,14.3667,g,11.3,mg,0.16,g,0.532,g,1.545,g,0.636,g,0.948,g,0.099,g,0.022,g,0.005,g,0.002,g,,,1.14,g,0.12,g,2.54,g,0.2433,g,,,3.35,ug,0.2,mg,,,0.23,mg,0.04,mg,31,ug,0.295,ug,0.045,mg,0,mg,0.1,ug,0.1,mg,120,mg,,,0.1,mg,8,ug,157,mg,12.9,mg,55.5,mg,108.5,mg,0.4,ug,0.4,mg
1008,"Papaya, cruda","Papaya, without skin, raw",,A0143 A0455 A0629 A0672 A0707 A0732 A0833 B1249 C0229 E0150 F0003 G0003 H0003 J0001 K0003 M0001 N0001 P0024 R0212 R0497 Z0112,,,,,,,,,,,0.720000,BEDCA,0,g,139.18,kJ,,g,0.5,g,89.4,g,7.6,g,1.9,g,0,g,,,7.6,g,0,mg,,,,,,,,,,,,,,,,,,,,,,g,,g,,g,,,,,45,ug,0.3,mg,0.22,mg,0.03,mg,0.03,mg,52,ug,0,ug,0.02,mg,64,mg,0,ug,0.01,mg,20,mg,0.02,mg,0.4,mg,1,ug,214,mg,13,mg,3,mg,11,mg,0.6,ug,0.12,mg
1009,"Arroz integral, hervido","Rice, brown, boiled",,A0125 A0457 A0631 A0696 A0729 A0814 B1322 C0133 E0150 F0014 G0014 H0003 J0116 K0003 M0001 N0001 P0024 R0212 R0497 Z0112 Z0205,,,,,,,,,,,1.000000,BEDCA,0,g,466.8,kJ,0.9,g,2.6,g,71.8,g,22.9,g,1.8,g,24.2,g,0.45,g,0.4,g,0,mg,,,,,,,,,,,,,,,,,,,,,0.33,g,0.32,g,0.2,g,,,,,10,ug,1.3,mg,0.28,mg,0.02,mg,0.1,mg,0,ug,0,ug,0.15,mg,0,mg,0,ug,0.2,mg,10,mg,0.1,mg,0.48,mg,1.1,ug,43,mg,43,mg,5,mg,83,mg,9.8,ug,0.63,mg
1010,"Avena, cruda","Oat, raw",,A0125 A0457 A0631 A0696 A0729 A0812 B1219 C0155 E0150 F0003 G0003 H0003 J0001 K0003 M0001 N0001 P0024 R0212 R0497 Z0112 Z0205,,,,,,,,,,,1.000000,BEDCA,0,g,1669.7,kJ,6.9,g,16.9,g,0,g,66.3,g,10.6,g,,,,,,,0,mg,,,,,,,,,,,,,,,,,,,,,2.2,g,2.5,g,1.2,g,,,,,56,ug,0.96,mg,1.35,mg,0.14,mg,0.76,mg,0,ug,0,ug,0.12,mg,0,mg,0,ug,0.7,mg,54,mg,0.63,mg,4.72,mg,6,ug,429,mg,177,mg,2,mg,523,mg,5,ug,3.97,mg
1011,Queso Gruyer,Gruyere cheese,,A0186 A0311 A0452 A0626 A0720 A0724 A0776 B1201 C0245 E0122 F0001 G0003 H0247 H0253 H0328 J0001 K0003 M0001 N0001 P0024 R0212 R0497 Z0112,,,,,,,,,,,1.000000,BEDCA,0,g,1562.36,kJ,31.3,g,23.42,g,35.5,g,0.36,g,0,g,0,g,,,,g,120,mg,,,,,,,,,,,,,,,,,,,,,8.7,g,1.1,g,18.8,g,,,,,5,ug,6,mg,0.56,mg,0.19,mg,0.04,mg,240.167,ug,1.6,ug,0.07,mg,0,mg,0.26,ug,0.8,mg,880,mg,0.03,mg,0.8,mg,2,ug,120,mg,51,mg,429.14,mg,710,mg,14.5,ug,2.3,mg
1012,Almidón de maíz,Corn starch,,A0149 A0457 A0631 A0662 A0696 A0729 A0812 B1232 C0203 E0106 F0003 G0003 H0134 H0138 J0003 K0003 M0001 N0001 P0024 R0212 R0497 Z0205 Z0215,A002R,11,A000J,Grains and grain-based products,29,A000K,Cereals and similar,,,,1.000000,BEDCA,0,g,1558.37,kJ,0,g,0.26,g,7.5,g,91.3,g,0.9,g,,,,,,,0,mg,,,,,,,,,,,,,,,,,,,,,,g,,g,,g,,,,,0,ug,0.3,mg,0,mg,0,mg,0,mg,0,ug,0,ug,0,mg,0,mg,0,ug,0,mg,2,mg,0.05,mg,0.47,mg,0.5,ug,3,mg,3,mg,9,mg,13,mg,2.8,ug,0.06,mg
1013,"Pera, enlatada en almíbar","Pear, canned, in syrup",,A0143 A0455 A0629 A0662 A0707 A0732 A0833 B1344 C0229 E0133 F0014 G0003 H0136 J0123 K0023 M0194 N0001 P0024 R0212 R0497 Z0112,,,,,,,,,,,1.000000,BEDCA,0,g,257.3,kJ,0.2,g,0.2,g,83.3,g,14.5,g,1.7,g,,,,,14.5,g,0,mg,,,,,,,,,,,,,,,,,,,,,0.02,g,0.023,g,0.007,g,,,0.02,ug,2,ug,0.2,mg,0.04,mg,0.02,mg,0.01,mg,1.7,ug,0,ug,0.02,mg,1,mg,0,ug,0.2,mg,6,mg,0.02,mg,0.3,mg,,ug,66,mg,4,mg,5,mg,7,mg,0.4,ug,0.1,mg
1014,"Cebada, cruda","Barley, raw",,A0125 A0457 A0631 A0683 A0696 A0729 A0812 B1230 C0133 E0150 F0003 G0003 H0001 J0001 K0003 M0001 N0001 P0024 R0212 R0497 Z0205 Z0215,,,,,,,,,,,1.000000,BEDCA,0,g,1345.9,kJ,2.1,g,10.6,g,8.5,g,64,g,14.8,g,,,,,,,0,mg,,,,,,,,,,,,,,,,,,,,,0.2,g,0.7,g,0.3,g,,,10,ug,50,ug,7.8,mg,0.7,mg,0.1,mg,0.31,mg,0,ug,0,ug,0.56,mg,0,mg,0,ug,0.9,mg,50,mg,0.3,mg,6,mg,7,ug,560,mg,91,mg,4,mg,380,mg,1,ug,3.3,mg
1015,"Agua, con gas, embotellada","Sparkling water, bottled",,A0112 A0465 A0639 A0709 A0734 A0844 B1217 C0005 E0123 F0001 G0003 H0175 J0001 K0003 M0203 N0001 P0024 R0212 R0497 Z0112,,,,,,,,,,,1.000000,BEDCA,0,g,0,kJ,,g,0,g,100,g,0,g,0,g,0,g,,,0,g,0,mg,,,,,,,,,,,,,,,,,,,,,,g,,g,,g,,,,,0,ug,0,mg,,,0,mg,0,mg,0,ug,0,ug,0,mg,0,mg,0,ug,0,mg,2.77,mg,,,0,mg,1,ug,4.8,mg,0.83,mg,111,mg,0,mg,,ug,0,mg
1017,"Uva negra, cruda","Red grape, raw",,A0143 A0455 A0629 A0671 A0707 A0732 A0833 B2121 C0140 E0150 F0003 G0003 H0003 J0001 K0003 M0001 N0001 P0024 R0212 R0497 Z0112,,,,,,,,,,,0.900000,BEDCA,0,g,299.6,kJ,0.7,g,0.6,g,80.7,g,15.5,g,0.4,g,0,g,,,15.5,g,0,mg,,,,,,,,,,,,,,,,,,,,,0.007,g,0.048,g,0.054,g,,,,,27,ug,0.3,mg,0.05,mg,0.02,mg,0.04,mg,7,ug,0,ug,0.1,mg,4,mg,0,ug,0.7,mg,4,mg,,,0.3,mg,2,ug,320,mg,4,mg,2,mg,16,mg,0.1,ug,0.1,mg
1018,Cereales desayuno base de arroz chocolateado,"Breakfast cereal, rice with chocolate",,A0258 A0457 A0631 A0692 A0729 A0768 A0816 B1322 C0208 E0153 F0014 G0003 H0138 H0181 H0215 H0216 H0227 H0231 H0268 J0116 K0003 M0155 N0001 P0024 R0212 R0497 Z0112,,,,,,,,,,,1.000000,BEDCA,0,g,1614.9,kJ,1.1,g,6,g,6.3,g,86.6,g,1.7,g,,,,,,,0,mg,,,,,,,,,,,,,,,,,,,,,0.6,g,0.1,g,1,g,,,,,167,ug,15,mg,,,1.3,mg,1.2,mg,0,ug,0.8,ug,1.7,mg,0,mg,0,ug,0,mg,453,mg,,,7.9,mg,4.8,ug,200.7,mg,39.6,mg,400,mg,89.3,mg,9.2,ug,1,mg
1019,"Café, en grano o molido, descafeinado","Coffee, seed or powder, descaffeinated",,A0268 A0465 A0639 A0662 A0710 A0845 B1305 C0155 E0117 F0014 G0003 H0138 H0140 J0001 K0003 M0001 N0001 P0024 R0212 R0497 Z0112,,,,,,,,,,,1.000000,BEDCA,0,g,1263.4,kJ,15.4,g,10.4,g,43.8,g,30.4,g,58.2,g,,,,,,,0,mg,,,,,,,,,,,,,,,,,,,,,1.1,g,5.1,g,5.2,g,,,0,ug,0,ug,9.3,mg,0,mg,0.19,mg,0,mg,0,ug,0,ug,0,mg,0,mg,0,ug,0,mg,120,mg,0.76,mg,3.8,mg,0,ug,1869,mg,222,mg,69,mg,148,mg,0,ug,0,mg
1020,"Garbanzo, seco, crudo","Chickpea, dried, raw",,A0152 A0455 A0629 A0680 A0704 A0731 A0831 B1172 C0133 E0150 F0003 G0003 H0138 J0116 J0123 K0003 M0001 N0001 P0024 R0212 R0497 Z0052 Z0112,,,,,,,,,,,1.000000,BEDCA,0,g,1398.47,kJ,6.3,g,19.305,g,7.275,g,49.2463,g,14.9667,g,43.07,g,,,6.176,g,0,mg,0,g,0.009,g,0.508,g,0.086,g,1.365,g,2.629,g,0.102,g,0,g,0,g,0,g,1.8,g,2.8125,g,0.4275,g,,,,,185,ug,1.7,mg,1.59,mg,0.14,mg,0.45,mg,21.5,ug,0,ug,0.15,mg,4.1,mg,0,ug,3.1,mg,143,mg,,,6.8,mg,1.5,ug,1000,mg,122,mg,30,mg,310,mg,2,ug,2,mg
1021,"Cerdo, solomillo, crudo","Pork, sirloin, raw",,A0150 A0459 A0633 A0714 A0726 A0737 A0794 B1136 C0269 E0150 F0003 G0001 H0247 J0001 K0003 M0001 N0001 P0024 Z0027,,,,,,,,,,,1.000000,BEDCA,0,g,545.7,kJ,5.1,g,21,g,74.4,g,0,g,0,g,0,g,,,0,g,72,mg,,,,,,,,,,,,,,,,,,,,,2.36703,g,0.441846,g,2.05142,g,,,2.02,ug,4,ug,4.3,mg,1.53,mg,0.26,mg,1,mg,,ug,0.7,ug,0.45,mg,0,mg,,ug,0.1,mg,8,mg,0.02,mg,1.2,mg,2.4,ug,420,mg,25,mg,53,mg,230,mg,14,ug,1.6,mg
1022,"Anís, seco","Anisette, dry",,A0277 A0465 A0639 A0713 A0734 A0850 B1347 C0174 E0139 F0014 G0003 H0136 H0148 H0229 H0232 H0270 K0003 M0132 N0040 N0042 P0024 R0212 Z0112 Z0170,,,,,,,,,,,1.000000,BEDCA,37.5,g,1104.5,kJ,,g,0,g,61.4,g,1,g,0,g,,,,,1,g,0,mg,,,,,,,,,,,,,,,,,,,,,,g,,g,,g,,,,,0,ug,0,mg,,,0,mg,0,mg,0,ug,0,ug,0,mg,0,mg,0,ug,0,mg,0,mg,,,0,mg,0,ug,2,mg,0,mg,3,mg,0,mg,0,ug,,mg
1024,"Corazón, de vaca/buey, crudo","Beef (cow/ox), heart, raw",,A0150 A0459 A0633 A0716 A0726 A0739 A0796 B1349 C0201 E0150 F0003 G0001 H0003 J0001 K0003 M0001 N0001 P0024 R0212 R0497 Z0112,,,,,,,,,,,1.000000,BEDCA,0,g,435.312,kJ,3.95437,g,17,g,76.6,g,0,g,0,g,0,g,,,0,g,140,mg,,,,,,,,,,,,,,,,,,,,,0.98,g,0.54,g,1.6,g,,,,,3,ug,7.3,mg,2.78,mg,0.96,mg,0.44,mg,0,ug,13,ug,0.3,mg,6,mg,1,ug,0.52,mg,6,mg,0.34,mg,4.8,mg,7,ug,263,mg,23,mg,92,mg,210,mg,33.3,ug,2,mg
1026,Cereales desayuno base de arroz y miel,"Breakfast cereal, rice with honey",,A0631 A0692 A0729 A0768 A0816 B1322 C0208 E0153 F0014 G0003 H0138 H0149 H0181 H0215 H0216 H0227 H0268 J0116 K0003 M0155 N0001 P0024 R0212 R0497 Z0112,,,,,,,,,,,1.000000,BEDCA,0,g,1602.7,kJ,1,g,5.1,g,5.9,g,87,g,1,g,,,,,,,0,mg,,,,,,,,,,,,,,,,,,,,,0.34,g,0.38,g,0.27,g,,,,,200,ug,15.3,mg,,,1.6,mg,1.2,mg,566,ug,0.85,ug,1.7,mg,51,mg,4.25,ug,0.5,mg,267,mg,,,10,mg,5,ug,140,mg,27.5,mg,0.4,mg,95,mg,25.6,ug,0.85,mg
1027,Néctar de ciruela,Plum nectar,,A0196 A0465 A0639 A0663 A0708 A0734 A0841 B1206 C0140 E0121 F0018 G0003 H0148 H0154 H0211 J0135 K0003 M0194 N0001 P0024 R0212 R0497 Z0112,,,,,,,,,,,1.000000,BEDCA,0,g,62.9,kJ,,g,0.3,g,95.3,g,3.4,g,1,g,,,,,,,0,mg,,,,,,,,,,,,,,,,,,,,,,g,,g,,g,,,,,1.23,ug,,mg,,,0.02,mg,0.03,mg,10.24,ug,0,ug,0.02,mg,1.26,mg,0,ug,0.29,mg,5.73,mg,,,0.16,mg,0,ug,77.81,mg,3.28,mg,18,mg,7.78,mg,,ug,0,mg
1028,"Cereales desayuno base de arroz, trigo y fruta","Breakfast cereal, rice, wheat and fruit",,A0258 A0457 A0631 A0692 A0729 A0768 A0816 B1322 C0208 E0153 F0014 G0003 H0138 H0181 H0215 H0216 H0227 H0268 H0319 H0364 J0116 K0003 M0155 N0001 P0024 R0212 R0497 Z0112,,,,,,,,,,,1.000000,BEDCA,0,g,1482.2,kJ,2.2,g,5.8,g,9.6,g,76.6,g,5.8,g,,,,,,,0,mg,,,,,,,,,,,,,,,,,,,,,,g,,g,1.4,g,,,,,300,ug,27,mg,,,2.4,mg,2.1,mg,7.4,ug,1.5,ug,3,mg,90,mg,7.5,ug,11.4,mg,21,mg,,,8.6,mg,4,ug,313.6,mg,56,mg,800,mg,145,mg,20.6,ug,1.4,mg
1029,"Ternera, solomillo, sin grasa, crudo","Veal, sirloin, raw, with separable fat",,A0150 A0459 A0633 A0714 A0726 A0737 A0794 B1349 C0269 E0152 F0003 G0003 H0003 J0001 K0003 M0001 N0001 P0024 R0212 R0497 Z0027 Z0112,,,,,,,,,,,1.000000,BEDCA,0,g,456.573,kJ,3.06333,g,20.19,g,75,g,0,g,0,g,0,g,,,0,g,73.5,mg,,,,,,,,,,,,,,,,,,,,,1.30915,g,0.332768,g,1.27743,g,,,,,11.1,ug,6.8,mg,1.45,mg,0.25,mg,0.1,mg,,ug,1.6,ug,0.445,mg,0,mg,,ug,0.075,mg,12.6,mg,0.12,mg,1.7,mg,4.9,ug,328,mg,22.3,mg,92,mg,210,mg,8.7,ug,3.1,mg
1030,"Ternera, costilla, cruda","Veal, rib, raw, with separable fat",,A0150 A0459 A0633 A0714 A0726 A0737 A0794 B1349 C0269 E0122 F0003 G0003 H0003 J0001 K0003 M0001 N0001 P0024 R0212 R0497 Z0023 Z0112,,,,,,,,,,,1.000000,BEDCA,0,g,584.596,kJ,6.6107,g,20,g,72,g,0,g,0,g,0,g,,,0,g,76,mg,,,,,,,,,,,,,,,,,,,,,2.9,g,0.8,g,2.6,g,,,,,9,ug,6.7,mg,,,0.26,mg,0.11,mg,,ug,1.4,ug,0.43,mg,0,mg,,ug,0.08,mg,12,mg,0.03,mg,2,mg,10,ug,350,mg,20,mg,90,mg,204,mg,7,ug,2.1,mg
1031,Cereales desayuno base de maíz y miel,"Breakfast cereal, corn with honey",,A0258 A0457 A0631 A0692 A0729 A0768 A0816 B1379 C0155 E0153 F0014 G0003 H0100 H0138 H0149 H0181 H0216 H0274 H0309 J0116 K0003 M0155 N0001 P0024 R0212 R0497 Z0112,,,,,,,,,,,1.000000,BEDCA,0,g,1642.5,kJ,3.5,g,6,g,4.5,g,83,g,3,g,,,,,,,0,mg,,,,,,,,,,,,,,,,,,,,,,g,,g,0.7,g,,,,,167,ug,15,mg,,,1.3,mg,1.2,mg,4.7,ug,0.8,ug,1.7,mg,0.1,mg,4.2,ug,0.3,mg,453,mg,,,7.9,mg,3.3,ug,79,mg,17.4,mg,500,mg,51.3,mg,4.9,ug,0.4,mg
1032,Cereales desayuno base de maíz y trigo,"Breakfast cereal, corn and wheat",,A0258 A0457 A0631 A0692 A0729 A0768 A0816 B1379 C0155 E0153 F0014 G0003 H0100 H0138 H0181 H0215 H0216 H0274 H0319 J0116 K0003 M0155 N0001 P0024 R0212 R0497 Z0112,,,,,,,,,,,1.000000,BEDCA,0,g,1586.6,kJ,3,g,6,g,6.8,g,80.8,g,3.4,g,,,32.2,g,,,0,mg,,,,,,,,,,,,,,,,,,,,,,g,,g,1.8,g,,,0,ug,340,ug,31,mg,10,mg,2.7,mg,2.4,mg,0,ug,1.7,ug,3.4,mg,102,mg,0,ug,17,mg,500,mg,0,mg,24,mg,0,ug,0,mg,50,mg,600,mg,170,mg,0,ug,0,mg
1034,Cereales desayuno base de trigo azucarado,"Breakfast cereal, wheat with sugar",,A0258 A0457 A0631 A0692 A0729 A0768 A0816 B1312 C0155 E0153 F0014 G0003 H0100 H0138 H0158 H0181 H0215 H0216 H0274 J0116 K0003 M0155 N0001 P0024 R0212 R0497 Z0112,,,,,,,,,,,1.000000,BEDCA,0,g,1602.5,kJ,1.5,g,7,g,4,g,84,g,3.5,g,,,,,,,0,mg,,,,,,,,,,,,,,,,,,,,,,g,,g,0.4,g,,,,,167,ug,15,mg,,,1.3,mg,1.2,mg,10.7,ug,0.8,ug,1.7,mg,0,mg,4.2,ug,0.1,mg,267,mg,,,7.9,mg,9.5,ug,72.2,mg,10.4,mg,10,mg,26,mg,2.1,ug,2.77,mg
1035,Cereales desayuno base de trigo y arroz,"Breakfast cereal, wheat and rice",,A0258 A0457 A0631 A0692 A0729 A0768 A0816 B1312 C0155 E0153 F0014 G0003 H0100 H0138 H0181 H0194 H0215 H0216 H0274 H0321 J0116 K0003 M0155 N0001 P0024 R0212 R0497 Z0112,,,,,,,,,,,1.000000,BEDCA,0,g,1584,kJ,1,g,16,g,5.5,g,75,g,2.5,g,,,,,,,0,mg,,,,,,,,,,,,,,,,,,,,,,g,,g,0.3,g,,,,,333,ug,30,mg,,,2.7,mg,2.3,mg,0,ug,1.7,ug,3.3,mg,100,mg,8.3,ug,0.3,mg,15.7,mg,,,2.2,mg,4.7,ug,180.2,mg,57.9,mg,792.9,mg,159.5,mg,9.2,ug,1.7,mg
1036,Cereales desayuno base de trigo y frutas,"Breakfast cereal, wheat and fruit",,A0258 A0457 A0631 A0692 A0729 A0768 A0816 B1312 C0155 E0153 F0014 G0003 H0100 H0138 H0181 H0194 H0215 H0216 H0274 H0364 J0116 K0003 M0155 N0001 P0024 R0212 R0497 Z0112,,,,,,,,,,,1.000000,BEDCA,0,g,1528,kJ,5,g,8,g,16,g,71,g,1.8,g,,,,,,,0,mg,,,,,,,,,,,,,,,,,,,,,,g,,g,2.5,g,,,,,250,ug,11.3,mg,,,1,mg,0.9,mg,6,ug,0.65,ug,1.3,mg,2.5,mg,0.1,ug,0.3,mg,26.8,mg,,,8.8,mg,6.1,ug,181.1,mg,60,mg,600,mg,104,mg,9.6,ug,1.1,mg
1038,Cereales desayuno base de trigo y miel,"Breakfast cereal, wheat and honey",,A0258 A0457 A0631 A0692 A0729 A0768 A0816 B1312 C0155 E0153 F0014 G0003 H0100 H0138 H0149 H0181 H0194 H0215 H0216 H0274 J0116 K0003 M0155 N0001 P0024 R0212 R0497 Z0112,,,,,,,,,,,1.000000,BEDCA,0,g,1652.1,kJ,1.6,g,5.7,g,3.2,g,88,g,1.5,g,,,,,,,0,mg,,,,,,,,,,,,,,,,,,,,,0.34,g,0.44,g,0.34,g,,,,,200,ug,15.3,mg,,,1.6,mg,1.2,mg,0.3,ug,0.85,ug,1.7,mg,51,mg,4.25,ug,0.5,mg,12.4,mg,,,10,mg,8.5,ug,184,mg,26.4,mg,0.1,mg,84.5,mg,5.9,ug,0.7,mg
1039,"Cereales desayuno base de trigo, avena, maiz y miel","Breakfast cereal, wheat, oat, corn and honey",,A0258 A0457 A0631 A0692 A0729 A0768 A0816 B1312 C0155 E0153 F0014 G0003 H0100 H0138 H0149 H0181 H0194 H0215 H0216 H0274 H0320 H0322 J0116 K0003 M0155 N0001 P0024 R0212 R0497 Z0112,,,,,,,,,,,1.000000,BEDCA,0,g,1660.3,kJ,4.9,g,8,g,5.1,g,79,g,3,g,,,3.9,g,,,0,mg,,,,,,,,,,,,,,,,,,,,,,g,,g,1,g,,,,,170,ug,15.3,mg,,,1.4,mg,1.2,mg,0.3,ug,0.85,ug,1.7,mg,51,mg,3.5,ug,0,mg,18,mg,,,11.9,mg,8.5,ug,241,mg,78,mg,0.7,mg,230,mg,5.9,ug,1.9,mg
1040,"Cereales desayuno base de trigo, avena, maíz, miel y nueces","Breakfast cereal, wheat, oat, corn, honey and nuts",,A0258 A0457 A0631 A0692 A0729 A0768 A0816 B1312 C0155 E0153 F0014 G0003 H0100 H0138 H0149 H0177 H0181 H0194 H0215 H0216 H0274 H0320 H0322 J0116 K0003 M0155 N0001 P0024 R0212 R0497 Z0112,,,,,,,,,,,1.000000,BEDCA,0,g,1635.8,kJ,2.4,g,11,g,2.2,g,80,g,4.4,g,,,30.4,g,,,0,mg,,,,,,,,,,,,,,,,,,,,,0.88,g,0.86,g,2.4,g,,,,,60,ug,4.79,mg,,,0.13,mg,0.1,mg,0,ug,0,ug,0.6,mg,0,mg,0,ug,0.71,mg,30,mg,,,13.9,mg,25.1,ug,335,mg,110,mg,775,mg,360.7,mg,5.1,ug,2.8,mg
1042,"Cereales desayuno, maíz azucarado","Breakfast cereal, corn with sugar",,A0258 A0457 A0631 A0692 A0729 A0768 A0816 B1379 C0155 E0153 F0014 G0003 H0100 H0138 H0158 H0181 H0194 H0215 H0216 H0274 H0309 J0116 K0003 M0155 N0001 P0024 R0212 R0497 Z0112,,,,,,,,,,,1.000000,BEDCA,0,g,1591,kJ,0.5,g,4.5,g,5.5,g,88,g,1.5,g,,,36.5,g,,,0,mg,,,,,,,,,,,,,,,,,,,,,,g,,g,0.5,g,,,,,200,ug,15.3,mg,,,1.6,mg,1.2,mg,9.3,ug,0.85,ug,1.7,mg,51,mg,4.25,ug,0.1,mg,13.1,mg,,,10,mg,4.7,ug,99.1,mg,16.2,mg,0.5,mg,48.8,mg,4.7,ug,0.3,mg
1043,Croissant de chocolate,Croissant with chocolate,,A0151 A0458 A0632 A0695 A0729 A0768 A0821 B1421 C0208 E0105 F0014 G0005 H0231 H0256 H0272 J0003 K0003 M0001 N0001 P0024 R0212 R0497 Z0112,A00BN,11,A000J,Grains and grain-based products,30,A009T,Fine bakery wares,,,,1.000000,BEDCA,0,g,2002.3,kJ,15.2,g,5.6,g,0,g,79.1,g,3,g,,,,,,,130,mg,0.107,g,0.158,g,5.488,g,0.68,g,3.894,g,1.482,g,0.018,g,,,,,,,5.8,g,1.3,g,6.6,g,0.078,g,,,4,ug,0.9,mg,,,0.03,mg,0.11,mg,0.13,ug,0,ug,0.07,mg,0,mg,3,ug,3.5,mg,82,mg,,,4,mg,7.7,ug,170,mg,16,mg,110,mg,87,mg,5.2,ug,2,mg
1044,"Donut, de chocolate","Doughnut, with chocolate",,A0248 A0458 A0632 A0695 A0729 A0768 A0821 B1312 C0208 E0105 F0014 G0029 H0158 H0184 H0186 H0227 H0233 H0263 H0355 H0408 H0472 H0555 H0580 J0001 K0003 M0001 N0001 P0024 R0212 R0497 Z0112,,,,,,,,,,,1.000000,BEDCA,0,g,1892,kJ,25.25,g,4.93,g,16.76,g,51.33,g,1.9,g,,,,,,,19,mg,3.71,g,1.358,g,3.675,g,3.792,g,8.352,g,1.794,g,0.166,g,0,g,0,g,0,g,8.618,g,1.96,g,13.47,g,0.2576,g,,,65,ug,1.59,mg,,,0.125,mg,0.163,mg,4,ug,0.1,ug,0.024,mg,1.3,mg,0,ug,2.02,mg,97.5,mg,,,4,mg,6.3,ug,103.4,mg,19.3,mg,440.6,mg,107.3,mg,6.8,ug,3.3,mg
1045,"Guisante, congelado, hervido","Pea, frozen, boiled",,A0152 A0455 A0629 A0650 A0704 A0730 A0831 B1338 C0133 E0131 F0014 G0014 H0001 J0136 K0003 M0166 M0197 N0001 P0024 R0212 R0497 Z0112 Z0205,,,,,,,,,,,1.000000,BEDCA,0,g,252.5,kJ,0.9,g,6,g,78.3,g,6.89409,g,7.3,g,4.27273,g,,,2.62136,g,0,mg,,,,,,,,,,,,,,,,,,,,,0.1,g,0.5,g,0.2,g,,,,,47,ug,1.6,mg,,,0.09,mg,0.26,mg,67.5,ug,0,ug,0.09,mg,14.86,mg,0,ug,0.18,mg,35,mg,,,1.6,mg,1.6,ug,150,mg,21,mg,2,mg,99,mg,0.88,ug,0.7,mg
1046,"Galleta ,tipo ""digestiva"", con chocolate","Cookie, ""digestive"" type, with chocolate",,A0203 A0458 A0632 A0663 A0695 A0729 A0821 B1312 C0133 E0140 F0014 G0005 H0158 H0272 H0355 J0100 K0003 M0001 N0001 P0024 R0212 R0497 Z0112,,,,,,,,,,,1.000000,BEDCA,0,g,2137.8,kJ,24.1,g,6.8,g,0,g,66.5,g,3.1,g,,,,,,,51,mg,,,,,,,,,,,,,,,,,,,,,8.9,g,1.8,g,12.2,g,,,,,8.6,ug,2.7,mg,,,0.11,mg,0.08,mg,,ug,,ug,0.08,mg,0,mg,,ug,1.1,mg,84,mg,0.24,mg,2.1,mg,7.4,ug,210,mg,41,mg,450,mg,130,mg,4.3,ug,1,mg
1047,"Sesos, de ternera, crudos","Brain, veal, raw",,A0150 A0459 A0633 A0716 A0726 A0739 A0796 B1349 C0199 E0151 F0003 G0003 H0003 J0001 K0003 M0001 N0001 P0024 R0212 R0497 Z0112,,,,,,,,,,,1.000000,BEDCA,0,g,495,kJ,8.6,g,10.4,g,79,g,0,g,0,g,0,g,,,0,g,2100,mg,0.003,g,0.015,g,0.86,g,1.117,g,1.118,g,0.036,g,0.048,g,0.425,g,0.031,g,0.36,g,1.7,g,1,g,2,g,0.0288,g,,,6,ug,4,mg,2.72,mg,0.26,mg,0.16,mg,0,ug,10,ug,0.16,mg,18,mg,0,ug,1.2,mg,12,mg,0.22,mg,2.1,mg,,,260,mg,14,mg,127,mg,320,mg,10,ug,1.4,mg
1048,"Galleta, barquillo, con jalea de frutas","Biscuit, fruit jam filled, comercial",,A0203 A0458 A0632 A0663 A0695 A0729 A0821 B1421 C0208 E0140 F0014 G0005 H0122 H0136 H0186 H0207 H0227 H0272 J0116 K0003 M0001 N0001 P0024 R0212 R0497 Z0112,,,,,,,,,,,1.000000,BEDCA,0,g,1538.4,kJ,5.64854,g,5.2,g,11.5,g,73,g,2,g,17.3,g,,,55.7,g,20,mg,11.15,g,4.305,g,2.281,g,2.038,g,0.88,g,0.284,g,0.007,g,,,,,,,2.3,g,1.3,g,1.8,g,0.0318,g,,,12,ug,0.09,mg,,,0.09,mg,0.04,mg,145,ug,0,ug,0.07,mg,1,mg,0.61,ug,0.45,mg,23,mg,,,1.3,mg,6.5,ug,97,mg,17,mg,188,mg,84,mg,3.4,ug,0.23,mg
1049,"Guisante, seco, crudo","Pea, dried, raw",,A0152 A0455 A0629 A0650 A0704 A0730 A0831 B1338 C0133 E0131 F0001 G0003 H0138 J0116 K0003 M0001 N0001 P0024 R0212 R0497 Z0052 Z0112,,,,,,,,,,,1.000000,BEDCA,0,g,1404.3,kJ,2.3,g,21.6,g,3.4,g,56,g,16.7,g,,,,,,,0,mg,0,g,0,g,0.064,g,0.007,g,0.035,g,0.152,g,0.035,g,0,g,0,g,0,g,0.66,g,0.23,g,0.77,g,,,,ug,42,ug,5.2,mg,1.76,mg,0.2,mg,0.7,mg,42,ug,0,ug,0.13,mg,2,mg,0,ug,0.3,mg,72,mg,0.87,mg,5.3,mg,2,ug,900,mg,123,mg,40,mg,330,mg,1.6,ug,3.5,mg
1050,"Galleta, cubierta de chocolate","Cookie, chocolate covered",,A0203 A0458 A0632 A0663 A0695 A0729 A0821 B1312 C0208 E0140 F0014 G0003 H0158 H0184 H0228 H0263 H0351 H0355 J0001 K0003 M0001 N0001 P0024 R0212 R0497 Z0112,,,,,,,,,,,1.000000,BEDCA,0,g,2263.9,kJ,27.6,g,5.7,g,0,g,67.4,g,2.9,g,,,,,,,22,mg,0.955,g,0.482,g,4.747,g,3.899,g,5.759,g,1.536,g,0.111,g,,,,,,,8,g,1.1,g,16.7,g,0.068,g,,,6,ug,1.7,mg,,,0.13,mg,0.03,mg,,ug,0,ug,0.04,mg,0,mg,0,ug,1.43,mg,110,mg,0.25,mg,1.7,mg,20.1,ug,230,mg,42,mg,160,mg,130,mg,5.7,ug,0.8,mg
1051,"Galletas, con chocolate, tipo ""cookies""","Cookie, with chocolate",,A0203 A0458 A0632 A0663 A0695 A0729 A0821 B1312 C0208 E0140 F0014 G0003 H0158 H0184 H0228 H0231 H0263 H0351 J0001 K0003 M0001 N0001 P0024 R0212 R0497 Z0112,,,,,,,,,,,1.000000,BEDCA,0,g,2046.54,kJ,22.92,g,6.2,g,5.7,g,64.3,g,1.8,g,37.6,g,,,26.7,g,88,mg,2.587,g,1.346,g,7.621,g,4.496,g,10.981,g,2.908,g,0.095,g,,,,,,,8.9542,g,6.0046,g,6.9527,g,0.805,g,,,5,ug,0.8,mg,,,0.08,mg,0.12,mg,245.833,ug,0,ug,0.07,mg,0,mg,2.2,ug,2.32,mg,78,mg,,,1.3,mg,29.1,ug,92,mg,12,mg,220,mg,82,mg,2.8,ug,0.7,mg
1052,"Galletas, de mantequilla",Butter cookie,,A0203 A0458 A0632 A0663 A0695 A0729 B1312 C0208 E0140 F0014 G0005 H0136 H0186 H0228 H0271 H0351 J0001 K0003 M0001 N0001 P0024 R0212 R0497 Z0112,,,,,,,,,,,1.000000,BEDCA,0,g,2015,kJ,20,g,7,g,2,g,68,g,1.6,g,43,g,,,25,g,107,mg,0.81,g,1.826,g,10.917,g,3.254,g,7.515,g,1.441,g,0.103,g,,,,,,,6.1,g,1,g,11.2,g,0.382,g,,,13,ug,0.9,mg,,,0.04,mg,0.16,mg,190.667,ug,,ug,0.05,mg,0,mg,0.5,ug,1.3,mg,60,mg,,,1.8,mg,8.5,ug,130,mg,17,mg,410,mg,85,mg,5.6,ug,0.9,mg
1053,"Hígado, de vaca/buey, crudo","Liver, beef, raw",,A0150 A0459 A0633 A0714 A0726 A0739 A0796 B1201 C0176 E0150 F0003 G0003 H0003 J0001 K0003 M0001 N0001 P0024 R0212 R0497 Z0112,,,,,,,,,,,1.000000,BEDCA,0,g,566.999,kJ,4.02159,g,21.1,g,70,g,3.5,g,0,g,3.5,g,,,0,g,300,mg,0.003,g,0.035,g,0.942,g,0.975,g,0.821,g,0.507,g,0.019,g,0.289,g,0.014,g,0.067,g,0.64,g,0.84,g,1.5,g,0.2515,g,,,266,ug,12.78,mg,7.62,mg,2.9,mg,0.26,mg,10250,ug,81,ug,0.8,mg,25,mg,1.2,ug,0.5,mg,7,mg,3.2,mg,7.2,mg,3,ug,325,mg,17,mg,96,mg,358,mg,41.3,ug,4,mg
1054,Harina de avena,Oat flour,,A0149 A0457 A0631 A0693 A0729 A0759 A0813 B1219 C0208 E0106 F0003 G0003 H0138 J0116 K0003 M0001 N0001 P0024 R0212 R0497 Z0112 Z0205,A002Y,11,A000J,Grains and grain-based products,29,A000K,Cereals and similar,,,,1.000000,BEDCA,0,g,1472.7,kJ,6.4,g,15,g,10.9,g,57.7,g,10,g,,,,,,,0,mg,,,,,,,,,,,,,,,,,,,,,2.1,g,2.4,g,1.1,g,,,20,ug,3.8,ug,0.1,mg,1.3,mg,0.14,mg,0.5,mg,0,ug,0,ug,0.12,mg,0,mg,0,ug,1.7,mg,52,mg,,,3.8,mg,20,ug,350,mg,110,mg,9,mg,380,mg,8.6,ug,4.5,mg
1055,"Harina de avena, cocida en agua","Oat flour, boiled in water",,A0149 A0457 A0631 A0693 A0729 A0759 A0813 B1219 C0208 E0106 F0014 G0014 H0138 J0116 K0003 M0001 N0001 P0024 R0212 R0497 Z0112 Z0205,,,,,,,,,,,1.000000,BEDCA,0,g,193.1,kJ,0.9,g,1.4,g,88.9,g,8,g,0.8,g,,,0.13,g,,,0,mg,,,,,,,,,,,,,,,,,,,,,0.32,g,0.36,g,0.16,g,,,,,5,ug,0.1,mg,0.1,mg,0.01,mg,0.05,mg,1.1,ug,0,ug,0.01,mg,0,mg,0,ug,0.2,mg,5,mg,,,0.5,mg,8.3,ug,40,mg,15,mg,580,mg,45,mg,5.6,ug,1.5,mg
1056,Harina de cebada,Barley flour,,A0149 A0457 A0631 A0693 A0729 A0759 A0813 B1230 C0208 E0106 F0003 G0003 H0138 J0116 K0003 M0001 N0001 P0024 R0212 R0497 Z0112 Z0205,,,,,,,,,,,1.000000,BEDCA,0,g,1504.2,kJ,1.6,g,10.5,g,3.3,g,74.5,g,10.1,g,,,,,,,0,mg,,,,,,,,,,,,,,,,,,,,,0.21,g,0.77,g,0.34,g,,,,,8,ug,6.27,mg,0.145,mg,0.11,mg,0.37,mg,0,ug,0,ug,0.4,mg,0,mg,0,ug,0.2,mg,32,mg,0.34,mg,2.68,mg,5,ug,309,mg,96,mg,4,mg,296,mg,8.6,ug,2,mg
1057,"Néctar de frutas exóticas, envasado",Tropical fruit nectar,,A0196 A0465 A0639 A0663 A0708 A0734 A0841 B1024 C0140 E0121 F0018 G0003 H0148 H0154 H0211 J0135 K0003 M0194 N0001 P0024 R0212 R0497 Z0112,,,,,,,,,,,1.000000,BEDCA,0,g,231.2,kJ,,g,0.4,g,86.2,g,13.2,g,,g,0,g,,,13.2,g,0,mg,,,,,,,,,,,,,,,,,,,,,,g,,g,,g,,,,,5,ug,0.25,mg,,,0.03,mg,0.04,mg,16.6667,ug,0,ug,0.01,mg,15,mg,0,ug,0.3,mg,15,mg,,,0.1,mg,1,ug,120,mg,8,mg,3,mg,10,mg,,ug,,mg
1059,"Pavo, muslo, con piel, crudo","Turkey, leg, with skin, raw",,A0273 A0459 A0633 A0715 A0726 A0741 A0795 B1236 C0268 E0150 F0003 G0003 H0003 J0001 K0003 M0001 N0001 P0024 R0212 R0497 Z0003 Z0024 Z0112,,,,,,,,,,,0.730000,BEDCA,0,g,630.612,kJ,8.35979,g,18.9,g,71.5,g,0,g,0,g,0,g,,,0,g,72,mg,,,,,,,,,,,,,,,,,,,,,3,g,2.3,g,2.6,g,,,,,10,ug,2.9,mg,0.91,mg,0.2,mg,0.07,mg,,ug,0.38,ug,0.32,mg,0,mg,,ug,,mg,13,mg,0.11,mg,1.5,mg,2,ug,201,mg,27,mg,71,mg,211,mg,26.5,ug,1.6,mg
1060,"Masa de hojaldre, cruda","Puff pastry, raw",,A0160 A0457 A0632 A0695 A0729 A0768 A0821 B1312 C0208 E0140 F0003 G0003 H0221 J0001 K0003 M0001 N0001 P0024 R0212 R0497 Z0112,,,,,,,,,,,1.000000,BEDCA,0,g,1706.95,kJ,29.35,g,4.85,g,30.35,g,31.6796,g,1.5,g,31,g,,,0.679612,g,41,mg,0.055,g,0.226,g,8.657,g,1.764,g,5.045,g,3.046,g,0.014,g,0,g,0,g,0,g,12.0662,g,5.36274,g,10.6297,g,2.998,g,,,12.5,ug,0.9,mg,,,0.01,mg,0.14,mg,145.833,ug,0,ug,0.06,mg,1,mg,1.3,ug,1.47,mg,66.5,mg,,,1,mg,17.2,ug,66.5,mg,15.5,mg,340,mg,57,mg,24.2,ug,0.35,mg
1061,"Néctar de mango, envasado",Mango nectar,,A0196 A0465 A0639 A0663 A0708 A0734 A0841 B1270 C0140 E0121 F0018 G0003 H0148 H0154 H0211 J0135 K0003 M0194 N0001 P0024 R0212 R0497 Z0112,,,,,,,,,,,1.000000,BEDCA,0,g,236.3,kJ,,g,0.2,g,85.4,g,13.7,g,0.2,g,0.2,g,,,13.5,g,0,mg,,,,,,,,,,,,,,,,,,,,,,g,,g,,g,,,,,5,ug,0.25,mg,,,0.01,mg,,mg,14.5,ug,0,ug,0.01,mg,13,mg,0,ug,0.3,mg,2,mg,,,0.2,mg,0.8,ug,21,mg,6,mg,4,mg,4,mg,0.3,ug,,mg
1062,"Napolitana, rellena con crema de cacao","Flaky pastry, filled with chocolate cream",,A0202 A0458 A0632 A0695 A0729 A0768 A0821 B1421 C0208 E0140 F0014 G0005 H0158 H0186 H0207 H0221 H0231 J0001 K0003 M0001 N0001 P0024 R0212 R0497 Z0112,,,,,,,,,,./foodimages/Napolitanas%20de%20chocolate.jpg,1.000000,BEDCA,0,g,1951,kJ,27,g,7,g,17,g,49,g,7.2,g,,,,,,,50,mg,0.002,g,0.014,g,1.209,g,0.894,g,4.218,g,9.35,g,0.027,g,,g,,,,,4.77,g,9.04,g,2.3,g,0.1462,g,,,63.4,ug,1.5,mg,,,0.1,mg,,mg,2.96,ug,3.23,ug,0.05,mg,0,mg,1.23,ug,5.51,mg,79.4,mg,,,3.9,mg,7.5,ug,0,mg,19.8,mg,498,mg,118,mg,3,ug,2.3,mg
1063,"Riñón, de cordero, crudo","Kidney, lamb, raw",,A0150 A0459 A0633 A0716 A0726 A0739 A0796 B1669 C0196 E0150 F0003 G0003 H0003 J0001 K0003 M0001 N0001 P0024 R0212 R0497 Z0112,,,,,,,,,,,1.000000,BEDCA,0,g,396.55,kJ,2.99866,g,16.8,g,78.2,g,0,g,0,g,0,g,,,0,g,375,mg,0.003,g,0.046,g,1.194,g,0.815,g,1.113,g,0.683,g,0.032,g,0.248,g,0.008,g,0.011,g,0.66,g,0.58,g,1,g,0.0214,g,,,30,ug,7.51,mg,4.22,mg,2.1,mg,0.5,mg,133,ug,54,ug,0.26,mg,8,mg,,ug,0.43,mg,12,mg,0.42,mg,7.4,mg,6,ug,255,mg,16,mg,180,mg,255,mg,93,ug,2.4,mg
1064,"Pan blanco, de barra, sin sal","White bread, without salt",,A0178 A0458 A0632 A0662 A0695 A0729 A0817 B1312 C0208 E0147 F0014 G0005 H0256 J0003 K0003 M0001 N0001 P0024 P0080 R0212 R0497 Z0112,,,,,,,,,,,1.000000,BEDCA,0,g,1094.82,kJ,1.14925,g,8,g,32,g,53.9,g,3.5,g,52,g,,,1.9,g,0,mg,,,,,,,,,,,,,,,,,,,,,0.14,g,0.4,g,0.23,g,,,,,23,ug,1,mg,,,0.05,mg,0.09,mg,0,ug,0,ug,0.12,mg,0,mg,0,ug,0.18,mg,20,mg,,,1.7,mg,7.3,ug,100,mg,26,mg,2,mg,90,mg,5.6,ug,0.6,mg
1065,"Lenteja, seca, cruda","Lentil, dried, raw",,A0152 A0455 A0629 A0680 A0704 A0730 A0831 B1268 C0133 E0150 F0003 G0003 H0138 J0116 J0123 K0003 M0001 N0001 P0024 R0212 R0497 Z0052 Z0215,,,,,,,,,,,1.000000,BEDCA,0,g,1292.26,kJ,1.17286,g,24.7674,g,8.845,g,48.6954,g,9.6975,g,49.4,g,,,1.27,g,0,mg,,,,,,,,,,,,,,,,,,,,,0.216734,g,0.549431,g,0.172121,g,,,,,117.1,ug,3,mg,1.85,mg,0.39,mg,0.62,mg,13.3333,ug,0,ug,0.65,mg,1.7,mg,0,ug,0.9,mg,57.291,mg,1.02,mg,6.87368,mg,1.6,ug,463.05,mg,74.3168,mg,226.78,mg,256.04,mg,9.9,ug,3.9,mg
1066,"Pan blanco, tipo ""baguette""","White bread, ""baguette"" type",,A0178 A0458 A0632 A0662 A0695 A0729 A0817 B1312 C0208 E0147 F0014 G0005 H0256 J0003 K0003 M0001 N0001 P0024 R0212 R0497 Z0112,,,,,,,,,,,1.000000,BEDCA,0,g,1128.82,kJ,1.14925,g,8,g,29,g,55.9,g,3.5,g,54,g,,,1.9,g,0,mg,,,,,,,,,,,,,,,,,,,,,0.14,g,0.4,g,0.23,g,,,,,23,ug,1,mg,,,0.05,mg,0.09,mg,0,ug,0,ug,0.12,mg,0,mg,0,ug,0.18,mg,23,mg,,,1.5,mg,7.3,ug,120,mg,26,mg,650,mg,90,mg,5.6,ug,0.6,mg
1067,Pan de avena,Oat bread,,A0178 A0458 A0632 A0662 A0695 A0729 A0817 B1219 C0208 E0147 F0014 G0005 H0256 J0003 K0003 M0001 N0001 P0024 R0212 R0497 Z0112,,,,,,,,,,./foodimages/IMG_3618.jpg,1.000000,BEDCA,0,g,1130.1,kJ,4.4,g,8.4,g,34.7,g,48.5,g,4,g,,,,,,,0,mg,,,,,,,,,,,,,,,,,,,,,1.6,g,1.7,g,0.7,g,,,,,62,ug,3.14,mg,0.34,mg,0.24,mg,0.4,mg,2,ug,0.03,ug,0.07,mg,0,mg,0,ug,0.61,mg,43,mg,0.21,mg,3.15,mg,12.2,ug,165,mg,68,mg,23.4,mg,147,mg,24.6,ug,1.02,mg
1068,Zumo de piña y uva,Pineapple and grape juice,,A0127 A0455 A0629 A0708 A0732 A0766 A0841 B1484 C0140 E0114 F0014 G0003 H0362 J0123 K0003 M0194 N0001 P0024 R0212 R0497 Z0112 Z0205,,,,,,,,,,,1.000000,BEDCA,0,g,231.2,kJ,,g,0.6,g,86.4,g,13,g,,g,,,,,,,0,mg,,,,,,,,,,,,,,,,,,,,,0.009,g,0.028,g,0.005,g,,,,,1.04,ug,0.2,mg,,,,mg,0.05,mg,1.03,ug,0.51,ug,0.04,mg,2.7,mg,0,ug,0.04,mg,15.4,mg,,,0.19,mg,,ug,117.2,mg,12.3,mg,7.3,mg,25.6,mg,0.1,ug,0.2,mg
1069,"Riñón, de ternera, crudo","Kidney, veal, raw",,A0150 A0459 A0633 A0716 A0726 A0739 A0796 B1349 C0196 E0150 F0003 G0003 H0003 J0001 K0003 M0001 N0001 P0024 R0212 R0497 Z0112,,,,,,,,,,,1.000000,BEDCA,0,g,445.587,kJ,4.32396,g,16.8,g,77,g,0,g,0,g,0,g,,,0,g,375,mg,0.003,g,0.046,g,1.194,g,0.815,g,1.113,g,0.683,g,0.032,g,0.248,g,0.008,g,0.011,g,0.96,g,0.87,g,1.4,g,0.0214,g,,,55,ug,7,mg,3.3,mg,2.2,mg,0.34,mg,140,ug,25,ug,0.48,mg,12,mg,1,ug,0.2,mg,10,mg,0.5,mg,8.6,mg,6,ug,260,mg,16,mg,184,mg,260,mg,93,ug,1.9,mg
1070,Pan de cebada,Barley bread,,A0178 A0458 A0632 A0662 A0695 A0729 A0817 B1230 C0208 E0147 F0014 G0005 H0256 J0003 K0003 M0001 N0001 P0024 R0212 R0497 Z0112 Z0113,,,,,,,,,,./foodimages/cebada5.jpg,1.000000,BEDCA,0,g,827.8,kJ,1.1,g,6.4,g,52.6,g,39.9,g,4.6,g,,,,,,,2,mg,,,,,,,,,,,,,,,,,,,,,0.3,g,0.7,g,0.5,g,,,,,47.3,ug,5.2,mg,,,0.06,mg,0.15,mg,3.8,ug,0.1,ug,0.1,mg,0.2,mg,0.3,ug,0.8,mg,3.7,mg,,,0.3,mg,21.4,ug,61.2,mg,9.7,mg,1.5,mg,93.2,mg,7.3,ug,2.4,mg
1071,Pan de maíz,Corn bread,,A0178 A0458 A0632 A0662 A0695 A0729 A0817 B1232 C0208 E0147 F0014 G0005 H0256 J0003 K0003 M0001 N0001 P0024 R0212 R0497 Z0112 Z0113,A004Z,11,A000J,Grains and grain-based products,26,A004V,Bread and similar products,,,./foodimages/gastronomia_de_mazamitla_h.jpg,1.000000,BEDCA,0,g,1310.1,kJ,10,g,7.2,g,32.3,g,48.1,g,2.4,g,,,,,,,61,mg,,,,,,,,,,,,,,,,,,,,,5.1,g,1.2,g,1.76,g,,,,,55,ug,1.5,mg,0.44,mg,0.27,mg,0.24,mg,44,ug,0.16,ug,0.1,mg,0.8,mg,0,ug,0.85,mg,73,mg,0.06,mg,1.9,mg,80,ug,128,mg,20,mg,778,mg,376,mg,9.9,ug,0.63,mg
1072,"Pasta alimenticia, con huevo, hervida","Pasta, with egg, boiled",,A0275 A0457 A0631 A0694 A0729 A0768 A0815 B1079 C0208 E0153 F0014 G0014 H0138 H0186 H0366 J0116 K0003 M0001 N0001 P0024 R0212 R0497 Z0112,,,,,,,,,,,1.000000,BEDCA,0,g,524.424,kJ,1.49254,g,4.7,g,70,g,22.9,g,1,g,22.3,g,,,0.6,g,8,mg,,,,,,,,,,,,,,,,,,,,,0.5,g,0.2,g,0.3,g,,,,,7,ug,0.4,mg,,,0.02,mg,0.03,mg,4,ug,0.09,ug,0.04,mg,0,mg,0.7,ug,0.05,mg,10,mg,,,0.4,mg,2.9,ug,23,mg,12,mg,2,mg,45,mg,1.9,ug,0.3,mg
1073,"Pasta alimenticia, con vegetales, cruda","Pasta, with vegetables, raw",,A0275 A0457 A0631 A0694 A0729 A0768 A0815 B1079 C0208 E0153 F0003 G0003 H0138 H0212 J0116 K0003 M0001 N0001 P0024 R0212 R0497 Z0112,,,,,,,,,,,1.000000,BEDCA,0,g,1417,kJ,2,g,12,g,13,g,67,g,6,g,,,,,,,0,mg,,,,,,,,,,,,,,,,,,,,,,g,,g,0.5,g,,,,,17,ug,10.1,mg,,,0.53,mg,1,mg,8,ug,0,ug,0.13,mg,0,mg,0,ug,0.1,mg,34,mg,,,4.3,mg,10,ug,285,mg,46,mg,0.01,mg,116,mg,62.2,ug,0.76,mg
1074,"Pasta alimenticia, integral, cruda","Pasta, whole, raw",,A0275 A0457 A0631 A0694 A0729 A0768 A0815 B1079 C0133 E0140 F0003 G0003 H0138 J0116 K0003 M0001 N0001 P0024 R0212 R0497 Z0112,,,,,,,,,,./foodimages/i-pasta-fusilli.jpg,1.000000,BEDCA,0,g,1445.7,kJ,2.5,g,13.4,g,0,g,66.2,g,11.5,g,,,,,,,0,mg,,,,,,,,,,,,,,,,,,,,,0.3,g,1.1,g,0.4,g,,,,,0,ug,6.2,mg,0.98,mg,0.14,mg,0.49,mg,0,ug,0,ug,0.22,mg,0,mg,0,ug,0.25,mg,40,mg,0.45,mg,3.63,mg,1.9,ug,215,mg,143,mg,8,mg,258,mg,73,ug,2.37,mg
1075,"Sesos, de cerdo, crudos","Brain, pork, raw",,A0150 A0459 A0633 A0716 A0726 A0739 A0796 B1136 C0199 E0150 F0003 G0003 H0003 J0001 K0003 M0001 N0001 P0024 R0212 R0497 Z0112,,,,,,,,,,,1.000000,BEDCA,0,g,513.2,kJ,9,g,10.6,g,78,g,0,g,0,g,0,g,,,0,g,2000,mg,0.003,g,0.015,g,0.86,g,1.117,g,1.118,g,0.036,g,0.048,g,0.425,g,0.031,g,0.36,g,1.6,g,1.4,g,2,g,0.0288,g,,,6,ug,4.3,mg,2.8,mg,0.28,mg,0.16,mg,0,ug,2.9,ug,0.2,mg,17,mg,0.01,ug,1.2,mg,10,mg,0.24,mg,3.6,mg,,,312,mg,20,mg,153,mg,400,mg,15.9,ug,1.4,mg
1076,"Pasta alimenticia, integral, hervida","Pasta, whole, boiled",,A0275 A0457 A0631 A0694 A0729 A0768 A0815 B1079 C0133 E0140 F0014 G0014 H0138 J0116 K0003 M0001 N0001 P0024 R0212 R0497 Z0112,,,,,,,,,,,1.000000,BEDCA,0,g,507.6,kJ,0.9,g,4.7,g,63.7,g,23.2,g,4,g,,,,,,,0,mg,,,,,,,,,,,,,,,,,,,,,0.1,g,0.4,g,0.1,g,,,,,5,ug,1.3,mg,0.42,mg,0.04,mg,0.11,mg,0,ug,0,ug,0.08,mg,0,mg,0,ug,0.01,mg,15,mg,0.17,mg,1.06,mg,1.9,ug,44,mg,30,mg,3,mg,89,mg,25.9,ug,0.81,mg
1077,"Pasta alimenticia, rellena con carne, hervida","Pasta, filled with meat, boiled",,A0275 A0457 A0631 A0694 A0729 A0768 A0815 B1079 C0208 E0140 F0014 G0014 H0191 H0207 J0001 K0003 M0001 N0001 P0024 R0212 R0497 Z0112,,,,,,,,,,,1.000000,BEDCA,0,g,420.423,kJ,3.3682,g,4.7,g,77.2,g,12.7,g,1.8,g,12.7,g,,,0,g,23,mg,,,,,,,,,,,,,,,,,,,,,1.6,g,0.32,g,1.3,g,,,,,10,ug,1.6,mg,,,0.06,mg,0.12,mg,25,ug,,ug,0.2,mg,0,mg,0.1,ug,0.3,mg,20,mg,,,1.3,mg,10,ug,163,mg,18,mg,444,mg,70,mg,20,ug,0.5,mg
1078,Pastel de manzana,Apple cake,,A0253 A0456 A0632 A0695 A0729 A0768 A0821 B1245 C0229 E0105 F0014 G0005 H0136 H0147 H0152 H0207 H0221 H0227 J0001 K0003 M0001 N0001 P0024 R0212 R0497 Z0112,A00CF,11,A000J,Grains and grain-based products,30,A009T,Fine bakery wares,,,./foodimages/pastel-de-manzana.jpg,1.000000,BEDCA,0,g,1597.7,kJ,15.2,g,3.5,g,22.2,g,57.4,g,2.1,g,,,,,,,60,mg,0.021,g,0.126,g,2.062,g,1.534,g,4.109,g,2.066,g,0.123,g,0,g,0,g,0,g,4.2,g,0.6,g,8.9,g,2.855,g,,ug,7,ug,0.9,mg,0,mg,0.03,mg,0.1,mg,37,ug,0,ug,0.07,mg,7,mg,0.34,ug,0.52,mg,82,mg,0.1,mg,4,mg,5,ug,117,mg,35,mg,626,mg,87,mg,1,ug,2,mg
1079,"Zumo de pomelo, envasado",Grapefruit juice,,A0127 A0455 A0629 A0708 A0732 A0766 A0841 B1507 C0140 E0114 F0014 G0003 H0001 J0123 K0003 M0194 N0001 P0024 R0212 R0497 Z0112 Z0205,,,,,,,,,,,1.000000,BEDCA,0,g,158.1,kJ,,g,0.5,g,89,g,8.8,g,,g,0,g,2.21,g,8.8,g,0,mg,,,,,,,,,,,,,,,,,,,,,,g,,g,,g,,,,,7,ug,0.23,mg,0.03,mg,0.02,mg,0.04,mg,0.666667,ug,0,ug,0.02,mg,29,mg,0,ug,0.08,mg,9,mg,,,0.2,mg,1,ug,150,mg,10,mg,2,mg,15,mg,1,ug,,mg
1080,"Sesos, de cordero, crudos","Brain, lamb, raw",,A0150 A0459 A0633 A0716 A0726 A0739 A0796 B1669 C0199 E0151 F0003 G0003 H0003 J0001 K0003 M0001 N0001 P0024 R0212 R0497 Z0112,,,,,,,,,,,1.000000,BEDCA,0,g,565.9,kJ,10.7,g,10,g,78,g,0,g,0,g,0,g,,,0,g,2100,mg,0.003,g,0.015,g,0.86,g,1.117,g,1.118,g,0.036,g,0.048,g,0.425,g,0.031,g,0.36,g,2.1,g,1.3,g,2.4,g,0.0288,g,,,6,ug,2.1,mg,0.92,mg,0.25,mg,0.2,mg,0,ug,8,ug,0.1,mg,18,mg,0,ug,1.2,mg,10,mg,0.24,mg,2.1,mg,,,240,mg,17,mg,125,mg,320,mg,9,ug,1.4,mg
1081,Zumo de mango,Mango juice,,A0127 A0455 A0629 A0708 A0732 A0766 A0841 B1270 C0140 E0114 F0014 G0003 H0001 J0123 K0003 M0194 N0001 P0024 R0212 R0497 Z0112 Z0205,A039Y,10,A039K,Fruit and vegetable juices and nectars,23,A04PM,Fruit juices and nectars,,,./foodimages/mango600.jpg,1.000000,BEDCA,0,g,175.7,kJ,0.2,g,0.1,g,89.9,g,9.8,g,,g,,,4.5,g,,,0,mg,,,,,,,,,,,,,,,,,,,,,,g,,g,,g,,,,,1.1,ug,0.5,mg,,,0.01,mg,0.01,mg,35,ug,0,ug,0.01,mg,25,mg,0,ug,1.05,mg,2,mg,,,1.5,mg,0.8,ug,18,mg,3.5,mg,9,mg,22,mg,0.3,ug,,mg
1083,"Quinoa, cruda","Quinoa, raw",,A0125 A0457 A0631 A0683 A0696 A0729 A0812 B2027 C0155 E0150 F0001 G0003 H0138 J0116 K0003 M0001 N0001 P0024 R0212 R0497 Z0205 Z0215,,,,,,,,,,,1.000000,BEDCA,0,g,1276.47,kJ,5.55555,g,13.8,g,11.5,g,49.195,g,7.9,g,43.2727,g,,,5.92233,g,0,mg,,,,,,,,,,,,,,,,,,,,,1.4,g,2.1,g,0.5,g,,,,,30,ug,2.9,mg,,,0.4,mg,0.2,mg,0,ug,0,ug,0.2,mg,0,mg,0,ug,0.45,mg,79,mg,,,7.8,mg,,,780,mg,210,mg,61,mg,230,mg,8.5,ug,3.3,mg
1084,"Sémola de trigo, cruda","Ground wheat, raw",,A0149 A0457 A0631 A0696 A0729 A0759 A0812 B1079 C0208 E0117 F0003 G0003 H0138 J0116 K0003 M0001 N0001 P0024 R0212 R0497 Z0112 Z0205,,,,,,,,,,,1.000000,BEDCA,0,g,1456.84,kJ,1.23881,g,12.6,g,11,g,70.4,g,4,g,70.4,g,,,,g,0,mg,,,,,,,,,,,,,,,,,,,,,0.13,g,0.54,g,0.16,g,,,,,23,ug,2.7,mg,,,0.07,mg,0.2,mg,0,ug,0,ug,0.13,mg,0,mg,0,ug,,mg,20,mg,,,1.1,mg,5,ug,193,mg,40,mg,3,mg,143,mg,7.7,ug,3.4,mg
1085,"Sémola de trigo, hervida","Ground wheat, boiled",,A0149 A0457 A0631 A0696 A0729 A0759 A0812 B1079 C0208 E0117 F0014 G0014 H0138 J0116 K0003 M0001 N0001 P0024 R0212 R0497 Z0109 Z0205,,,,,,,,,,,1.000000,BEDCA,0,g,228.4,kJ,0.2,g,2,g,86.8,g,11,g,0.6,g,11,g,0.2,g,0,g,0,mg,,,,,,,,,,,,,,,,,,,,,,g,0.085,g,,g,,,,,9,ug,0.42,mg,,,0.011,mg,0.03,mg,0,ug,0,ug,0.02,mg,0,mg,0,ug,,mg,3.14,mg,,,0.17,mg,5,ug,30,mg,6.3,mg,3,mg,22.5,mg,7.7,ug,0.5,mg
1086,Sobao,"Traditional sponge cake, sobao",,A0210 A0456 A0630 A0698 A0735 A0768 A0864 B1312 C0208 E0105 F0014 G0005 H0152 H0158 H0178 H0221 J0003 K0003 M0001 N0001 P0024 R0212 R0497 Z0112,,,,,,,,,,./foodimages/sobaos-el-macho.jpg,1.000000,BEDCA,0,g,1826.6,kJ,25.2,g,5.9,g,22.2,g,46.7,g,3.6,g,,,,,,,225,mg,0.626,g,0.585,g,4.916,g,0.883,g,4.798,g,3.149,g,0.027,g,0.002,g,,,,,8.5,g,2,g,7.6,g,0.153,g,,,39.1,ug,0.9,mg,,,0.15,mg,0.16,mg,46.5,ug,0.7,ug,0.07,mg,0,mg,0.42,ug,2.5,mg,93.1,mg,,,3.6,mg,15,ug,104,mg,16.7,mg,226,mg,117,mg,9.1,ug,0.4,mg
1088,"Trigo, entero, crudo","Wheat, whole, raw",,A0125 A0457 A0631 A0683 A0696 A0729 A0812 B1312 C0155 E0150 F0003 G0003 H0001 J0001 K0003 M0001 N0001 P0024 R0212 R0497 Z0205 Z0215,,,,,,,,,,./foodimages/trigo.gif,1.000000,BEDCA,0,g,1309.9,kJ,2,g,11.7,g,15,g,61,g,10.3,g,,,,,,,0,mg,,,,,,,,,,,,,,,,,,,,,0.27,g,1.1,g,0.37,g,,,,,49,ug,8.2,mg,,,0.14,mg,0.48,mg,0,ug,0,ug,0.45,mg,0,mg,0,ug,1.4,mg,43.7,mg,,,3.3,mg,0.6,ug,421,mg,147,mg,7.8,mg,344.42,mg,9.5,ug,4.1,mg
1089,"Zumo de lima, envasado",Lime juice,,A0127 A0455 A0629 A0708 A0732 A0766 A0841 B1067 C0140 E0114 F0014 G0003 H0001 J0123 K0003 M0194 N0001 P0024 R0212 R0497 Z0112 Z0205,,,,,,,,,,,1.000000,BEDCA,0,g,64.125,kJ,0.125,g,0.3,g,92.5,g,3.2,g,0.1,g,0,g,0.26,g,3.2,g,0,mg,,,,,,,,,,,,,,,,,,,,,,g,,g,,g,,,,,8,ug,0.16,mg,0.14,mg,,mg,0.03,mg,1.66667,ug,0,ug,0.03,mg,6,mg,0,ug,0.17,mg,12,mg,,,0.2,mg,1.5,ug,75,mg,7,mg,2,mg,10,mg,0.1,ug,,mg
1090,Zumo de grosella roja,Red currant juice,,A0127 A0455 A0629 A0708 A0732 A0766 A0841 B1055 C0140 E0114 F0014 G0003 H0001 J0123 K0003 M0194 N0001 P0024 R0212 R0497 Z0112 Z0205,,,,,,,,,,,1.000000,BEDCA,0,g,231.2,kJ,,g,0.4,g,86.4,g,13.2,g,,g,,,0,g,,,0,mg,,,,,,,,,,,,,,,,,,,,,,g,,g,,g,,,,,,ug,0.6,mg,,,0,mg,0,mg,5,ug,0,ug,,mg,6,mg,0,ug,,mg,7,mg,,,0.34,mg,1,ug,110,mg,14,mg,,mg,7.1,mg,0.1,ug,0.2,mg
1091,Zumo de grosella negra,Black currant juice,,A0127 A0455 A0629 A0708 A0732 A0766 A0841 B1192 C0140 E0114 F0014 G0003 H0001 J0123 K0003 M0194 N0001 P0024 R0212 R0497 Z0112 Z0205,,,,,,,,,,,1.000000,BEDCA,0,g,142.8,kJ,,g,0.8,g,87.4,g,7.6,g,0,g,,,,,,,0,mg,,,,,,,,,,,,,,,,,,,,,,g,,g,,g,,,0,ug,4,ug,0.03,mg,0.14,mg,0.03,mg,0.01,mg,0,ug,0,ug,0.11,mg,37,mg,0,ug,0.54,mg,26,mg,0.04,mg,5.2,mg,1,ug,190,mg,13,mg,,mg,29,mg,0.1,ug,0.1,mg
1092,Vodka,Vodka,,A0120 A0465 A0639 A0713 A0734 A0850 B1324 C0133 E0123 F0014 G0003 H0232 H0270 J0003 K0003 M0130 N0040 P0024 R0212 R0497 Z0112,A03PH,2,A03LZ,Alcoholic beverages,4,A04QF,Unsweetened spirits and liqueurs,,,,1.000000,BEDCA,33.5,g,971.5,kJ,,g,0,g,66.5,g,0,g,0,g,0,g,,,0,g,0,mg,,,,,,,,,,,,,,,,,,,,,,g,,g,,g,,,,,0,ug,0,mg,,,0,mg,0,mg,0,ug,0,ug,0,mg,0,mg,0,ug,0,mg,,mg,,,,mg,0,ug,1,mg,0,mg,1,mg,5,mg,0,ug,0,mg
1094,"Té, infusión, con leche","Tea infusion, with milk",,A0268 A0465 A0639 A0710 A0734 A0762 A0845 B1623 C0200 E0123 F0014 G0003 H0148 H0184 J0003 K0003 M0001 N0001 P0024 R0212 R0497 Z0110 Z0205,,,,,,,,,,,1.000000,BEDCA,0,g,158.069,kJ,2.36538,g,1.7,g,94,g,2.45,g,0,g,0.15,g,,,2.3,g,7,mg,,,,,,,,,,,,,,,,,,,,,0.6235,g,0.0656,g,1.2032,g,,,,,1,ug,0.1,mg,,,0.08,mg,0.02,mg,15.8333,ug,0.1,ug,0.01,mg,0.5,mg,0.01,ug,0.04,mg,55,mg,,,0.05,mg,1,ug,90,mg,1.5,mg,23,mg,40,mg,,ug,0.18,mg
1095,"Vermut, s/e","Vermuth, n/e",,A0224 A0465 A0639 A0713 A0734 A0850 B1329 C0140 E0123 F0003 G0003 H0117 H0158 H0160 H0232 J0003 K0003 M0132 N0040 P0024 R0212 R0497 Z0112 Z0205,,,,,,,,,,,1.000000,BEDCA,12.1,g,582.1,kJ,,g,0.1,g,74,g,13.5,g,0,g,0,g,,,13.5,g,0,mg,,,,,,,,,,,,,,,,,,,,,,g,,g,,g,,,,,,ug,,mg,,,,mg,,mg,,ug,0,ug,,mg,0,mg,0,ug,0,mg,8,mg,,,0.5,mg,0,ug,42,mg,5,mg,23,mg,7,mg,,ug,,mg
1096,Ron,Rum,,A0200 A0465 A0639 A0663 A0713 A0734 A0850 B1378 C0207 E0123 F0014 G0003 H0232 H0253 H0270 J0001 K0003 M0001 N0001 P0024 R0212 R0497 Z0112 Z0205,A03PJ,2,A03LZ,Alcoholic beverages,4,A04QF,Unsweetened spirits and liqueurs,,,,1.000000,BEDCA,33.4,g,968.6,kJ,,g,0,g,66.5,g,,g,0,g,0,g,,,,g,0,mg,,,,,,,,,,,,,,,,,,,,,,g,,g,,g,,,,,0,ug,0,mg,,,0,mg,0,mg,0,ug,0,ug,0,mg,0,mg,0,ug,0,mg,0,mg,,,0.1,mg,0,ug,2,mg,,mg,1,mg,5,mg,0,ug,0,mg
1097,"Refresco, sabor naranja, sin gas","Soft drink, orange flavoured, no carbonated",,A0241 A0465 A0639 A0709 A0734 A0843 B1217 C0005 E0123 F0001 G0003 H0136 H0200 H0227 J0001 K0003 M0001 N0001 P0024 R0212 R0497 Z0112,,,,,,,,,,,1.000000,BEDCA,0,g,160.905,kJ,,g,0.1,g,89.1,g,9.365,g,0,g,0,g,,,9.365,g,0,mg,,,,,,,,,,,,,,,,,,,,,,g,,g,,g,,,,,4,ug,,mg,,,,mg,0.02,mg,2.5,ug,0,ug,,mg,6,mg,0,ug,0.04,mg,13,mg,,,0.1,mg,0,ug,40,mg,4,mg,1,mg,4,mg,0,ug,,mg
1098,"Refresco, sabor limón, con gas","Carbonated drink, lemon",,A0241 A0465 A0639 A0709 A0734 A0843 B1217 C0005 E0123 F0001 G0003 H0109 H0136 H0200 H0227 J0001 K0003 M0001 N0001 P0024 R0212 R0497 Z0112,,,,,,,,,,,1.000000,BEDCA,0,g,192.714,kJ,,g,,g,88.664,g,11.3361,g,0,g,0,g,,,11.3361,g,0,mg,,,,,,,,,,,,,,,,,,,,,,g,,g,,g,,,,,,ug,,mg,,,0.02,mg,,mg,,ug,0,ug,,mg,,mg,0,ug,,mg,3.3587,mg,,,0.04,mg,0,ug,4.37308,mg,5.64312,mg,4.24184,mg,0.5,mg,0,ug,,mg
1099,Néctar de pomelo,Grapefruit nectar,,A0196 A0465 A0639 A0663 A0708 A0734 A0841 B1507 C0140 E0121 F0018 G0003 H0148 H0154 H0211 J0135 K0003 M0194 N0001 P0024 R0212 R0497 Z0112,,,,,,,,,,,1.000000,BEDCA,0,g,61.2,kJ,,g,0.2,g,96.2,g,3.4,g,0.2,g,,,,,,,0,mg,,,,,,,,,,,,,,,,,,,,,0.012,g,0.021,g,0.012,g,,,,,0.99,ug,0.02,mg,,,0,mg,0,mg,2.09,ug,0,ug,0,mg,3.29,mg,0,ug,0.02,mg,0.82,mg,,,0.03,mg,1,ug,15.54,mg,8,mg,0.16,mg,1.14,mg,0.1,ug,0.01,mg
1100,Néctar de piña,Pineapple nectar,,A0196 A0465 A0639 A0663 A0708 A0734 A0841 B1484 C0140 E0121 F0018 G0003 H0148 H0154 H0211 J0135 K0003 M0194 N0001 P0024 R0212 R0497 Z0112,,,,,,,,,,,1.000000,BEDCA,0,g,93.5,kJ,,g,0.2,g,96.2,g,5.3,g,0.3,g,,,,,,,0,mg,,,,,,,,,,,,,,,,,,,,,0.009,g,0.028,g,0.009,g,,,,,2.34,ug,0.06,mg,,,0,mg,0.02,mg,2.77,ug,0,ug,0.02,mg,4.31,mg,0,ug,0.02,mg,2.56,mg,,,0.11,mg,6,ug,53.23,mg,13,mg,0.64,mg,2.34,mg,0.1,ug,0.03,mg
1101,"Néctar de pera, envasado",Pear nectar,,A0196 A0465 A0639 A0663 A0708 A0734 A0841 B1344 C0140 E0121 F0018 G0003 H0148 H0154 H0211 J0135 K0003 M0194 N0001 P0024 R0212 R0497 Z0112,,,,,,,,,,,1.000000,BEDCA,0,g,270.3,kJ,,g,0.2,g,82.3,g,15.7,g,0.3,g,0,g,,,15.7,g,0,mg,,,,,,,,,,,,,,,,,,,,,,g,,g,,g,,,,,1,ug,0.1,mg,,,0.02,mg,0.01,mg,0.833333,ug,0,ug,0.01,mg,2,mg,0,ug,0.01,mg,5,mg,,,0.1,mg,1,ug,75,mg,4,mg,3,mg,6,mg,1,ug,,mg
1102,"Galleta, tipo ""Digestiva""","Cookie, ""digestive"" type",,A0203 A0458 A0632 A0663 A0695 A0729 B1312 C0133 E0140 F0014 G0005 H0158 H0272 J0100 K0003 M0001 N0001 P0024 R0212 R0497 Z0112 Z0205,,,,,,,,,,,1.000000,BEDCA,0,g,1951.75,kJ,20.8159,g,6.3,g,2.5,g,63.2039,g,4.6,g,50,g,,,13.2039,g,41,mg,,,,,,,,,,,,,,,,,,,,,9.6,g,1.7,g,8.6,g,,,,,13,ug,2.4,mg,0.3,mg,0.11,mg,0.14,mg,0,ug,0.09,ug,0.09,mg,0,mg,0,ug,3.2,mg,92,mg,0.28,mg,3.2,mg,11.3,ug,170,mg,23,mg,600,mg,88,mg,5,ug,0.5,mg
1103,"Néctar de naranja, envasado",Orange nectar,,A0196 A0465 A0639 A0663 A0708 A0734 A0841 B1339 C0140 E0121 F0018 G0003 H0148 H0154 H0211 J0135 K0003 M0194 N0001 P0024 R0212 R0497 Z0112,,,,,,,,,,,1.000000,BEDCA,0,g,176.8,kJ,,g,0.3,g,88.5,g,10.1,g,0.1,g,0,g,,,10.1,g,0,mg,,,,,,,,,,,,,,,,,,,,,,g,,g,,g,,,,,12,ug,0.14,mg,,,0.01,mg,0.04,mg,7,ug,0,ug,0.02,mg,23,mg,0,ug,0.1,mg,6,mg,,,0.1,mg,1,ug,114,mg,7,mg,1,mg,10,mg,,ug,,mg
1104,Néctar de melocotón,Peach nectar,,A0196 A0465 A0639 A0663 A0708 A0734 A0841 B1350 C0140 E0121 F0018 G0003 H0148 H0154 H0211 J0135 K0003 M0194 N0001 P0024 R0212 R0497 Z0112,,,,,,,,,,,1.000000,BEDCA,0,g,71.4,kJ,,g,0.2,g,95.3,g,4,g,0.5,g,,,,,,,0,mg,,,,,,,,,,,,,,,,,,,,,,g,,g,,g,,,,,1.25,ug,0.42,mg,,,0.02,mg,0.01,mg,43.88,ug,0,ug,0.01,mg,3.36,mg,0,ug,0.21,mg,3.34,mg,,,0.17,mg,0,ug,108.52,mg,3.76,mg,20,mg,9.18,mg,0.3,ug,0.03,mg
1105,"Néctar de maracuyá, envasado",Maracuya nectar,,A0196 A0465 A0639 A0663 A0708 A0734 A0841 C0140 E0121 F0018 G0003 H0148 H0154 H0211 J0135 K0003 M0194 N0001 P0024 R0212 R0497 Z0112,,,,,,,,,,,1.000000,BEDCA,0,g,221,kJ,,g,0.2,g,85,g,12.8,g,,g,0,g,,,12.8,g,0,mg,,,,,,,,,,,,,,,,,,,,,,g,,g,,g,,,,,5,ug,0.4,mg,,,0.03,mg,,mg,33.3333,ug,0,ug,0.01,mg,5,mg,0,ug,0.3,mg,2,mg,,,0.1,mg,0,ug,70,mg,4,mg,2,mg,5,mg,0.2,ug,,mg
1106,"Néctar de albaricoque, envasado",Apricot nectar,,A0196 A0465 A0639 A0663 A0708 A0734 A0841 B1529 C0140 E0121 F0018 G0003 H0148 H0154 H0211 J0135 K0003 M0194 N0001 P0024 R0212 R0497 Z0112,,,,,,,,,,,1.000000,BEDCA,0,g,241.4,kJ,,g,0.4,g,84,g,13.8,g,0.3,g,0,g,,,13.8,g,0,mg,,,,,,,,,,,,,,,,,,,,,,g,,g,,g,,,,,2,ug,0.2,mg,,,0.02,mg,0.01,mg,100,ug,0,ug,0.03,mg,3,mg,0,ug,0.2,mg,7,mg,,,0.4,mg,1,ug,120,mg,5,mg,2,mg,6,mg,1,ug,0.04,mg
1107,Coñac,Cognac,,A0200 A0465 A0639 A0663 A0713 A0734 A0850 B1329 C0140 E0123 F0014 G0003 H0232 H0253 H0270 J0104 K0003 M0130 N0040 P0024 R0212 R0497 Z0112,,,,,,,,,,,1.000000,BEDCA,33.5,g,971.5,kJ,,g,0,g,66.5,g,,g,0,g,0,g,,,,g,0,mg,,,,,,,,,,,,,,,,,,,,,,g,,g,,g,,,,,0,ug,0,mg,,,0,mg,0,mg,0,ug,0,ug,0,mg,0,mg,0,ug,0,mg,0,mg,,,0,mg,0,ug,2,mg,0,mg,2,mg,0,mg,0,ug,0,mg
1108,"Cerveza, oscura, 8°- 9°","Beer, stout, 8°- 9°",,A0195 A0465 A0639 A0662 A0711 A0734 B1230 C0102 E0123 F0001 G0003 H0229 H0232 H0246 J0001 K0003 M0001 N0001 P0024 R0212 R0497 Z0112,,,,,,,,,,,1.000000,BEDCA,6.15,g,277.921,kJ,,g,0.6,g,88.5,g,5.25714,g,0,g,0,g,,,5.25714,g,0,mg,,,,,,,,,,,,,,,,,,,,,,g,,g,,g,,,,,9.5,ug,0.815,mg,,,0.055,mg,,mg,,ug,0.28,ug,0.05,mg,0,mg,0,ug,0,mg,11,mg,,,0.05,mg,8,ug,92,mg,16.5,mg,11.5,mg,33.5,mg,1.2,ug,0.01,mg
1109,"Café, en polvo, sin reconstituir","Coffee, powder",,A0268 A0465 A0639 A0662 A0710 A0845 B1305 C0155 E0117 F0014 G0003 H0138 J0001 K0003 M0001 N0001 P0024 R0212 R0497 Z0112,,,,,,,,,,,1.000000,BEDCA,0,g,461.6,kJ,0.3,g,18.5,g,3.1,g,8,g,0,g,4,g,,,4,g,0,mg,,,,,,,,,,,,,,,,,,,,,,g,0.12,g,0.12,g,,,,,3,ug,28.2,mg,,,0.09,mg,,mg,0,ug,0,ug,0.03,mg,0,mg,0,ug,0,mg,150,mg,,,4.4,mg,0.5,ug,3750,mg,320,mg,39,mg,303,mg,12.6,ug,1.1,mg
1110,Soda,Soda,,A0241 A0465 A0639 A0709 A0734 A0842 B1217 C0005 E0123 F0014 G0003 H0100 H0108 H0175 J0123 K0003 M0194 N0001 P0024 P0103 P0132 R0212 R0497 Z0112,A03DX,20,A03DJ,Water and water-based beverages,74,A03DK,Drinking water,,,,1.000000,BEDCA,0,g,0,kJ,,g,0,g,100,g,0,g,0,g,,,,,,,0,mg,,,,,,,,,,,,,,,,,,,,,0,g,0,g,0,g,,,,,0,ug,0,mg,,,0,mg,0,mg,0,ug,0,ug,0,mg,0,mg,0,ug,0,mg,5,mg,,,0.01,mg,,ug,2,mg,2,mg,21,mg,0,mg,0,ug,0.1,mg
1111,Germen de trigo,Wheat germ,,A0149 A0457 A0631 A0683 A0696 A0729 A0812 B1312 C0182 E0106 F0003 G0003 H0138 J0116 K0003 M0001 N0001 P0024 R0212 R0497 Z0205 Z0215,A004Q,11,A000J,Grains and grain-based products,29,A000K,Cereals and similar,,,,1.000000,BEDCA,0,g,1402.21,kJ,11.1111,g,25,g,11.5,g,33.3,g,15.9,g,20.3,g,,,13,g,0,mg,,,,,,,,,,,,,,,,,,,,,1.2,g,5.3,g,1.5,g,,,0.02,ug,350,ug,9.8,mg,1.9,mg,0.6,mg,2,mg,0,ug,0,ug,2.2,mg,0,mg,0,ug,21,mg,55,mg,0.9,mg,7.6,mg,5,ug,871,mg,250,mg,9,mg,971,mg,3,ug,17,mg
1112,Harina de centeno,Rye flour,,A0149 A0457 A0631 A0693 A0729 A0759 A0813 B1313 C0208 E0106 F0003 G0003 H0138 J0116 K0003 M0001 N0001 P0024 R0212 R0497 Z0112 Z0205,,,,,,,,,,,1.000000,BEDCA,0,g,1496.3,kJ,1.8,g,8.2,g,2.4,g,75.9,g,11.7,g,59.7,g,,,,g,0,mg,,,,,,,,,,,,,,,,,,,,,0.21,g,0.77,g,0.2,g,,,10,ug,70,ug,2.6,mg,0.49,mg,0.22,mg,0.4,mg,0,ug,0,ug,0.35,mg,0,mg,0,ug,1.6,mg,32,mg,0.29,mg,2.7,mg,10,ug,410,mg,92,mg,1,mg,360,mg,35.7,ug,3,mg
1113,"Harina de trigo, integral",Wheat whole flour,,A0149 A0457 A0631 A0693 A0729 A0759 A0813 B1312 C0133 E0106 F0003 G0003 H0138 J0116 K0003 M0001 N0001 P0024 R0212 R0497 Z0112 Z0205,,,,,,,,,,,1.000000,BEDCA,0,g,1340.38,kJ,2.18056,g,11.5,g,13,g,62.6,g,9,g,60.5,g,,,2.1,g,0,mg,,,,,,,,,,,,,,,,,,,,,0.25,g,1,g,0.32,g,,,10,ug,36,ug,5.5,mg,0.8,mg,0.13,mg,0.4,mg,0,ug,0,ug,0.4,mg,0,mg,0,ug,1.5,mg,37,mg,0.45,mg,3.5,mg,0,ug,350,mg,120,mg,4,mg,330,mg,53,ug,2.9,mg
1114,"Maíz, en mazorca, crudo","Corn, on the cob, raw",,A0125 A0457 A0631 A0683 A0696 A0729 A0812 B1580 C0133 E0150 F0003 G0003 H0003 J0001 K0003 M0001 N0001 P0024 R0212 R0497 Z0215,,,,,,,,,,,0.830000,BEDCA,0,g,1632.04,kJ,0.92,g,8.4,g,0,g,85.6,g,2.7,g,16,g,0.73,g,2.3,g,0,mg,,,,,,,,,,,,,,,,,,,,,0.24,g,0.42,g,0.13,g,,,,,30,ug,1.6,mg,0.64,mg,0.08,mg,0.13,mg,25,ug,0,ug,0.2,mg,6,mg,0,ug,0.4,mg,15,mg,0.25,mg,0.7,mg,2,ug,330,mg,30,mg,6,mg,256,mg,0.8,ug,0.3,mg
1115,Pastel con fruta confitada,Fruit cake,,A0253 A0456 A0632 A0695 A0729 A0768 A0821 B1347 C0174 E0105 F0014 G0005 H0136 H0147 H0152 H0221 J0001 K0003 M0001 N0001 P0024 R0212 R0497 Z0112,,,,,,,,,,,1.000000,BEDCA,0,g,1536.7,kJ,13,g,5.1,g,21.6,g,57,g,1,g,19.2,g,,,37.8,g,113,mg,0,g,0.02,g,0.743,g,0.267,g,4.1,g,2.959,g,0.336,g,0.003,g,0,g,0.001,g,3.8,g,0.64,g,8,g,2.855,g,,,8,ug,0.86,mg,,,0.1,mg,0.1,mg,135,ug,1,ug,0.12,mg,,mg,0.45,ug,0.43,mg,32,mg,,,1.5,mg,12.1,ug,227,mg,16,mg,215,mg,102,mg,2,ug,0.5,mg
1116,Pastel de chocolate,Chocolate cake,,A0253 A0456 A0632 A0695 A0729 A0768 A0821 B1047 C0001 E0105 F0014 G0005 H0136 H0152 H0221 H0231 H0355 J0001 K0003 M0001 N0001 P0024 R0212 R0497 Z0112,A00BG,11,A000J,Grains and grain-based products,30,A009T,Fine bakery wares,,,,1.000000,BEDCA,0,g,1832.11,kJ,27.9417,g,5.187,g,22.979,g,41.77,g,1.838,g,6.115,g,,,35.655,g,147.77,mg,0.146,g,0.62,g,7.861,g,2.021,g,11.203,g,2.607,g,0.272,g,,,,,,,8.7424,g,1.0425,g,16.9274,g,1.092,g,,,26.38,ug,0.2062,mg,,,0.1497,mg,0.0453,mg,219.732,ug,0.4,ug,0.0596,mg,0,mg,0.698,ug,0.876,mg,31.604,mg,,,1.3716,mg,15.7,ug,142.4,mg,34.831,mg,40.03,mg,107.171,mg,8.3,ug,0.4105,mg
1117,"Pasta alimenticia, cruda","Pasta, raw",,A0275 A0457 A0631 A0694 A0729 A0768 A0815 B1079 C0208 E0153 F0003 G0003 H0138 H0366 J0116 K0003 M0001 N0001 P0024 R0212 R0497 Z0112,,,,,,,,,,,1.000000,BEDCA,0,g,1471.37,kJ,1.44776,g,12.5,g,9.5,g,70.9,g,5,g,68.3,g,,,2.6,g,0,mg,,,,,,,,,,,,,,,,,,,,,0.15,g,0.63,g,0.19,g,,,,,28,ug,2.5,mg,,,0.04,mg,0.15,mg,0,ug,0,ug,0.08,mg,0,mg,0,ug,,mg,24,mg,,,1.8,mg,10,ug,236,mg,55,mg,5,mg,167,mg,62.2,ug,1.5,mg
1118,"Pasta alimenticia, con huevo, cruda","Pasta, with egg, raw",,A0275 A0457 A0631 A0694 A0729 A0768 A0815 B1079 C0208 E0153 F0003 G0003 H0138 H0186 H0366 J0116 K0003 M0001 N0001 P0024 R0212 R0497 Z0112,,,,,,,,,,,1.000000,BEDCA,0,g,1560.53,kJ,4.1791,g,13.5,g,9.7,g,69.2,g,2.8,g,67.3,g,,,1.9,g,30,mg,,,,,,,,,,,,,,,,,,,,,1.5,g,0.38,g,0.92,g,,,,,29,ug,2.2,mg,,,0.1,mg,0.22,mg,16.5,ug,0.2,ug,0.12,mg,0,mg,0.13,ug,0.15,mg,31,mg,,,1.9,mg,10,ug,232,mg,60,mg,23,mg,213,mg,20,ug,1.3,mg
1119,"Cereales para el desayuno, ricos en fibra, tipo ""all-bran""","Breakfast cereal, whole wheat, ""all bran"" type",,A0258 A0457 A0631 A0692 A0729 A0768 A0816 B1312 C0133 E0153 F0014 G0003 H0100 H0138 H0181 H0194 H0215 H0216 H0274 J0116 K0003 M0155 N0001 P0024 R0212 R0497 Z0112,,,,,,,,,,,1.000000,BEDCA,0,g,1113.1,kJ,2.7,g,14,g,3,g,45.6,g,29,g,27.8,g,,,17.8,g,0,mg,,,,,,,,,,,,,,,,,,,,,0.31,g,1.2,g,0.46,g,,,,,300,ug,17.6,mg,,,1.3,mg,1.2,mg,0,ug,0.8,ug,1.7,mg,53,mg,2.8,ug,2.2,mg,70,mg,,,15,mg,18.4,ug,1150,mg,340,mg,800,mg,820,mg,6.9,ug,6.7,mg
1120,"Arroz hinchado, para el desayuno, enriquecido","Puffed rice, breakfast cereals, enriched",,A0258 A0457 A0631 A0692 A0729 A0768 A0816 B1322 C0208 E0153 F0014 G0003 H0138 H0181 H0215 H0216 H0227 H0268 J0116 K0003 M0155 N0001 P0024 R0212 R0497 Z0112,,,,,,,,,,,1.000000,BEDCA,0,g,1620.2,kJ,0.6,g,6.3,g,3,g,87.7,g,1.4,g,77.6,g,,,10.1,g,0,mg,,,,,,,,,,,,,,,,,,,,,0.15,g,0.21,g,0.14,g,,,,,250,ug,16.8,mg,,,1.5,mg,1.2,mg,0,ug,,ug,0.94,mg,,mg,2.8,ug,0.6,mg,10,mg,,,6.5,mg,5,ug,113,mg,30,mg,600,mg,110,mg,15.4,ug,0.9,mg
1121,Tofu,Tofu,,A0152 A0467 A0629 A0704 A0730 A0765 A0831 B1452 C0134 E0119 F0014 G0015 H0148 H0478 H0562 J0001 K0001 M0001 N0001 P0024 R0212 R0497 Z0215,A03TT,15,A03RQ,"Products for non-standard diets, food imitates and food supplements or fortifying agents",52,A03TD,Meat and dairy imitates,,,,1.000000,BEDCA,0,g,496.725,kJ,6.625,g,11.5,g,77,g,3.3,g,0.3,g,1.65,g,,,1.65,g,,mg,,,,,,,,,,,,,,,,,,,,,1.3,g,3.2,g,0.8,g,,,,,15,ug,0.1,mg,,,0.03,mg,0.06,mg,0.166667,ug,0,ug,0.1,mg,0,mg,0,ug,1,mg,200,mg,,,1.7,mg,1,ug,180,mg,70,mg,7,mg,190,mg,8.4,ug,0.7,mg
1122,"Soja, seca, remojada, hervida","Soybean, dry, soaked, boiled",,A0152 A0455 A0629 A0704 A0730 A0757 A0831 B1452 C0155 E0131 F0014 G0014 G0036 H0138 J0116 K0001 M0001 N0001 P0024 R0212 R0497 Z0052 Z0215,,,,,,,,,,,1.000000,BEDCA,0,g,570.274,kJ,7.25,g,14,g,64.3,g,3.76611,g,6.1,g,1.72727,g,,,2.03884,g,0,mg,,,,,,,,,,,,,,,,,,,,,1.4,g,3.5,g,0.9,g,,,,,54,ug,0.5,mg,,,0.09,mg,0.12,mg,1,ug,0,ug,0.23,mg,,mg,0,ug,1.13,mg,83,mg,,,3,mg,6.3,ug,510,mg,63,mg,1,mg,250,mg,17.8,ug,0.9,mg
1123,"Haba, seca","Broad bean, dried",,A0152 A0455 A0629 A0650 A0704 A0730 A0831 B1367 C0136 E0131 F0001 G0003 H0138 J0001 K0001 M0001 N0001 P0024 R0212 R0497 Z0052 Z0215,,,,,,,,,,,1.000000,BEDCA,0,g,1490.3,kJ,1.5,g,26.1,g,0,g,58.3,g,25,g,,,,,,,0,mg,,,,,,,,,,,,,,,,,,,,,0.3,g,0.63,g,0.25,g,,,,,423,ug,26,mg,0.98,mg,0.26,mg,0.5,mg,5,ug,0,ug,0.37,mg,1.4,mg,0,ug,0.09,mg,100,mg,0.82,mg,5.5,mg,2,ug,1090,mg,190,mg,11,mg,590,mg,8.2,ug,3.1,mg
1124,"Soja, fresca","Soybean, fresh",,A0152 A0455 A0629 A0680 A0704 A0730 A0831 B1452 C0155 E0150 F0003 G0003 H0001 J0116 K0001 M0001 N0001 P0024 R0212 R0497 Z0205 Z0215,,,,,,,,,,,1.000000,BEDCA,0,g,661.3,kJ,6.8,g,13,g,64.9,g,11.1,g,4.2,g,,,7.23,g,,,0,mg,,,,,,,,,,,,,,,,,,,,,1.3,g,3.2,g,0.79,g,,,,,165,ug,1.65,mg,0.15,mg,0.17,mg,0.43,mg,18,ug,0,ug,0.06,mg,29,mg,0,ug,0.1,mg,197,mg,0.13,mg,3.55,mg,1,ug,620,mg,65,mg,15,mg,194,mg,1.5,ug,0.99,mg
1125,Harina de soja,Soy flour,,A0149 A0457 A0631 A0693 A0729 A0759 A0813 B1452 C0208 E0106 F0003 G0003 H0138 J0116 K0003 M0001 N0001 P0024 R0212 R0497 Z0112 Z0205,,,,,,,,,,,1.000000,BEDCA,0,g,1715.35,kJ,23.25,g,37.3,g,8,g,13,g,17.3,g,6,g,,,7,g,0,mg,,,,,,,,,,,,,,,,,,,,,4.4,g,11.3,g,2.9,g,,,,,300,ug,3,mg,,,0.28,mg,0.7,mg,8.33333,ug,0,ug,0.45,mg,0,mg,0,ug,2.2,mg,205,mg,,,9,mg,0.8,ug,1740,mg,256,mg,5,mg,575,mg,9,ug,3.9,mg
1126,"Lenteja, en conserva","Lentil, canned",,A0152 A0455 A0629 A0680 A0704 A0730 A0831 B1268 C0135 E0150 F0014 G0014 H0148 H0367 J0123 K0017 M0194 N0001 P0024 R0212 R0497 Z0052 Z0112,,,,,,,,,,,1.000000,BEDCA,0,g,308.33,kJ,0.21,g,6.28,g,79.37,g,11.4,g,5.1,g,10.7,g,,,0.7,g,0,mg,,,,,,,,,,,,,,,,,,,,,,g,0.1,g,,g,,,,,11,ug,0.3,mg,,,0.055,mg,0.065,mg,0.833333,ug,0,ug,0.07,mg,,mg,0,ug,,mg,18.885,mg,,,1.575,mg,1,ug,143.775,mg,15.4,mg,446.41,mg,58.195,mg,2.8,ug,1.4,mg
1127,"Sésamo, semilla","Sesame, seed",,A0260 A0467 A0629 A0652 A0703 A0730 A0823 B1226 C0133 E0150 F0003 G0003 H0001 J0001 K0003 M0001 N0001 P0024 R0212 R0497 Z0205 Z0215,,,,,,,,,,,1.000000,BEDCA,0,g,2343,kJ,50,g,19,g,5,g,10,g,11,g,5,g,,,5,g,0,mg,,,,,,,,,,,,,,,,,,,,,18.9,g,21.9,g,7,g,,,,,96,ug,4.5,mg,,,0.1,mg,0.7,mg,6.66667,ug,0,ug,0.15,mg,0,mg,0,ug,2.3,mg,150,mg,,,9,mg,0,ug,450,mg,350,mg,40,mg,620,mg,49,ug,5.3,mg
1128,"Haba, seca, remojada, hervida","Broad bean, dried, steeped, boiled",,A0152 A0455 A0629 A0650 A0704 A0730 A0831 B1367 C0136 E0131 F0014 G0014 G0036 H0138 J0116 K0001 M0001 N0001 P0024 R0212 R0497 Z0052 Z0109,,,,,,,,,,,1.000000,BEDCA,0,g,243.2,kJ,0.6,g,5.8,g,79.9,g,7.2,g,6.5,g,6.2,g,,,1,g,0,mg,,,,,,,,,,,,,,,,,,,,,0.12,g,0.24,g,0.11,g,,,,,57,ug,2,mg,2.3,mg,0.07,mg,0.05,mg,31.6667,ug,0,ug,0.07,mg,12,mg,0,ug,0.5,mg,24,mg,,,1,mg,1.1,ug,210,mg,18,mg,4,mg,105,mg,2.7,ug,1,mg
1129,"Soja, seca, cruda","Soybean, dry, raw",,A0152 A0455 A0629 A0704 A0730 A0757 A0831 B1452 C0155 E0131 F0001 G0003 H0138 J0116 K0001 M0001 N0001 P0024 R0212 R0497 Z0052 Z0205 Z0215,,,,,,,,,,,1.000000,BEDCA,0,g,1464.38,kJ,18.625,g,35.9,g,8.5,g,9.70344,g,15.7,g,4.36364,g,4.8,g,5.33981,g,0,mg,0.017,g,0.015,g,1.871,g,0.8612,g,3.693,g,10.015,g,1.845,g,0,g,0,g,0,g,3.5,g,9.1,g,2.3,g,,,0.06,ug,370,ug,7.9,mg,0.79,mg,0.27,mg,0.61,mg,2,ug,0,ug,0.38,mg,,mg,0,ug,2.9,mg,240,mg,1.55,mg,9.7,mg,10,ug,1730,mg,250,mg,5,mg,660,mg,14,ug,4.3,mg
1130,"Yogur, enriquecido, natural, con nata","Yogurt, enriched, plain, with cream",,A0101 A0452 A0626 A0721 A0724 A0776 A0778 B1201 C0235 E0119 F0014 G0003 H0101 H0184 H0247 H0296 J0123 K0003 M0188 N0036 N0042 P0024 R0212 R0497 Z0112,,,,,,,,,,,1.000000,BEDCA,0,g,276.6,kJ,3.8,g,3.1,g,88.2,g,4.9,g,0,g,,,,,,,11.2,mg,,,,,,,,,,,,,,,,,,,,,0.7,g,,g,2.2,g,,,,,4,ug,1,mg,,,0.18,mg,0.04,mg,31.4,ug,0.4,ug,0.06,mg,1.1,mg,0.1,ug,,,120,mg,,,,mg,21,ug,140,mg,13.3,mg,54,mg,100,mg,3.2,ug,0.5,mg
1131,"Yogur, enriquecido, con frutas","Yogurt, enriched, with fruits",,A0101 A0452 A0626 A0721 A0724 A0776 A0778 B1201 C0235 E0119 F0014 G0003 H0101 H0147 H0184 H0227 H0247 H0296 J0123 K0003 M0188 N0036 N0042 P0024 R0212 R0497 Z0112,,,,,,,,,,,1.000000,BEDCA,0,g,508.5,kJ,2.9,g,2.6,g,73.3,g,21,g,0.16,g,,,,,,,11.2,mg,,,,,,,,,,,,,,,,,,,,,0.5,g,,g,1.9,g,,,,,6,ug,1,mg,,,0.13,mg,0.04,mg,24.6,ug,0.2,ug,0.06,mg,1.8,mg,0.15,ug,0.1,mg,98,mg,,,0.16,mg,21,ug,137,mg,11,mg,33,mg,74,mg,3.2,ug,0.26,mg
1133,"Yogur líquido, natural, azucarado","Drinking yogurt, plain, sweetened",,A0101 A0452 A0626 A0721 A0724 A0776 A0778 B1201 C0235 E0114 F0014 G0003 H0117 H0158 H0247 J0123 J0131 K0003 M0187 N0036 P0024 R0212 R0497 Z0112,,,,,,,,,,,1.000000,BEDCA,0,g,291.269,kJ,1.16402,g,3,g,82.2,g,11.6,g,0,g,0,g,,,11.6,g,,mg,,,,,,,,,,,,,,,,,,,,,0.3,g,,g,0.8,g,,,,,5,ug,0.09,mg,,,0.15,mg,0.03,mg,17.4,ug,0.3,ug,0.07,mg,0,mg,0.12,ug,,mg,94.8,mg,14,mg,0.042,mg,4,ug,106.5,mg,8.6,mg,30.7,mg,90,mg,1,ug,0.299,mg
1135,"Yogur, desnatado, con cereza y frambuesa","Yogurt, skimmed, with cherry and raspberry",,A0101 A0452 A0626 A0721 A0724 A0776 A0778 B1201 C0235 E0134 F0014 G0003 H0101 H0147 H0248 H0395 J0123 K0003 M0188 N0036 N0042 P0024 R0212 R0497 Z0112,,,,,,,,,,,1.000000,BEDCA,0,g,168.387,kJ,0.1333,g,3.965,g,84.4,g,5.65,g,1.16667,g,0,g,,,5.65,g,0.3,mg,,,,,,,,,,,,,,,,,,,,,0.063,g,,g,0.063,g,,,,,3.97667,ug,0.105,mg,,,0.176667,mg,0.025,mg,4,ug,0.253333,ug,0.46,mg,2.5,mg,,ug,0,mg,123.043,mg,20,mg,0.146667,mg,14.4,ug,152.5,mg,19.26,mg,48,mg,96.5,mg,1,ug,0.313333,mg
1137,"Yogur, desnatado, con frutas del bosque","Yogurt, skimmed, with fruits of the forest",,A0101 A0452 A0626 A0721 A0724 A0776 A0778 B1201 C0235 E0119 F0014 G0003 H0101 H0147 H0184 H0248 J0123 K0003 M0188 N0036 N0042 P0024 R0212 R0497 Z0112,,,,,,,,,,,1.000000,BEDCA,0,g,168.387,kJ,0.1333,g,3.965,g,84.8,g,5.65,g,1.16667,g,0,g,,,5.65,g,0.3,mg,,,,,,,,,,,,,,,,,,,,,0.063,g,,g,0.063,g,,,,,3.97667,ug,0.105,mg,,,0.176667,mg,0.025,mg,4,ug,0.253333,ug,0.46,mg,2.5,mg,,ug,0,mg,123.043,mg,,,0.146667,mg,14.4,ug,152.5,mg,12.96,mg,48,mg,96.5,mg,,,0.31333,mg
1140,"Yogur, desnatado, con frutas tropicales","Yogurt, skimmed, with tropical fruits",,A0101 A0452 A0626 A0721 A0724 A0776 A0778 B1201 C0235 E0134 F0014 G0003 H0101 H0147 H0184 H0248 J0123 K0003 M0188 N0036 N0042 P0024 R0212 R0497 Z0112,,,,,,,,,,,1.000000,BEDCA,0,g,168.387,kJ,0.1333,g,3.965,g,84.8,g,5.65,g,1.16667,g,0,g,,,5.65,g,0.3,mg,,,,,,,,,,,,,,,,,,,,,0.063,g,,g,0.063,g,,,,,3.97667,ug,0.105,mg,,,0.176667,mg,0.025,mg,4,ug,0.253333,ug,0.46,mg,2.5,mg,,ug,0,mg,123.043,mg,,,0.146667,mg,14.4,ug,152.5,mg,12.96,mg,48,mg,96.5,mg,,,0.313333,mg
1141,"Yogur, desnatado, con manzana","Yogurt, skimmed, with apple",,A0101 A0452 A0626 A0721 A0724 A0776 A0778 B1201 C0235 E0134 F0014 G0003 H0101 H0147 H0184 H0248 H0395 J0123 K0003 M0188 N0036 N0042 P0024 R0212 R0497 Z0112,,,,,,,,,,,1.000000,BEDCA,0,g,168.387,kJ,0.1333,g,3.965,g,84.4,g,5.65,g,1.16667,g,0,g,,,5.65,g,0.3,mg,,,,,,,,,,,,,,,,,,,,,0.063,g,,g,0.063,g,,,,,3.97667,ug,0.105,mg,,,0.176667,mg,0.025,mg,13.35,ug,0.253333,ug,0.46,mg,2.5,mg,,ug,0,mg,123.043,mg,18,mg,0.146667,mg,14.4,ug,152.5,mg,12.96,mg,48,mg,96.5,mg,,,0.313333,mg
1143,"Yogur, enriquecido, natural","Yogurt, enriched, plain",,A0101 A0452 A0626 A0721 A0724 A0776 A0778 B1201 C0235 E0119 F0014 G0003 H0101 H0184 H0247 H0296 J0123 K0003 M0187 N0036 P0024 R0212 R0497 Z0112,,,,,,,,,,,1.000000,BEDCA,0,g,265,kJ,3.9,g,3.2,g,89,g,3.9,g,0,g,,,,,,,11.2,mg,0.169,g,0.517,g,1.344,g,0.386,g,0.797,g,0.022,g,0.018,g,,,,,,,0.7,g,,g,2.2,g,,,,,5,ug,1,mg,,,0.16,mg,0.04,mg,32.1,ug,0.3,ug,0.08,mg,1.1,mg,0.2,ug,,mg,131,mg,,,0.1,mg,21,ug,158,mg,12,mg,43,mg,95,mg,3.2,ug,0.32,mg
1144,"Yogur, desnatado, con melocotón y maracuyá","Yogurt, skimmed, with peach and yellow passion fruit",,A0101 A0452 A0626 A0721 A0724 A0776 A0778 B1201 C0235 E0134 F0014 G0003 H0101 H0147 H0184 H0227 H0248 J0123 K0003 M0188 N0036 N0042 P0024 R0212 R0497 Z0112,,,,,,,,,,,1.000000,BEDCA,0,g,168.387,kJ,0.1333,g,3.965,g,84.8,g,5.65,g,1.16667,g,0,g,,,5.65,g,0.3,mg,,,,,,,,,,,,,,,,,,,,,0.063,g,,g,0.063,g,,,,,3.97667,ug,0.105,mg,,,0.176667,mg,0.025,mg,13.35,ug,0.253333,ug,0.46,mg,2.5,mg,,ug,0,mg,123.043,mg,,,0.146667,mg,14.4,ug,152.5,mg,12.96,mg,48,mg,96.5,mg,,,0.313333,mg
1145,"Yogur, enriquecido, natural, azucarado","Yogurt, enriched, plain, sweetened",,A0101 A0452 A0626 A0721 A0724 A0776 A0778 B1201 C0235 E0119 F0014 G0003 H0101 H0158 H0184 H0247 H0296 J0123 K0003 M0188 N0036 N0042 P0024 R0212 R0497 Z0112,,,,,,,,,,,1.000000,BEDCA,0,g,415.4,kJ,3.6,g,3.1,g,79.8,g,13.5,g,0,g,,,,,,,11.2,mg,,,,,,,,,,,,,,,,,,,,,0.5,g,,g,1.9,g,,,,,5,ug,1,mg,,,0.16,mg,0.04,mg,28.8,ug,0.3,ug,0.08,mg,1.1,mg,1.17,ug,0.1,mg,122,mg,,,0.1,mg,21,ug,155,mg,13,mg,43,mg,92,mg,3.2,ug,0.33,mg
1149,"Yogur, desnatado, con piña y pomelo","Yogurt, skimmed, with pineapple and grapefruit",,A0101 A0452 A0626 A0721 A0724 A0776 A0778 B1201 C0235 E0134 F0014 G0003 H0147 H0184 H0227 H0248 J0123 K0003 M0188 N0036 N0042 P0024 Z0112,,,,,,,,,,,1.000000,BEDCA,0,g,168.387,kJ,0.1333,g,3.965,g,84.8,g,5.65,g,1.16667,g,0,g,,,5.65,g,0.3,mg,,,,,,,,,,,,,,,,,,,,,0.063,g,,g,0.063,g,,,,,3.97667,ug,0.105,mg,,,0.176667,mg,0.025,mg,4,ug,0.253333,ug,0.46,mg,2.5,mg,,ug,0,mg,112,mg,,,0.146667,mg,14.4,ug,152.5,mg,12.96,mg,48,mg,96.5,mg,,,0.313333,mg
1150,"Yogur, enriquecido, sabor, s/e","Yogurt, enriched, unspecified flavour",,A0101 A0452 A0626 A0721 A0724 A0776 A0778 B1201 C0235 E0119 F0014 G0003 H0101 H0158 H0184 H0227 H0247 H0296 J0123 K0003 M0188 N0036 N0042 P0024 R0212 R0497 Z0112,,,,,,,,,,,1.000000,BEDCA,0,g,825.1,kJ,3.6,g,3.7,g,55.7,g,37,g,0,g,,,,,,,20,mg,,,,,,,,,,,,,,,,,,,,,0.88,g,0.07,g,2.3,g,,,,,5,ug,1,mg,,,0.16,mg,0.04,mg,28.8,ug,0.3,ug,0.08,mg,1.1,mg,0.17,ug,,mg,122,mg,,,0.1,mg,21,ug,154,mg,13,mg,43,mg,92,mg,3.2,ug,0.32,mg
1155,"Yogur, líquido, desnatado, natural","Drinking yogurt, skimmed, plain",,A0452 A0626 A0721 A0724 A0776 A0778 B1201 C0235 E0138 F0014 G0003 H0101 H0158 H0184 H0248 J0123 K0003 M0187 N0036 P0024 R0212 R0497 Z0112,,,,,,,,,,,1.000000,BEDCA,0,g,271.2,kJ,0.3,g,3,g,84.4,g,12.3,g,,g,,,,,,,0.8,mg,,,,,,,,,,,,,,,,,,,,,,g,,g,,g,,,,,3.9,ug,0.7,mg,,,0.15,mg,0.03,mg,0.7,ug,0.3,ug,0.25,mg,1.7,mg,0.8,ug,,mg,100,mg,,,,mg,12.6,ug,129.1,mg,9.8,mg,35.2,mg,71.2,mg,2.2,ug,0.3,mg
1158,"Yogur, desnatado, sabor vainilla","Yogurt, skimmed, vanilla flavour",,A0101 A0452 A0626 A0721 A0724 A0776 A0778 B1201 C0235 E0119 F0014 G0003 H0101 H0184 H0248 H0395 J0123 K0003 M0188 N0036 N0042 P0024 R0212 R0497 Z0112,,,,,,,,,,,1.000000,BEDCA,0,g,447.4,kJ,1.8,g,5.3,g,75.8,g,17.1,g,0,g,,,,,,,5.9,mg,,,,,,,,,,,,,,,,,,,,,0.31,g,,g,0.73,g,,,,,10.88,ug,0.9,mg,,,0.23,mg,0.05,mg,0.8,ug,0.26,ug,0.05,mg,1.2,mg,0,ug,0.01,mg,121.9,mg,23,mg,0.054,mg,16,ug,146.6,mg,10.9,mg,44.4,mg,132.2,mg,2.8,ug,0.384,mg
1159,"Yogur, entero, con fresas","Yogurt, whole milk, with strawberry",,A0101 A0452 A0626 A0721 A0724 A0776 A0778 B1201 C0235 E0134 F0014 G0003 H0101 H0147 H0184 H0227 H0247 J0123 K0003 M0188 N0036 N0042 P0024 R0212 R0497 Z0112,,,,,,,,,,,1.000000,BEDCA,0,g,502.2,kJ,2.5,g,2.7,g,73,g,21.4,g,0.4,g,,,,,,,6.6,mg,,,,,,,,,,,,,,,,,,,,,0.8,g,0.1,g,1.6,g,,,1,ug,3,ug,0.1,mg,0.2,mg,0.2,mg,0.02,mg,27.2,ug,0.14,ug,0.03,mg,5.1,mg,0,ug,0.1,mg,107.1,mg,17,mg,0.048,mg,6,ug,117.3,mg,9.3,mg,38.8,mg,75,mg,0.3,ug,0.322,mg
1160,"Yogur líquido, con frutas s/e","Yogurt, liquid, whole milk, with fruits",,A0101 A0452 A0626 A0721 A0724 A0776 A0778 B1201 C0235 E0121 F0014 G0003 H0101 H0136 H0147 H0158 H0184 H0247 H0362 J0123 K0003 M0187 N0036 P0024 R0212 R0497 Z0112,,,,,,,,,,,1.000000,BEDCA,0,g,364.7,kJ,1.534,g,2.8,g,80.9,g,14.3,g,0,g,0,g,,,14.3,g,,mg,,,,,,,,,,,,,,,,,,,,,0.45,g,,g,1,g,,,,ug,4,ug,0.09,mg,0.19,mg,0.14,mg,0.03,mg,16.5,ug,0.3,ug,0.07,mg,,mg,0.1,ug,,mg,110,mg,,,0.1,mg,4,ug,139,mg,12,mg,41,mg,86,mg,1,ug,0.28,mg
1161,Fuet,"Cured sausage, ""fuet"" type",,A0221 A0459 A0633 A0667 A0714 A0726 A0798 B1136 C0268 E0151 F0014 G0001 H0227 H0289 J0001 K0003 M0001 N0001 P0024 R0212 R0497 Z0018 Z0112,,,,,,,,,,,0.440000,BEDCA,0,g,1979,kJ,42,g,19.5,g,32.9,g,5.5,g,0,g,,g,,,0,g,87.5,mg,,,,,,,,,,,,,,,,,,,,,19.9,g,6.5,g,15.5,g,,,0,ug,4,ug,4.2,mg,0.8,mg,0.2,mg,0.57,mg,,ug,2.5,ug,0.32,mg,,mg,,ug,0,mg,11,mg,,,1,mg,4.2,ug,280,mg,26,mg,1180,mg,153,mg,18.9,ug,2.3,mg
1162,"Conejo de granja, carne, cruda","Farm rabbit, meat, raw",,A0150 A0459 A0726 A0737 A0793 B1323 C0120 E0133 F0003 G0003 H0003 J0001 K0001 M0001 N0001 P0024 R0212 R0497 Z0019,,,,,,,,,,,0.570000,BEDCA,0,g,548,kJ,5.3,g,20.7,g,74,g,0,g,0,g,,,,,,,58,mg,,,0.05,g,0.62,g,0.147,g,0.512,g,0.504,g,0.021,g,0.009,g,0.003,g,0.0004,g,2.11,g,1.76,g,3.03,g,,,1,ug,5,ug,8.6,mg,0.8,mg,0.14,mg,0.1,mg,,ug,10,ug,0.42,mg,,mg,,ug,0.54,mg,22,mg,0.06,mg,1,mg,3,ug,360,mg,25,mg,67,mg,220,mg,17,ug,1.4,mg
1163,"Bacalao, salado, crudo","Cod, salted, raw",,A0267 A0460 A0634 A0717 A0727 A0747 A0802 B1842 C0268 E0152 F0003 G0003 H0173 J0103 K0003 M0001 N0001 P0024 R0212 R0495 Z0056 Z0112,,,,,,,,,,,0.800000,BEDCA,0,g,1339.75,kJ,1.75,g,75,g,23.3,g,0,g,0,g,,,,,,,50,mg,,,,,,,,,,,,,,,,,,,,,0.2,g,0.59,g,0.71,g,,,,,14,ug,1.1,mg,,,0.45,mg,0.08,mg,15,ug,5,ug,0.6,mg,0.1,mg,5,ug,1.3,mg,50,mg,,,3.6,mg,60,ug,160,mg,28,mg,8100,mg,891,mg,28,ug,1,mg
1164,"Calamar, conserva","Squid, canned",,A0267 A0460 A0634 A0717 A0727 A0752 A0802 B1205 C0125 E0152 F0014 G0003 H0003 H0263 H0367 J0123 K0021 M0182 N0023 P0024 R0212 R0497 Z0062 Z0112,,,,,,,,,,,1.000000,BEDCA,0,g,371.5,kJ,2,g,17,g,80.5,g,0.5,g,0,g,0,g,,,0.5,g,200,mg,,,,,,,,,,,,,,,,,,,,,0.15,g,0.74,g,0.52,g,,,,,3.4,ug,3.6,mg,,,0.14,mg,0.07,mg,70,ug,1.3,ug,0.03,mg,0,mg,,ug,0.82,mg,78,mg,,,1.7,mg,64,ug,90,mg,36,mg,430,mg,185,mg,44.8,ug,1.2,mg
1165,"Confitura, frutas s/e, baja en calorías","Preserve fruit, fruit n/e, light",,A0251 A0456 A0630 A0663 A0732 A0834 B1140 C0167 E0102 F0014 G0001 H0303 J0001 K0003 M0001 N0001 P0024 P0034 R0212 R0497 Z0112,,,,,,,,,,,1.000000,BEDCA,0,g,943.5,kJ,,g,0.5,g,43.7,g,55,g,0.8,g,0,g,,,55,g,0,mg,,,,,,,,,,,,,,,,,,,,,,g,,g,,g,,,,,2,ug,0,mg,,,0,mg,0,mg,0,ug,0,ug,0,mg,0,mg,0,ug,0,mg,12,mg,,,1,mg,2.7,ug,105,mg,7,mg,14,mg,14,mg,2,ug,0,mg
1166,"Guayaba, enlatada en almíbar","Guava, canned in syrup",,A0143 A0455 A0629 A0649 A0707 A0732 A0833 B1333 C0229 E0133 F0014 G0003 H0136 J0123 K0023 M0194 N0001 P0024 R0001 Z0112 Z0205,,,,,,,,,,,1.000000,BEDCA,0,g,273.7,kJ,,g,0.4,g,76.6,g,15.7,g,3.6,g,,g,,,15.7,g,0,mg,,,,,,,,,,,,,,,,,,,,,,g,,g,,g,,,,,3,ug,0.9,mg,,,0.03,mg,0.04,mg,24.1667,ug,0,ug,0.09,mg,180,mg,0,ug,0.2,mg,8,mg,,,0.5,mg,1.5,ug,120,mg,6,mg,7,mg,11,mg,1.5,ug,0.4,mg
1167,"Piña, enlatada en su jugo","Pineapple, canned, in juice",,A0143 A0455 A0629 A0660 A0707 A0732 A0833 B1484 C0229 E0152 F0014 G0003 H0136 J0123 K0039 M0194 N0001 P0024 R0212 R0497 Z0112,,,,,,,,,,,1.000000,BEDCA,0,g,206.46,kJ,,g,0.3,g,86.8,g,11.8447,g,0.8,g,0,g,,,11.8447,g,0,mg,,,,,,,,,,,,,,,,,,,,,,g,,g,,g,,,,,1,ug,0.2,mg,,,0.01,mg,0.09,mg,2,ug,0,ug,0.09,mg,11,mg,0,ug,0.05,mg,8,mg,,,0.5,mg,,ug,71,mg,13,mg,1,mg,5,mg,0.4,ug,0.1,mg
1168,Kefir,Kefir,,A0148 A0452 A0626 A0721 A0724 A0774 A0783 B1201 C0235 E0130 F0018 G0003 H0107 J0135 K0003 M0001 N0001 P0024 R0212 R0497 Z0112,A02NV,14,A02LR,Milk and dairy products,47,A02MZ,Fermented milk or cream,,,,1.000000,BEDCA,0,g,267.2,kJ,3.5,g,3.3,g,88.4,g,4.8,g,0,g,,,,,,,14,mg,,,,,,,,,,,,,,,,,,,,,1,g,0.1,g,2.3,g,,,,,21,ug,0.087,mg,,,0.203,mg,0.045,mg,30.6,ug,0.18,ug,0.038,mg,0.3,mg,0.101,ug,0.092,mg,127,mg,,,0.13,mg,24.3,ug,160,mg,14,mg,46,mg,90,mg,1.3,ug,0.44,mg
1169,"Angula, cruda","Elver, raw",,A0267 A0460 A0634 A0717 A0727 A0747 A0801 B2299 C0173 E0150 F0003 G0003 H0001 J0001 K0003 M0001 N0001 P0024 R0212 R0497 Z0062 Z0215,,,,,,,,,,,1.000000,BEDCA,0,g,887.6,kJ,16.5,g,16.3,g,67.2,g,0,g,0,g,,,,,,,50,mg,,,,,,,,,,,,,,,,,,,,,8.9,g,1.3,g,2.8,g,,,,,13,ug,5.5,mg,,,0.32,mg,0.17,mg,1000,ug,1,ug,0.3,mg,,mg,110,ug,5.6,mg,30,mg,,,1,mg,10,ug,270,mg,19,mg,90,mg,170,mg,,,1.8,mg
1172,"Ciruela, con piel, cruda","Yellow plum, with skin, raw",,A0143 A0455 A0629 A0670 A0707 A0732 A0833 B1206 C0139 E0150 F0003 G0003 H0003 J0001 K0003 M0001 N0001 P0024 R0212 R0497 Z0112,,,,,,,,,,,0.000000,BEDCA,0,g,224.15,kJ,0.2,g,0.75,g,82.35,g,12,g,2.3,g,0,g,0.1,g,12,g,0,mg,,,,,,,,,,,,,,,,,,,,,,g,,g,,g,,,0.2,ug,3,ug,0.5,mg,0.08,mg,0.035,mg,0.055,mg,20,ug,0,ug,0.05,mg,6,mg,0,ug,0.5,mg,12.5,mg,0.04,mg,0.45,mg,,ug,236.5,mg,11.5,mg,0.5,mg,29,mg,0.5,ug,0.4,mg
1173,"Huevo de gallina, clara, cruda","Egg,chicken, white, raw",,A0261 A0461 A0635 A0718 A0725 A0744 A0790 B1713 C0241 E0139 F0001 G0003 H0003 J0001 K0003 M0001 N0001 P0024 R0212 R0497 Z0112,,,,,,,,,,,1.000000,BEDCA,0,g,187.3,kJ,0.1,g,10.5,g,88,g,0.3,g,0,g,0,g,,,0.3,g,0,mg,,,,,,,,,,,,,,,,,,,,,,g,,g,,g,,,0.01,ug,12,ug,0.16,mg,0.19,mg,0.44,mg,,mg,0,ug,0.1,ug,0.01,mg,0,mg,0,ug,0,mg,6,mg,0.01,mg,0.07,mg,10,ug,142,mg,10,mg,160,mg,15,mg,6,ug,0.02,mg
1174,"Pescadilla, congelada, cruda","Whiting, frozen, raw",,A0267 A0460 A0634 A0717 A0727 A0747 A0802 B1840 C0265 E0131 F0003 G0003 H0001 J0136 K0003 M0001 N0001 P0024 R0212 R0497 Z0056 Z0112 Z0215,,,,,,,,,,,0.000000,BEDCA,0,g,230.681,kJ,0.835979,g,11.75,g,86.1,g,0,g,0,g,0,g,,,0,g,19,mg,,,,,,,,,,,,,,,,,,,,,0.26,g,0.31,g,0.22,g,,,,,15.4,ug,6.9,mg,,,0.07,mg,0.09,mg,,ug,0.97,ug,0.1,mg,0.96,mg,,ug,0.36,mg,46.7,mg,,,0.85,mg,10,ug,270,mg,30.5,mg,100,mg,190,mg,15,ug,0.97,mg
1175,"Guisante, congelado, crudo","Pea, frozen, raw",,A0152 A0455 A0629 A0650 A0704 A0730 A0831 B1338 C0133 E0150 F0003 G0003 H0003 J0136 K0003 M0001 N0001 P0024 R0212 R0497 Z0112 Z0205,,,,,,,,,,,1.000000,BEDCA,0,g,259.9,kJ,0.5,g,5.4,g,79.9,g,8.8,g,4.7,g,6.7,g,,,2.1,g,0,mg,0,g,0,g,0.06,g,0.007,g,0.033,g,0.142,g,0.033,g,0,g,0,g,0,g,,g,0.3,g,0.1,g,,,,,49.3,ug,1.7,mg,,,0.1,mg,0.26,mg,53,ug,0,ug,0.1,mg,18,mg,0,ug,0.1,mg,24,mg,,,1.6,mg,0.15,ug,197,mg,26,mg,3,mg,91,mg,1.9,ug,0.8,mg
1176,"Alcachofa, cruda","Artichoke, frozen, raw",,A0152 A0455 A0629 A0650 A0705 A0731 A0826 B1466 C0237 E0148 F0003 G0003 H0001 J0136 K0001 M0001 N0001 P0024 R0212 R0497 Z0205 Z0215,,,,,,,,,,,0.000000,BEDCA,0,g,95.12,kJ,0.2,g,2.9,g,83.33,g,2.26,g,9.4,g,0.01,g,,,2.25,g,0,mg,,,,,,,,,,,,,,,,,,,,,,g,0.09,g,,g,,,4.1,ug,28,ug,0.8,mg,0.34,mg,0.04,mg,0.05,mg,4,ug,0,ug,0.09,mg,6,mg,0,ug,0.2,mg,44,mg,0.23,mg,1,mg,1,ug,300,mg,27,mg,15,mg,50,mg,0.2,ug,0.1,mg
1177,"Brécol, crudo","Broccoli, raw",,A0152 A0455 A0629 A0650 A0731 A0826 B1443 C0144 E0150 F0003 G0003 H0003 J0001 K0001 M0001 N0001 P0024 R0212 R0497 Z0112 Z0205 Z0215,,,,,,,,,,,0.000000,BEDCA,0,g,106.6,kJ,0.4,g,3,g,90.7,g,2.4,g,3,g,0.1,g,,,2.3,g,0,mg,,,,,,,,,,,,,,,,,,,,,,g,0.2,g,0.07,g,,,,ug,110,ug,1,mg,0.9,mg,0.13,mg,0.1,mg,69,ug,0,ug,0.19,mg,110,mg,0,ug,1,mg,93,mg,0.04,mg,1.4,mg,2,ug,370,mg,25,mg,13,mg,67,mg,3,ug,0.6,mg
1178,"Col lombarda, hervida","Red cabbage, boiled",,A0152 A0455 A0629 A0675 A0705 A0731 A0826 B2072 C0151 E0151 F0014 G0014 H0001 J0001 K0001 M0001 N0001 P0024 R0212 R0497 Z0109 Z0205,,,,,,,,,,,1.000000,BEDCA,0,g,74.85,kJ,0.3,g,1,g,91.4,g,2.75,g,2.4,g,,g,,,2.75,g,0,mg,,,,,,,,,,,,,,,,,,,,,,g,0.15,g,,g,,,,,34,ug,0.2,mg,,,0.02,mg,0.03,mg,1,ug,0,ug,0.1,mg,33,mg,0,ug,0.7,mg,37,mg,,,0.4,mg,1,ug,140,mg,9,mg,3,mg,29,mg,0.4,ug,0.1,mg
1179,"Espárrago, verde","Asparagus, green",,A0152 A0455 A0629 A0682 A0705 A0731 A0826 B1604 C0200 E0150 F0001 G0001 H0001 J0001 K0001 M0001 N0001 P0024 R0212 R0497 Z0205 Z0215,,,,,,,,,,./foodimages/product-1202537.jpg,0.600000,BEDCA,0,g,105.5,kJ,0.6,g,2.9,g,92.8,g,2,g,1.7,g,,,,,,,0,mg,,,,,,,,,,,,,,,,,,,,,0.1,g,0.2,g,0.1,g,,,0,ug,113,ug,1.5,mg,0.17,mg,0.11,mg,0.12,mg,53,ug,0,ug,0.07,mg,21.6,mg,0,ug,2,mg,27.7,mg,0.08,mg,1.3,mg,8,ug,207,mg,12.5,mg,3,mg,59,mg,1,ug,0.51,mg
1180,"Col de bruselas, cruda","Brussels sprout, frozen",,A0152 A0455 A0629 A0675 A0705 A0731 A0826 B1611 C0151 E0151 F0001 G0001 H0001 J0136 K0001 M0001 N0001 P0024 R0212 R0497 Z0112 Z0205,,,,,,,,,,,0.000000,BEDCA,0,g,146,kJ,0.5,g,4,g,84.4,g,3.5,g,4.3,g,0.6,g,,,2.9,g,0,mg,,,,,,,,,,,,,,,,,,,,,,g,0.2,g,0.1,g,,,0,ug,55.6,ug,0.69,mg,,,0.13,mg,0.14,mg,13,ug,0,ug,0.28,mg,110,mg,0,ug,0.9,mg,31,mg,0.07,mg,1.1,mg,10,ug,411,mg,23,mg,9,mg,77,mg,1.6,ug,0.5,mg
1182,Sofrito,Lightly-fried vegatables,,A0286 A0463 A0629 A0663 A0722 A0735 A0862 B1300 C0240 E0134 F0014 G0028 H0212 H0341 H0350 H0367 J0003 K0003 M0003 N0001 P0024 R0212 R0497 Z0052 Z0112,,,,,,,,,,,1.000000,BEDCA,0,g,874.83,kJ,20.97,g,1.11,g,70,g,4.71,g,1.4,g,0.08,g,,,4.63,g,0,mg,,,,,,,,,,,,,,,,,,,,,14.86,g,2.14,g,3.03,g,,,0,ug,5.13,ug,0.72,mg,0,mg,0.03,mg,0.04,mg,26.25,ug,0,ug,0.07,mg,6.52,mg,0,ug,3.49,mg,21.65,mg,0,mg,0.67,mg,0,ug,253.5,mg,14.4,mg,492.99,mg,27.19,mg,0,ug,0.34,mg
1183,"Calabaza, hervida","Pumpkin, boiled",,A0152 A0455 A0629 A0676 A0705 A0731 A0828 B1456 C0229 E0152 F0014 G0014 H0367 J0001 K0003 M0001 N0001 P0024 R0212 R0497 Z0109 Z0205,,,,,,,,,,./foodimages/zapallo.bmp,1.000000,BEDCA,0,g,51.45,kJ,0.15,g,0.6,g,96.5,g,2.1,g,0.5,g,,,,,,,0,mg,,,,,,,,,,,,,,,,,,,,,,g,,g,0.1,g,,,0.4,ug,10,ug,0.2,mg,0.3,mg,,mg,0.14,mg,159.17,ug,0,ug,0.03,mg,7,mg,0,ug,1.06,mg,23,mg,0.02,mg,0.1,mg,1,ug,84,mg,7,mg,76,mg,15,mg,0,ug,0.2,mg
1185,"Grosella negra, cruda","Black currant, raw",,A0143 A0455 A0629 A0671 A0707 A0732 A0833 B1192 C0140 E0150 F0003 G0003 H0003 J0001 K0003 M0001 N0001 P0024 R0212 R0497 Z0112 Z0205,,,,,,,,,,,1.000000,BEDCA,0,g,149.617,kJ,0.1,g,1.48,g,79.84,g,7.10333,g,7,g,,g,1.031,g,7.10333,g,0,mg,,,,,,,,,,,,,,,,,,,,,,g,,g,,g,,,,,40,ug,0.3,mg,0.4,mg,0.06,mg,0.02,mg,21.6667,ug,0,ug,0.08,mg,159.567,mg,0,ug,1,mg,40.1,mg,0.09,mg,0.9,mg,1,ug,341.9,mg,22.0333,mg,6.03333,mg,34,mg,1.7,ug,0.433333,mg
1186,"Mango, crudo","Mango, without skin, raw",,A0143 A0455 A0629 A0668 A0707 A0732 A0833 B1270 C0229 E0150 F0003 G0003 H0003 J0001 K0003 M0001 N0001 P0024 R0212 R0497 Z0112,,,,,,,,,,,0.000000,BEDCA,0,g,245.4,kJ,0.2,g,0.6,g,83,g,13.4,g,2.3,g,0.3,g,8.27,g,13.1,g,0,mg,,,,,,,,,,,,,,,,,,,,,0.07,g,0.03,g,0.05,g,,,,,31,ug,0.4,mg,0.16,mg,0.05,mg,0.03,mg,25,ug,0,ug,0.08,mg,44,mg,0,ug,1.8,mg,20,mg,0.11,mg,1.2,mg,0,ug,150,mg,9,mg,2,mg,22,mg,0.6,ug,0.1,mg
1187,"Centeno, crudo","Rye, raw",,A0125 A0457 A0631 A0683 A0696 A0729 A0812 B1313 C0155 E0150 F0001 G0003 H0138 J0116 K0003 M0001 N0001 P0024 R0212 R0497 Z0205 Z0215,,,,,,,,,,,1.000000,BEDCA,0,g,1700.7,kJ,2.5,g,14.8,g,0,g,79.8,g,14.6,g,,,,,,,0,mg,,,,,,,,,,,,,,,,,,,,,0.3,g,1.1,g,0.29,g,,,,,60,ug,4.27,mg,1.46,mg,0.25,mg,0.32,mg,0,ug,0,ug,0.29,mg,0,mg,0,ug,1.87,mg,33,mg,0.45,mg,2.67,mg,10,ug,264,mg,121,mg,6,mg,374,mg,35.3,ug,3.73,mg
1188,"Cereales desayuno base de maíz, trigo y avena","Breakfast cereal, corn, wheat and oat",,A0258 A0457 A0631 A0692 A0729 A0768 A0816 B1379 C0155 E0153 F0014 G0003 H0100 H0138 H0181 H0215 H0216 H0274 H0319 H0322 J0116 K0003 M0155 N0001 P0024 R0212 R0497 Z0112,,,,,,,,,,,1.000000,BEDCA,0,g,1732.3,kJ,6.8,g,6.2,g,5.2,g,80.9,g,2.4,g,,,40,g,,,0,mg,,,,,,,,,,,,,,,,,,,,,0,g,0,g,4.6,g,,,0,ug,170,ug,15.3,mg,5.1,mg,1.4,mg,1.2,mg,0,ug,0.85,ug,1.7,mg,51,mg,0,ug,0,mg,0,mg,0,mg,11.9,mg,0,ug,0,mg,0,mg,200,mg,0,mg,0,ug,0,mg
1777,Jamón ibérico de cebo,Iberian ham of land cebo-feed,,A0797 B1136 C0269 E0150 F0003 H0144 J0139 K0003 P0024 R0212 Z0086,,,,,,,,,,,1.000000,BEDCA,0,g,1261.2,kJ,19.2,g,32.3,g,48.4,g,0.1,g,0,g,,,,,,,69,mg,0.013,g,0.25,g,4.69,g,2.41,g,9.19,g,0.657,g,0.084,g,0.053,g,,,,,10.31,g,1.18,g,7.81,g,0.043,g,,,13.5,ug,0.8,mg,,,0.12,mg,0.42,mg,,ug,15.7,ug,0.16,mg,0,mg,,ug,0.08,mg,10.2,mg,,,4.3,mg,11,ug,701,mg,37.2,mg,1942,mg,141,mg,12.1,ug,4,mg
1781,Jamón ibérico de bellota,Iberian acorn-feed ham,,A1000 A0797 B1136 C0269 E0150 F0003 H0144 J0139 K0003 P0024 R0212 Z0086,,,,,,,,,,,1.000000,BEDCA,0,g,1394.3,kJ,22.2,g,33.2,g,38.5,g,0.5,g,0,g,,,,,,,69,mg,0.013,g,0.2,g,4.29,g,2.04,g,12.46,g,0.657,g,0.084,g,0.053,g,,,,,13.08,g,1.54,g,6.53,g,0.043,g,,,,ug,0.84,mg,,,0.11,mg,0.4,mg,,ug,15.7,ug,0.14,mg,0,mg,,ug,0.08,mg,6.8,mg,,,3.6,mg,10,ug,655,mg,37.6,mg,1935,mg,191,mg,12.1,ug,3.5,mg
2123,Kebab,Kebab,,A0467 A0722 A0735 A0861 B1134 C0005 E0147 F0014 G0001 H0152 H0191 H0212 H0367 J0142 K0003 M0001 N0001 P0024 R0403 Z0112,,,,,,,,,,,1.000000,BEDCA2,0,g,1270.03,kJ,7.9,g,8.8,g,66.6,g,16.7,g,1.6,g,,,,,,,,,,,,,,,,,,,,,,,,,,,,,3.1,g,0.7,g,2.9,g,,,,,13.7,ug,3.8,mg,,,0.09,mg,0.06,mg,21.1,ug,0.5,ug,0.19,mg,3.4,mg,,ug,0.7,mg,26.1,mg,,,1.1,mg,10.8,ug,210.6,mg,14.6,mg,680,mg,85,mg,6.6,ug,1.4,mg
2124,Vinagre de vino,Wine vinegar,"Vinegar, wine",A0302 A0722 A0735 A0852 A1200 B1329 C0167 E0123 F0014 G0014 H0148 J0104 K0004 M0102 M0130 N0036 N0040 P0024 R0001 Z0112,A044M,16,A042N,"Seasoning, sauces and condiments",53,A04QN,Condiments,,,,1.000000,BEDCA2,0,g,17,kJ,0,g,0.4,g,97,g,0.6,g,0,g,,,,,,,0,mg,,,,,,,,,,,,,,,,,,,,,0,g,0,g,0,g,,,,,,ug,,mg,,,,mg,,mg,0,ug,0,ug,,mg,0.5,mg,0,ug,,mg,6,mg,,,0.45,mg,,ug,39,mg,4,mg,8,mg,8,mg,,ug,0.03,mg
2125,"Huevo de gallina, yema, cruda","Egg, chiken, yolk, raw",Gallus gallus domesticus,A0718 A0725 A0790 A1038 A1260 A1275 B1713 C0215 E0150 F0003 G0003 H0003 J0003 K0003 M0156 M0159 N0036 P0024 Z0154,,,,,,,,,,,1.000000,BEDCA2,0,g,1485.1,kJ,31.5,g,16.5,g,49.9,g,2.3,g,0,g,,,,,,,1100,mg,,,,,,,,,,,,,,,,,,,,,12.3,g,4.1,g,9.4,g,,,,,140,ug,,mg,,,0.5,mg,0.22,mg,591,ug,4.7,ug,0.3,mg,0,mg,4.5,ug,3.6,mg,137,mg,,,6.1,mg,39.6,ug,97,mg,15,mg,50,mg,520,mg,45,ug,3.9,mg
2126,"Huevo de gallina, hervido, duro","Egg, chicken, cooked, hard boiled",,A0718 A0725 A0790 A1038 A1260 A1275 B1713 C0194 E0150 F0014 G0015 H0003 J0003 K0003 M0001 N0001 P0024 Z0154,,,,,,,,,,,1.000000,BEDCA2,0,g,606.1,kJ,10.5,g,12.5,g,75.7,g,0.3,g,,g,,,,,,,380,mg,,,,,,,,,,,,,,,,,,,,,4.2,g,1.3,g,3.1,g,,,,,60,ug,0.07,mg,,,0.35,mg,0.07,mg,207,ug,1.2,ug,0.1,mg,0,mg,1.7,ug,1.2,mg,53,mg,,,1.8,mg,44,ug,126,mg,11,mg,133,mg,186,mg,24.9,ug,1.3,mg
2127,Huevo de gallina fresco,"Egg, chicken, whole, raw",,A0718 A0725 A0791 A1038 A1260 A1271 B1713 C0128 E0150 F0003 G0003 H0003 J0001 K0004 M0128 M0156 N0036 N0039 P0024 R0001 Z0112,,,,,,,,,,,0.880000,BEDCA2,0,g,623.2,kJ,11.1,g,12.5,g,76.4,g,,g,0,g,0,g,,,,,385,mg,,,,,,,,,,,,,,,,,,,,,3.97,g,1.74,g,3.1,g,,,,,50,ug,3.8,mg,,,0.47,mg,0.09,mg,190,ug,2.5,ug,0.12,mg,0,mg,1.75,ug,1.11,mg,57,mg,,,1.9,mg,20,ug,130,mg,12,mg,140,mg,200,mg,11,ug,1.3,mg
2129,Anchoas en aceite vegetal,Anchovy in vegetable oil,,A0717 A0727 A0802 A1140 A1265 A1285 B1554 C0120 E0150 F0014 G0013 H0263 H0367 J0123 K0021 M0175 M0182 M0204 N0042 P0024 R0001 Z0112,,,,,,,,,,,1.000000,BEDCA2,0,g,850.4,kJ,9.71,g,28.89,g,61,g,0,g,0,g,,,,,,,85,mg,,,,,,,,,,,,,,,,,,,,,3.77,g,2.562,g,2.203,g,,,,,18.5,ug,3.8,mg,,,0.363,mg,0.078,mg,67.4,ug,3.4,ug,0.203,mg,0,mg,11.8,ug,3.33,mg,232,mg,,,4.63,mg,,ug,554,mg,69,mg,3668,mg,262,mg,68.1,ug,2.44,mg
2130,Atún en aceite de oliva isabel,Tuna in olive oil,,A0717 A0727 A0802 A1140 A1265 A1285 B1269 C0270 E0152 F0014 G0013 H0341 H0367 J0123 K0038 M0175 M0182 M0204 N0042 P0024 R0001 Z0112,,,,,,,,,,,1.000000,BEDCA2,0,g,749.97,kJ,8.08,g,26.53,g,64.02,g,0,g,0,g,,,,,,,31,mg,,,,,,,,,,,,,,,,,,,,,3.313,g,3.72,g,1.05,g,,,,,16.8,ug,11.698,mg,,,0.079,mg,0.017,mg,62.2,ug,,ug,0.43,mg,2.2,mg,5,ug,2.3,mg,4,mg,,,0.65,mg,8,ug,333,mg,34,mg,396,mg,267,mg,60.1,ug,0.47,mg
2131,Atun en aceite vegetal,Tuna in vegetable oil,,A0717 A0727 A0747 A0802 A1265 A1285 B1269 C0243 E0107 F0014 G0013 H0001 J0110 K0003 M0182 N0042 R0212 Z0058 Z0112 Z0153,,,,,,,,,,,1.000000,BEDCA2,0,g,852.47,kJ,12.1,g,23.81,g,61.4,g,0,g,0,g,,,,,,,39.8,mg,,,,,,,,,,,,,,,,,,,,,3.6,g,5.5,g,1.8,g,,,,,16.8,ug,13.6,mg,,,0.1,mg,0.1,mg,62.2,ug,5,ug,0.42,mg,,mg,24.7,ug,6.3,mg,27.7,mg,,,1.2,mg,34.2,ug,,mg,28.2,mg,,mg,,mg,,ug,1.1,mg
2132,Atún en escabeche,Pickled tuna,,A0717 A0727 A0802 A1140 A1265 A1285 B1269 C0270 E0152 F0014 G0013 H0200 H0263 H0367 J0123 K0040 M0175 M0182 M0204 N0042 P0024 R0001 Z0112,A02KL,7,A026T,"Fish, seafood, amphibians, reptiles and invertebrates",16,A04NL,Fish and seafood processed,,,,1.000000,BEDCA2,0,g,421.7,kJ,0.6,g,23.5,g,75.9,g,0,g,0,g,,,,,,,51,mg,,,,,,,,,,,,,,,,,,,,,0.1,g,0.21,g,0.23,g,,,,,16,ug,18.8,mg,,,0.11,mg,0.02,mg,65,ug,4.3,ug,0.47,mg,0,mg,4,ug,0.55,mg,8,mg,,,1,mg,13,ug,230,mg,27,mg,320,mg,170,mg,78,ug,0.7,mg
2133,"Atún, al natural","Tuna, canned in water",,A0717 A0727 A0747 A0802 A1265 A1285 B1269 C0243 E0107 F0014 G0013 H0367 J0110 K0003 M0182 N0042 R0212 Z0058 Z0112 Z0153,,,,,,,,,,,1.000000,BEDCA2,0,g,421.7,kJ,0.6,g,23.5,g,75.9,g,0,g,0,g,,,,,,,51,mg,,,,,,,,,,,,,,,,,,,,,0.1,g,0.2,g,0.2,g,,,,,7,ug,18.78,mg,,,0.11,mg,0.02,mg,60,ug,4,ug,0.47,mg,0,mg,4,ug,0.55,mg,28,mg,,,1,mg,13,ug,230,mg,27,mg,320,mg,170,mg,80.4,ug,0.7,mg
2134,"Atún, crudo","Tuna, raw",thunnus thynnus,A0717 A0727 A0747 A0802 A1265 A1285 B1269 C0243 E0150 F0003 G0003 H0003 J0142 K0003 M0001 N0001 R0212 Z0058 Z0153,,,,,,,,,,,0.580000,BEDCA2,0,g,496.1,kJ,3.3,g,22,g,67.3,g,0,g,0,g,,,,,,,28,mg,,,,,0.508,g,0.186,g,0.262,g,0.029,g,0.007,g,0.077,g,0.101,g,0.648,g,0.65,g,1.32,g,0.96,g,,,,,15,ug,12.8,mg,,,0.13,mg,0.1,mg,26,ug,4,ug,0.4,mg,,mg,7.2,ug,1,mg,16,mg,,,1.3,mg,8,ug,400,mg,33,mg,47,mg,230,mg,82,ug,0.7,mg
2135,"Atún, plancha","Tuna, griddle",,A0717 A0727 A0747 A0802 A1265 A1285 B1269 C0243 E0150 F0014 G0008 H0003 J0142 K0003 M0001 N0001 R0212 Z0058 Z0153,,,,,,,,,,,1.000000,BEDCA2,0,g,835,kJ,12,g,23,g,65,g,,g,0,g,,,,,,,55,mg,,,,,,,,,,,,,,,,,,,,,2.39,g,3.07,g,2.77,g,,,,,15,ug,17.8,mg,,,0.2,mg,0.04,mg,60,ug,5,ug,0.41,mg,0,mg,25,ug,0,mg,38,mg,,,1.3,mg,10,ug,40,mg,28,mg,40,mg,200,mg,46.8,ug,1.1,mg
2136,Bacaladilla,Whiting,micromesistius poutasso,A0717 A0727 A0802 A1144 A1265 A1285 B1640 C0275 E0150 F0003 G0003 H0003 J0142 K0003 M0166 M0173 N0036 N0039 P0024 R0001 Z0215,A02CG,7,A026T,"Fish, seafood, amphibians, reptiles and invertebrates",15,A026V,Fish,,,,0.640000,BEDCA2,0,g,321.7,kJ,0.7,g,17.4,g,81.9,g,0,g,0,g,0,g,,,,,46,mg,,,,,,,,,,,0.002,g,0.004,g,0.001,g,0.108,g,0.138,g,0.08,g,0.28,g,0.18,g,,,,,12,ug,4.9,mg,,,0.07,mg,0.08,mg,,ug,2,ug,0.33,mg,,mg,,ug,0.44,mg,16,mg,,,0.3,mg,30,ug,320,mg,23,mg,77,mg,218,mg,28,ug,0.4,mg
2155,Cereales desayuno base muesli,"Breakfast cereal, granola",,A0457 A0692 A0729 A0816 A0973 A1240 A1290 B1047 C0155 E0117 F0014 G0003 H0138 H0152 H0158 H0177 J0116 K0003 M0172 N0036 P0024 R0212 Z0112,,,,,,,,,,,1.000000,BEDCA2,0,g,1549,kJ,6.9,g,10.3,g,9.1,g,65.8,g,6.1,g,,,,,,,0.3,mg,,,,,,,,,,,,,,,,,,,,,3.4,g,2.3,g,0.5,g,,,,,268,ug,17.3,mg,,,1.4,mg,2.6,mg,1,ug,1.4,ug,2.7,mg,84.3,mg,0,ug,1.5,mg,37.4,mg,,,8.4,mg,17.7,ug,323,mg,77.7,mg,38.2,mg,288.7,mg,5.9,ug,2.5,mg
2156,Mijo,Millet,,A0457 A0696 A0729 A0814 A0965 A1240 B2505 C0155 E0150 F0003 G0003 H0001 J0003 K0003 M0003 N0001 P0024 R0212 Z0112,A001B,11,A000J,Grains and grain-based products,29,A000K,Cereals and similar,,,,1.000000,BEDCA2,0,g,1437.37,kJ,4.2,g,11.01,g,11.9,g,64.4,g,8.5,g,,,,,,,0,mg,,,,,,,,,,,,,,,,,,,,,0.77,g,2.14,g,0.72,g,,,,,85,ug,4.7,mg,,,0.3,mg,0.42,mg,0,ug,0,ug,0.38,mg,0,mg,0,ug,0.41,mg,8,mg,,,3.01,mg,2.5,ug,195,mg,114,mg,5,mg,285,mg,2.7,ug,1.7,mg
2157,Miso,Miso,,A0722 A0735 A0859 A1276 B1452 C0155 E0119 F0001 G0003 H0128 H0338 H0367 J0003 K0001 M0001 N0001 P0024 R0001,,,,,,,,,,,1.000000,BEDCA2,0,g,871.09,kJ,6.01,g,11.69,g,43.02,g,26.47,g,5.4,g,,,,,,,0,mg,,,,,,,,,,,,,,,,,,,,,1.242,g,3.204,g,1.139,g,,,,,19,ug,0.906,mg,,,0.233,mg,0.098,mg,26.1,ug,0.08,ug,0.199,mg,0,mg,0,ug,0.01,mg,57,mg,,,2.49,mg,,ug,210,mg,48,mg,3728,mg,159,mg,7,ug,2.56,mg
2158,Muesli,Granola,,A0457 A0692 A0729 A0816 A0970 A1240 A1290 B1047 C0155 E0117 F0014 G0003 H0138 H0147 H0152 H0177 J0116 K0003 M0172 N0036 P0024 R0212 Z0112,A00EL,11,A000J,Grains and grain-based products,27,A00CV,Breakfast cereals,,,,1.000000,BEDCA2,0,g,1597,kJ,11,g,9,g,11,g,61,g,8,g,,,,,,,0,mg,,,,,,,,,,,,,,,,,,,,,3.39,g,1.77,g,2.5,g,,,,,200.9,ug,6.8,mg,,,0.6,mg,0.8,mg,164,ug,0.85,ug,1.7,mg,51,mg,4.25,ug,2.9,mg,50,mg,,,6.6,mg,5,ug,400,mg,70,mg,200,mg,250,mg,17.3,ug,1.5,mg
2159,Palmera,Butterfly cookies,,A0202 A0456 A0695 A0733 A0821 A0951 A1240 A1290 B1312 C0155 E0147 F0014 G0005 H0158 H0184 H0186 H0221 J0003 K0003 M0001 N0001 P0024 R0212 Z0112,A00CC,11,A000J,Grains and grain-based products,30,A009T,Fine bakery wares,,,,1.000000,BEDCA2,0,g,2232,kJ,30,g,5,g,1.6,g,61,g,2.4,g,,,,,,,92,mg,0.01,g,0.05,g,2.273,g,0.231,g,1.272,g,0.736,g,0.006,g,,,,,,,11.51,g,2.33,g,15.24,g,0.027,g,,,17.2,ug,0.8,mg,,,0.03,mg,0.03,mg,120,ug,1.1,ug,0.07,mg,0,mg,0.92,ug,4.8,mg,11,mg,,,2,mg,10,ug,76,mg,11,mg,431,mg,50,mg,16.2,ug,0.4,mg
2160,"Pan blanco, de barra",White bread,,A0691 A0729 A0817 A0943 A1240 A1290 B1312 C0165 E0150 F0014 G0005 H0319 H0367 H0752 J0003 K0003 M0159 N0039 P0024 Z0112,,,,,,,,,,,1.000000,BEDCA2,0,g,999.3,kJ,1.6,g,8.3,g,34.6,g,47,g,3.5,g,,,,,,,0,mg,,,,,,,,,,,,,,,,,,,,,0.28,g,0.34,g,0.39,g,,,,,23,ug,1.7,mg,,,0.05,mg,0.08,mg,0,ug,0,ug,0.06,mg,0,mg,0,ug,,mg,56,mg,,,1.6,mg,4.7,ug,120,mg,25,mg,650,mg,90,mg,28,ug,0.6,mg
2161,"Pan blanco, de molde, tostado","Bread, sliced, toasted",,A0691 A0729 A0820 A1240 A1290 B1312 C0155 E0131 F0014 G0003 H0136 H0367 H0398 H0751 J0003 K0003 M0172 N0036 P0188 Z0112,,,,,,,,,,,1.000000,BEDCA2,0,g,1037.9,kJ,3.7,g,7.3,g,36.9,g,45.7,g,3.6,g,,,,,,,0,mg,0.009,g,0.019,g,0.915,g,0.343,g,1.427,g,1.258,g,0.081,g,,,,,,,0.73,g,1.17,g,0.56,g,1.004,g,,,27,ug,1.5,mg,,,0.04,mg,0.19,mg,0,ug,,ug,0.1,mg,0,mg,,ug,0.4,mg,24,mg,,,1.4,mg,7,ug,129,mg,21,mg,613,mg,91,mg,33.6,ug,0.5,mg
2162,"Pan blanco, frito","White bread, fried",,A0691 A0729 A0820 A1240 A1290 B1312 C0155 E0131 F0014 G0035 H0751 J0003 K0003 M0001 N0001 P0024 Z0112,,,,,,,,,,,1.000000,BEDCA2,0,g,1084.64,kJ,1.6,g,8.82,g,34.4,g,51.5,g,3.5,g,,,,,,,,mg,,,,,,,,,,,,,,,,,,,,,0.28,g,0.34,g,0.39,g,,,1,ug,9,ug,3.1,mg,,,0.04,mg,0.15,mg,0,ug,0,ug,0.05,mg,0,mg,0,ug,0,mg,54.88,mg,,,89.18,mg,3.92,ug,107.8,mg,24.6,mg,509.6,mg,89.18,mg,,ug,0.59,mg
2163,Pan integral,Whole wheat bread,,A0691 A0729 A0818 A0946 A1240 A1290 B1219 C0133 E0106 F0014 G0005 H0254 H0341 H0367 H0403 H0695 H0704 H0749 H0753 H0758 J0003 K0004 M0197 N0036 P0024 R0001 Z0112,,,,,,,,,,,1.000000,BEDCA2,0,g,1044.3,kJ,3,g,10.9,g,36.1,g,44,g,6,g,,,,,,,0,mg,,,,,,,,,,,,,,,,,,,,,1.4,g,0.8,g,0.7,g,,,,,37,ug,6.67,mg,,,0.33,mg,0.35,mg,0,ug,0.08,ug,0.32,mg,0.3,mg,0,ug,0.66,mg,99,mg,,,3.77,mg,5,ug,222,mg,58,mg,530,mg,191,mg,32.1,ug,1.38,mg
2164,"Pan integral, de molde, tostado","Bread, whole wheat, sliced, toasted",,A0691 A0729 A0820 A1240 A1290 B1312 C0165 E0131 F0014 G0003 H0136 H0367 H0751 J0003 K0003 M0172 N0036 P0188 Z0112,,,,,,,,,,,1.000000,BEDCA2,0,g,1044.3,kJ,3,g,10.9,g,36.1,g,44,g,6,g,,,,,,,0,mg,0.009,g,0.019,g,0.915,g,0.343,g,1.427,g,1.258,g,0.081,g,,,,,,,1.4,g,0.8,g,0.7,g,1.004,g,,,37,ug,6.67,mg,,,0.33,mg,0.35,mg,0,ug,0.08,ug,0.32,mg,0.3,mg,0,ug,0.66,mg,99,mg,,,3.77,mg,5,ug,222,mg,58,mg,530,mg,191,mg,32.1,ug,1.38,mg
2165,"Pan blanco, tostado","White bread, toasted",,A0178 A0458 A0632 A0662 A0695 A0729 A0817 B1312 C0208 E0147 F0014 G0005 G0010 H0256 J0003 K0003 M0001 N0001 P0024 R0212 R0497 Z0112,,,,,,,,,,./foodimages/2008-09-28_143643_pan_tostado.jpg,1.000000,BEDCA2,0,g,1270.6,kJ,2.5,g,10.1,g,23.7,g,59.2,g,4.5,g,55.1,g,,,,,0,mg,,,,,,,,,,,,,,,,,,,,,0.4,g,1,g,0.6,g,,,,,21,ug,3.4,mg,,,0.15,mg,0.23,mg,0,ug,0,ug,0.09,mg,0,mg,0,ug,0.01,mg,85,mg,,,2.2,mg,7,ug,100,mg,28,mg,650,mg,100,mg,33.6,ug,0.6,mg
2166,"Pan blanco, tostado sin sal","White bread, toasted, without salt",,A0178 A0458 A0632 A0662 A0695 A0729 A0817 B1312 C0208 E0147 F0014 G0005 G0010 H0256 J0003 K0003 M0001 N0001 P0024 P0080 R0212 R0497 Z0112,,,,,,,,,,./foodimages/pan_tostado_grande.gif,1.000000,BEDCA2,0,g,1270.6,kJ,2.5,g,10.1,g,23.7,g,59.2,g,4.5,g,55.1,g,,,,,0,mg,,,,,,,,,,,,,,,,,,,,,0.4,g,1,g,0.6,g,,,,,21,ug,3.4,mg,,,0.15,mg,0.23,mg,0,ug,0,ug,0.09,mg,0,mg,0,ug,0.01,mg,85,mg,,,2.2,mg,7,ug,100,mg,28,mg,3,mg,100,mg,33.6,ug,0.6,mg
2167,Pan de centeno,Rye bread,,A0691 A0729 A0817 A0943 A1240 A1290 B1313 C0165 E0150 F0014 G0005 H0319 H0367 H0752 J0003 K0003 M0159 N0039 P0024 Z0112,,,,,,,,,,,1.000000,BEDCA2,0,g,921.17,kJ,1,g,6.21,g,40.5,g,45.8,g,6.46,g,,,,g,,,0,mg,,,,,,,,,,,,,,,,,,,,,0.1,g,0.5,g,0.101,g,,,,,16,ug,3.02,mg,,,0.11,mg,0.18,mg,0,ug,0,ug,0.09,mg,0,mg,0,ug,1.1,mg,29,mg,,,2.4,mg,8.5,ug,244,mg,35,mg,523,mg,119,mg,30.9,ug,1.2,mg
2168,Pan de leche,Milk bread,,A0691 A0729 A0817 A0943 A1240 A1290 B1312 C0155 E0150 F0014 G0005 H0184 H0319 H0367 H0752 J0003 K0003 M0159 N0039 P0024 Z0112,A00BT,11,A000J,Grains and grain-based products,30,A009T,Fine bakery wares,,,,1.000000,BEDCA2,0,g,1732.8,kJ,18.3,g,10,g,18,g,52.1,g,2.3,g,,,,,,,,mg,,,,,,,,,,,,,,,,,,,,,,g,,g,4.4,g,,,,,,ug,,mg,,,,mg,,mg,,ug,,ug,,mg,,mg,,ug,,mg,128,mg,,,,mg,,ug,,mg,,mg,174,mg,,mg,,ug,,mg
2169,"Pan integral, sin sal","Whole wheat bread, without salt",,A0691 A0729 A0820 A1240 A1290 B1312 C0165 E0131 F0014 G0005 H0751 J0003 K0003 M0001 N0001 P0024 Z0112,,,,,,,,,,,1.000000,BEDCA2,0,g,1044.3,kJ,3,g,10.9,g,36.1,g,44,g,6,g,,,,,,,0,mg,,,,,,,,,,,,,,,,,,,,,1.4,g,0.8,g,0.7,g,,,,,37,ug,6.67,mg,,,0.33,mg,0.35,mg,0,ug,0.08,ug,0.32,mg,0.3,mg,0,ug,0.66,mg,99,mg,,,3.77,mg,5,ug,222,mg,58,mg,3,mg,191,mg,32.1,ug,1.38,mg
2170,"Pan integral, tostado","Whole bread, toasted",,A0178 A0458 A0632 A0662 A0695 A0729 A0817 B1312 C0133 E0147 F0014 G0005 G0010 H0256 J0003 K0003 M0001 N0001 P0024 R0212 R0497 Z0112 Z0113,,,,,,,,,,./foodimages/3281885148_83afa1b358.jpg,1.000000,BEDCA2,0,g,1118.8,kJ,2.9,g,10.8,g,28.9,g,48.7,g,8.7,g,46.4,g,,,,,0,mg,,,,,,,,,,,,,,,,,,,,,0.6,g,1.12,g,0.6,g,,,,,46,ug,6.9,mg,,,0.1,mg,0.34,mg,0,ug,0,ug,0.14,mg,0,mg,0,ug,0.2,mg,63,mg,,,3.2,mg,,ug,270,mg,89,mg,640,mg,230,mg,41,ug,2.1,mg
2171,Pan rallado,Breadcrumbs,,A0457 A0691 A0729 A0817 A0943 A1240 A1290 B1312 C0155 E0106 F0014 G0005 H0180 H0753 J0116 K0001 M0172 N0036 P0024 Z0112,A007A,11,A000J,Grains and grain-based products,26,A004V,Bread and similar products,,,,1.000000,BEDCA2,0,g,1078.69,kJ,1.6,g,8.47,g,34.9,g,51.5,g,3.5,g,,,,,,,0,mg,,,,,,,,,,,,,,,,,,,,,0.28,g,0.34,g,0.39,g,,,,,23,ug,2.98,mg,,,0.06,mg,0.086,mg,0,ug,0,ug,0.06,mg,0,mg,0,ug,,mg,56,mg,,,1.6,mg,4.7,ug,110,mg,25.1,mg,540,mg,91,mg,28,ug,0.61,mg
2173,Pan tostado integral,"Whole wheat bread, toast",,A0691 A0729 A0818 A0946 A1240 A1290 B1219 C0158 E0136 F0014 G0010 H0263 H0367 H0749 H0753 H0754 J0003 K0004 M0156 M0166 M0213 N0036 N0039 P0024 R0001 Z0112,,,,,,,,,,,1.000000,BEDCA2,0,g,1270.6,kJ,2.5,g,10.1,g,23.7,g,59.2,g,4.5,g,55.1,g,,,,,0,mg,,,,,,,,,,,,,,,,,,,,,0.6,g,0.9,g,0.6,g,,,,,46,ug,3.4,mg,,,0.15,mg,0.23,mg,0,ug,0,ug,0.09,mg,0,mg,0,ug,0.2,mg,85,mg,,,3.2,mg,,ug,100,mg,28,mg,640,mg,100,mg,33.6,ug,0.6,mg
2174,"Pan, tipo hamburguesa",Burguer bread,,A0691 A0729 A0820 A1240 A1290 B1312 C0155 E0131 F0014 G0003 H0136 H0367 H0751 J0003 K0003 M0172 N0036 P0188 Z0112,,,,,,,,,,,1.000000,BEDCA2,0,g,1109.58,kJ,4.7,g,7.54,g,36.2,g,47.5,g,4.1,g,,,,g,,,0,mg,,,,,,,,,,,,,,,,,,,,,1.4,g,1.3082,g,1,g,,,,,26,ug,2.49,mg,,,0.14,mg,0.32,mg,0.01,ug,0.91,ug,0.1,mg,0,mg,0,ug,0.26,mg,210.5,mg,,,2.3,mg,2.6,ug,110,mg,34.03,mg,550,mg,150,mg,28,ug,1.84,mg
2175,Pastas de te,Tea cookie,,A0457 A0695 A0729 A0821 A0936 A1240 A1290 B1324 C0155 E0147 F0014 G0005 H0158 H0271 J0003 K0003 M0001 N0001 P0024 R0212 Z0112,,,,,,,,,,,1.000000,BEDCA2,0,g,1449.5,kJ,8.3,g,8.9,g,27,g,58.3,g,,g,,,,,,,20,mg,1.33,g,0.622,g,6.945,g,2.331,g,9.099,g,1.984,g,0.082,g,,,,,,,,g,1.29,g,,g,0.235,g,,,40,ug,3.8,mg,,,0.17,mg,0.2,mg,,ug,,ug,0.06,mg,,mg,0,ug,,mg,98,mg,,,2.9,mg,,ug,240,mg,32,mg,300,mg,110,mg,,ug,0.8,mg
2176,Rosquilla,Ring-shaped pastry,,A0248 A0456 A0695 A0733 A0821 A0951 A1240 B1312 C0155 E0147 F0014 G0005 H0158 H0184 H0186 H0221 J0003 K0003 M0001 N0001 P0024 R0212 Z0112,,,,,,,,,,,1.000000,BEDCA2,0,g,1459.1,kJ,13.2,g,7.8,g,27,g,49.3,g,2.7,g,,,,,,,41,mg,,,,,,,,,,,,,,,,,,,,,3.9,g,0.8,g,7.9,g,,,,,39,ug,3.18,mg,,,0.16,mg,0.2,mg,76,ug,0.24,ug,0.12,mg,0,mg,0.42,ug,0.67,mg,93,mg,,,2.72,mg,15,ug,90,mg,11,mg,281,mg,150,mg,9.1,ug,0.3,mg
2177,Salvado de trigo,"Wheat, bran",,A0693 A0729 A0813 A0969 A1240 A1290 B1312 C0288 E0150 F0001 G0003 H0138 H0318 J0116 M0159 N0039 P0024 Z0154,,,,,,,,,,,1.000000,BEDCA2,0,g,790.84,kJ,4.25,g,15.55,g,9.9,g,21.72,g,42.8,g,,,,,,,0,mg,,,,,,,,,,,,,,,,,,,,,0.637,g,2.212,g,0.63,g,,,,,79,ug,18.28,mg,,,0.577,mg,0.523,mg,0,ug,0,ug,1.303,mg,0,mg,0,ug,2.32,mg,73,mg,,,10.57,mg,0,ug,1182,mg,611,mg,2,mg,1013,mg,77.6,ug,7.27,mg
2178,Semilla de lino,"Flax, seeds",,A0693 A0729 A0812 A0969 A1240 A1290 B1700 C0155 E0150 F0001 G0003 H0003 M0001 N0001 P0024 Z0154,,,,,,,,,,,1.000000,BEDCA2,0,g,2361.81,kJ,42.16,g,18.29,g,6.96,g,28.88,g,27.3,g,,,,,,,0,mg,,,,,,,,,,,,,,,,,,,,,7.527,g,28.73,g,3.663,g,,,,,87,ug,3.08,mg,,,0.161,mg,1.644,mg,0,ug,0,ug,0.473,mg,0.6,mg,0,ug,0.31,mg,255,mg,,,5.73,mg,,ug,813,mg,392,mg,30,mg,642,mg,25.4,ug,4.34,mg
2180,Torta de aceite,Oil cake,,A0458 A0693 A0729 A0970 A1240 A1271 B1312 C0158 E0147 F0014 G0005 H0158 H0229 H0319 H0341 H0367 H0752 K0003 M0172 N0036 P0024 R0212 Z0112,A004Y,11,A000J,Grains and grain-based products,26,A004V,Bread and similar products,,,,1.000000,BEDCA2,0,g,633.5,kJ,6.6,g,1.9,g,70.5,g,21,g,0.2,g,,,,,,,0,mg,,,,,,,,,,,,,,,,,,,,,5.3,g,0.4,g,0.9,g,,,,,29.4,ug,2.1,mg,,,0.18,mg,0.07,mg,26.8,ug,0,ug,0.09,mg,0,mg,0.1,ug,1.5,mg,64.9,mg,,,0.6,mg,24,ug,198.2,mg,18.9,mg,200,mg,76.9,mg,13.3,ug,0.8,mg
2181,"Almendra, cruda, con cáscara","Almond, raw, in shell",Prunus dulcis,A0260 A0455 A0629 A0652 A0703 A0730 A0823 B1272 C0133 E0150 F0003 G0003 H0001 J0001 K0003 M0001 N0001 P0024 R0212 R0497 Z0205 Z0215,,,,,,,,,,./foodimages/1.jpg,0.980000,BEDCA2,0,g,2453.56,kJ,54.1,g,21.22,g,5.65,g,5.36,g,13.5,g,,,,,,,0,mg,0,g,0.03,g,2.98,g,1.08,g,27.3,g,11.06,g,0.05,g,,,,,0.02,g,36.6,g,12.861,g,4.142,g,,,,,45,ug,5.5,mg,,,0.62,mg,0.22,mg,20,ug,0,ug,0.155,mg,0,mg,0,ug,26.15,mg,252,mg,,,4.1,mg,2,ug,835,mg,270,mg,14,mg,454,mg,3.5,ug,3.2,mg
2182,"Almendra, tostada","Almond, toast",,A0455 A0703 A0730 A0824 A1003 A1282 B1272 C0155 E0150 F0014 G0010 H0367 J0003 K0003 M0172 N0036 P0024 R0212 Z0112,,,,,,,,,,,1.000000,BEDCA2,0,g,2459.91,kJ,52.93,g,22.9,g,1.55,g,6.6,g,13.4,g,,,,,,,0,mg,,,,,,,,,,,,,,,,,,,,,33.658,g,12.649,g,4.047,g,,,,,36,ug,5.917,mg,,,0.57,mg,0.13,mg,1,ug,0,ug,0.09,mg,0,mg,0,ug,26.264,mg,240,mg,,,3.1,mg,2,ug,790,mg,270,mg,14,mg,560,mg,1.17,ug,3.3,mg
2183,Altramuz,Lupin,,A0704 A0730 A0831 A1003 A1236 A1282 B1701 C0155 E0150 F0003 G0003 H0003 J0003 K0003 M0001 N0001 P0024 R0212 Z0154,,,,,,,,,,,1.000000,BEDCA2,0,g,1661.73,kJ,9.74,g,36.17,g,10.44,g,40.38,g,,g,,,,,,,0,mg,,,,,,,,,,,,,,,,,,,,,3.94,g,2.439,g,1.156,g,,,,,335,ug,2.19,mg,,,0.22,mg,0.64,mg,6.9,ug,0,ug,0.357,mg,4.8,mg,0,ug,,mg,176,mg,,,4.36,mg,,ug,1013,mg,198,mg,15,mg,440,mg,8.2,ug,4.75,mg
2184,"Avellana, cruda, con cáscara","Filbert or hazelnut, raw, in shell",Corylus avellana,A0260 A0455 A0629 A0652 A0703 A0730 A0823 B1533 C0133 E0150 F0003 G0003 H0001 J0001 K0003 M0001 N0001 P0024 R0212 R0497 Z0112 Z0205,,,,,,,,,,./foodimages/avellana%20wikipedia.jpg,0.610000,BEDCA2,0,g,2661.85,kJ,61.6,g,12.009,g,5.26,g,10.5,g,8.22,g,,,,,,,0,mg,,,,,,,,,,,,,,,,,,,,,48.07,g,8.609,g,4.074,g,,,,,71,ug,3.833,mg,,,0.21,mg,0.39,mg,4.8,ug,0,ug,0.59,mg,3,mg,0,ug,26.19,mg,226,mg,,,3.8,mg,1.5,ug,636,mg,156,mg,6,mg,333,mg,4.5,ug,2.1,mg
2185,"Cacahuete, crudo, con cáscara","Peanut, raw, in shell",Arachis hypogaea,A0260 A0455 A0629 A0652 A0703 A0730 A0824 B1337 C0133 E0150 F0003 G0003 H0001 J0001 K0003 M0001 N0001 P0024 R0212 R0497 Z0112 Z0205,,,,,,,,,,,0.710000,BEDCA2,0,g,2265.38,kJ,43.06,g,25.23,g,10.58,g,7.91,g,8.1,g,,,2.95,g,,,0,mg,,,0.01,g,4.06,g,1.23,g,22.26,g,12.72,g,0.35,g,,,0.01,g,0.04,g,23.14,g,13.19,g,6.75,g,,,,,110,ug,18.383,mg,,,0.155,mg,0.9,mg,0.333,ug,0,ug,0.44,mg,0,mg,0,ug,10.94,mg,60,mg,,,2.5,mg,13,ug,670,mg,210,mg,2,mg,430,mg,7.2,ug,3.5,mg
2186,"Cacahuete, tostado, salado","Peanut, toasted, salted",Arachis hypogaea,A0260 A0455 A0629 A0652 A0703 A0730 A0824 B1337 C0155 E0151 F0014 G0010 H0138 H0173 H0233 J0001 K0003 M0001 N0001 P0024 R0212 R0497 Z0112 Z0205,,,,,,,,,,,1.000000,BEDCA2,0,g,2498.2,kJ,53,g,24.5,g,8.5,g,7.1,g,6.9,g,3.2,g,,,,,0,mg,,,,,,,,,,,,,,,,,,,,,24.2,g,16.5,g,9.5,g,,,,,52,ug,18.9,mg,,,0.1,mg,0.18,mg,0,ug,0,ug,0.63,mg,0,mg,0,ug,0.66,mg,37,mg,,,1.3,mg,19,ug,810,mg,180,mg,400,mg,410,mg,4,ug,2.9,mg
2187,"Castaña, cruda",Chestnut,,A0455 A0703 A0730 A0824 A1003 A1282 B1544 C0155 E0150 F0003 G0003 H0003 J0003 K0003 M0001 N0001 P0024 R0212 Z0204,,,,,,,,,,,0.820000,BEDCA2,0,g,746.95,kJ,2.52,g,2.65,g,52,g,36.5,g,6.7,g,,,12.54,g,,,0,mg,,,0,g,0.37,g,0.02,g,0.79,g,1.1,g,0.15,g,,,,,,,0.83,g,1.25,g,0.42,g,,,,,12.42,ug,0.95,mg,,,0.23,mg,0.18,mg,4,ug,0,ug,0.32,mg,17.2,mg,0,ug,1.2,mg,36.53,mg,,,1.58,mg,0.02,ug,500,mg,34.3,mg,11,mg,74,mg,1.8,ug,2.36,mg
2188,Crema de almendras,"Almond, cream",Prunus amygdalus l,A0180 A0463 A0637 A0722 A0735 A0760 A0824 B1272 C0155 E0102 F0014 G0014 G0028 H0148 H0227 H0296 H0367 J0131 K0003 M0151 N0041 P0024 R0212 R0497 Z0109 Z0205,,,,,,,,,,,1.000000,BEDCA2,0,g,1581.5,kJ,13.2,g,4.6,g,22,g,59.7,g,0.5,g,,,,,,,0,mg,,,,,,,,,,,,,,,,,,,,,7.6,g,2.1,g,0.9,g,,,,,8,ug,1.14,mg,,,0.1,mg,0.05,mg,0,ug,0,ug,0.02,mg,0,mg,0,ug,5.2,mg,49,mg,,,0.8,mg,0,ug,186,mg,63,mg,3,mg,168,mg,4.2,ug,0.7,mg
2189,Frutos secos,Nuts,,A0455 A0703 A0730 A0824 A1003 A1282 B1213 C0155 E0150 F0014 G0010 H0367 J0003 K0003 M0172 N0036 P0024 R0212 Z0112,,,,,,,,,,,1.000000,BEDCA2,0,g,2356.7,kJ,51.45,g,1.3,g,1.75,g,25.35,g,9,g,,,,,,,0,mg,,,,,,,,,,,,,,,,,,,,,31.395,g,10.768,g,6.899,g,,,,,50,ug,4.7,mg,,,0.2,mg,0.2,mg,1.5,ug,0,ug,0.296,mg,0.4,mg,0,ug,10.94,mg,70,mg,,,3.7,mg,,ug,597,mg,225,mg,669,mg,435,mg,7.5,ug,3.8,mg
2191,"Garbanzo, en conserva","Chickpea, canned",cicer arietinum l,A0152 A0455 A0629 A0680 A0704 A0731 A0831 B1172 C0114 E0150 F0014 G0014 H0148 H0367 J0123 K0017 M0194 N0001 P0024 R0212 R0497 Z0052 Z0112,,,,,,,,,,,1.000000,BEDCA2,0,g,132.9,kcal,2.9,g,7.2,g,71.7,g,14.12,g,4.1,g,,,0.44,g,,,0,mg,,,,,,,,,,,,,,,,,,,,,0.72,g,1.3,g,0.31,g,,,,,67,ug,1.2,mg,,,0.06,mg,0.13,mg,3.5,ug,0,ug,0.04,mg,,mg,0,ug,1.55,mg,43,mg,,,2.8,mg,1,ug,110,mg,24,mg,220,mg,335,mg,1,ug,1.2,mg
2192,"Garbanzo, hervido","Chickpea, boiled",,A0705 A0731 A0826 A1010 A1227 A1281 B1172 C0155 E0150 F0014 G0014 H0001 J0003 K0003 M0001 N0001 P0024 R0212 Z0154,,,,,,,,,,,1.000000,BEDCA2,0,g,1500.6,kJ,2.5,g,8.9,g,59.1,g,18.7,g,13.6,g,,,,,,,0,mg,,,,,,,,,,,,,,,,,,,,,0.6,g,1.2,g,0.3,g,,,,,100,ug,0.6,mg,,,0.06,mg,0.13,mg,4,ug,0,ug,0.14,mg,,mg,0,ug,1.2,mg,56,mg,,,2.8,mg,0.2,ug,335,mg,53,mg,6,mg,132,mg,3.7,ug,1.2,mg
2193,Guisantes en conserva,"Pea, canned",,A0705 A0731 A0825 A1006 A1233 A1281 B1338 C0158 E0150 F0014 G0014 H0148 H0367 H0749 J0123 K0017 M0175 M0204 N0042 P0024 R0001 Z0112,,,,,,,,,,,1.000000,BEDCA2,0,g,278.6,kJ,0.5,g,5.6,g,80.8,g,9.7,g,3.36,g,7.7,g,,,,,0,mg,,,,,,,,,,,,,,,,,,,,,0.13,g,0.05,g,0.15,g,,,,,12,ug,0.88,mg,,,0.06,mg,0.1,mg,53,ug,0,ug,0.05,mg,8.8,mg,0,ug,0.22,mg,20,mg,,,1.5,mg,2.2,ug,150,mg,20,mg,222,mg,62,mg,0.7,ug,0.65,mg
2194,"Haba, fresca","Broad bean, fresh",Pisum sativum,A0152 A0455 A0629 A0650 A0704 A0730 A0831 B1367 C0169 E0150 F0003 G0003 H0003 J0001 K0003 M0001 N0001 P0024 R0212 R0497 Z0205 Z0215,,,,,,,,,,./foodimages/habas%202.jpg,1.000000,BEDCA2,0,g,239.2,kJ,0.4,g,4.6,g,82.2,g,8.6,g,4.2,g,7.8,g,0.56,g,,,0,mg,,,,,,,,,,,,,,,,,,,,,0.04,g,0.2,g,0.05,g,,,,,78,ug,2.8,mg,,,0.09,mg,0.17,mg,42,ug,0,ug,0.06,mg,24,mg,0,ug,,mg,23,mg,,,1.7,mg,4,ug,323,mg,28,mg,120,mg,84,mg,1.4,ug,0.7,mg
2195,"Haba, frita","Broad bean, fried",,A0705 A0731 A0826 A1010 A1227 A1281 B1371 C0155 E0150 F0014 G0035 H0001 J0003 K0003 M0001 N0001 P0024 R0212 Z0154,,,,,,,,,,,1.000000,BEDCA2,0,g,239.2,kJ,0.4,g,4.6,g,82.2,g,8.6,g,4.2,g,,,,,,,0,mg,,,,,,,,,,,,,,,,,,,,,0.19,g,0.14,g,0.03,g,,,,,78,ug,4.1,mg,,,0.04,mg,0.17,mg,28.33,ug,0,ug,0.06,mg,24,mg,0,ug,0.46,mg,23,mg,,,0.9,mg,0,ug,320,mg,28,mg,20,mg,84,mg,1.4,ug,0.7,mg
2196,Judía blanca,White bean,,A0705 A0731 A0826 A1010 A1227 A1281 B1113 C0155 E0150 F0003 G0003 H0003 J0003 K0003 M0001 N0001 P0024 R0212 Z0154,,,,,,,,,,,1.000000,BEDCA2,0,g,1007.8,kJ,1.6,g,21.1,g,15.5,g,34.7,g,23.2,g,,,,,,,0,mg,,,,,,,,,,,,,,,,,,,,,0.18,g,0.886,g,0.53,g,,,,,388,ug,5.28,mg,,,0.117,mg,0.503,mg,67,ug,0,ug,0.409,mg,2.5,mg,0,ug,0.21,mg,113,mg,,,6.2,mg,1.8,ug,1337,mg,140,mg,15,mg,426,mg,12.8,ug,2.6,mg
2197,Judía pinta,Pinto bean,Phaseolus vulgaris,A0455 A0704 A0730 A0831 A1010 A1236 A1281 B1368 C0158 E0150 F0003 G0001 J0003 K0003 M0001 N0001 P0024 R0212 Z0204,,,,,,,,,,,1.000000,BEDCA2,0,g,1028.44,kJ,0.83,g,23.58,g,11.77,g,35.11,g,24.9,g,,,0.54,g,,,0,mg,,,,,,,,,,,,,,,,,,,,,0.064,g,0.457,g,0.12,g,,,,,394,ug,6.75,mg,,,0.219,mg,0.529,mg,67,ug,0,ug,0.397,mg,4.5,mg,0,ug,0.22,mg,143,mg,,,8.2,mg,2,ug,1406,mg,140,mg,24,mg,407,mg,3.2,ug,2.79,mg
2198,"Judía verde, cruda","Green been, raw",Phaseolus vulgaris l,A0705 A0731 A0826 A1010 A1227 A1281 B1371 C0155 E0150 F0003 G0003 H0003 J0003 K0003 M0001 N0001 P0024 R0212 Z0154,,,,,,,,,,,0.920000,BEDCA2,0,g,115.1,kJ,0.4,g,2.2,g,90.1,g,3.7,g,2.8,g,,,,,,,0,mg,,,,,,,,,,,,,,,,,,,,,0.03,g,0.2,g,0.09,g,,,,,66,ug,0.85,mg,,,0.1,mg,0.07,mg,47,ug,0,ug,0.2,mg,20,mg,0,ug,0.26,mg,39,mg,,,1,mg,3.6,ug,243,mg,25,mg,4,mg,38,mg,1.4,ug,0.2,mg
2199,"Judías blancas, cocidas","White bean, boiled",,A0705 A0731 A0826 A1010 A1227 A1281 B1113 C0155 E0150 F0022 G0014 H0001 J0003 K0003 M0001 N0001 P0024 R0212 Z0154,,,,,,,,,,,1.000000,BEDCA2,0,g,1350.9,kJ,1.5,g,21.4,g,1,g,54.8,g,21.3,g,,,,,,,0,mg,,,,,,,,,,,,,,,,,,,,,0.08,g,0.82,g,0.21,g,,,,,316,ug,2.4,mg,,,0.17,mg,0.5,mg,0,ug,0,ug,0.42,mg,3.4,mg,0,ug,2,mg,126,mg,,,6.2,mg,1.6,ug,1160,mg,163,mg,40,mg,400,mg,0,ug,3.5,mg
2200,"Lenteja, hervida","Lentil, boiled",,A0705 A0731 A0826 A1010 A1227 A1281 B1268 C0155 E0150 F0014 G0014 H0001 J0003 K0003 M0001 N0001 P0024 R0212 Z0154,,,,,,,,,,,1.000000,BEDCA2,0,g,1385.5,kJ,1.7,g,23,g,9.3,g,54.8,g,11.2,g,,,0.39,g,,,,mg,,,,,,,,,,,,,,,,,,,,,0.3,g,0.84,g,0.23,g,,,,,34.2,ug,3,mg,,,0.22,mg,0.47,mg,5,ug,0,ug,0.7,mg,3.4,mg,0,ug,1.8,mg,70,mg,,,8.2,mg,1.5,ug,670,mg,74.8,mg,36,mg,240,mg,,ug,3.7,mg
2201,Nuez,Walnut,Juglans regia,A0703 A0730 A0824 A1004 A1236 A1282 B1290 C0165 E0150 F0003 G0003 H0003 J0003 K0003 M0003 N0003 P0024 R0001,,,,,,,,,,,1.000000,BEDCA2,0,g,2477.1,kJ,63.28,g,14,g,18.5,g,3.3,g,5.2,g,0.7,g,,,,,0,mg,0,g,0.03,g,6.25,g,2.9,g,13.13,g,36.77,g,1.48,g,0,g,0.03,g,0.04,g,12.13,g,43.7,g,7.42,g,,,,,66,ug,3.5,mg,,,0.12,mg,0.3,mg,0,ug,0,ug,0.73,mg,,mg,0,ug,0.8,mg,77,mg,,,2.3,mg,9,ug,690,mg,140,mg,3,mg,304,mg,19,ug,2.1,mg
2202,"Nuez, cruda, con cáscara","Walnut, raw, in shell",Juglans regia,A0260 A0455 A0629 A0652 A0703 A0730 A0823 B1213 C0133 E0150 F0003 G0003 H0003 J0001 K0001 M0001 N0001 P0024 R0212 R0497 Z0112 Z0205,,,,,,,,,,,0.450000,BEDCA2,0,g,2477.1,kJ,59,g,14,g,18.5,g,3.3,g,5.2,g,0.7,g,2.61,g,,,0,mg,0,g,0.03,g,6.25,g,2.9,g,13.13,g,36.77,g,1.48,g,0,g,0.03,g,0.04,g,12.4,g,40.23,g,6.43,g,,,,,66,ug,3.5,mg,,,0.12,mg,0.3,mg,0,ug,0,ug,0.73,mg,,mg,0,ug,0.8,mg,77,mg,,,2.3,mg,9,ug,690,mg,140,mg,3,mg,304,mg,19,ug,2.1,mg
2203,"Piñón, crudo, con cáscara","Pine nut, raw, in shell",Pinus pinea,A0260 A0730 A0824 B1596 C0133 E0150 F0003 G0003 H0003 J0001 K0001 M0001 N0001 P0024 Z0205 Z0215,,,,,,,,,,./foodimages/3188071115_bca9dc97f9_t.jpg,0.300000,BEDCA2,0,g,2842.5,kJ,68.6,g,14,g,2.74,g,3.9,g,8.5,g,,,,,,,0,mg,0,g,0,g,3.36,g,1.87,g,18.3,g,26.66,g,0.46,g,0,g,0,g,0,g,19.9,g,41.2,g,4.6,g,,,,,58,ug,6.767,mg,,,0.19,mg,0.73,mg,1.67,ug,0,ug,0.11,mg,2,mg,0,ug,13.65,mg,11,mg,,,5.6,mg,0.2,ug,780,mg,270,mg,1,mg,650,mg,2,ug,6.5,mg
2204,Pipa de calabaza,Pumpkin seeds,,A0703 A0730 A0824 A0975 A1236 A1282 B1719 C0158 E0150 F0003 G0003 H0003 J0003 K0004 M0166 N0036 P0024 R0001 Z0215,,,,,,,,,,,0.720000,BEDCA2,0,g,2510.83,kJ,47.33,g,30.23,g,5.23,g,10.71,g,6,g,,,,,,,0,mg,,,0.09,g,5.74,g,2.82,g,12.1,g,20.65,g,0.13,g,,,,,,,12.11,g,20.69,g,8.84,g,,,,,0,ug,11.4,mg,,,0.153,mg,0.273,mg,0.4,ug,0,ug,0.143,mg,1.9,mg,0,ug,2.18,mg,46,mg,,,8.82,mg,,ug,809,mg,592,mg,7,mg,1233,mg,9.4,ug,7.81,mg
2205,Pipa de girasol,Sunflower seeds,,A0703 A0730 A0824 A0975 A1236 A1282 B1547 C0158 E0150 F0003 G0003 H0003 J0003 K0004 M0166 N0036 P0024 R0001 Z0215,,,,,,,,,,,0.720000,BEDCA2,0,g,2390,kJ,43,g,27,g,7.3,g,20,g,2.7,g,17.9,g,,,,,0,mg,0,g,0.051,g,2.808,g,2.212,g,9.399,g,32.78,g,0.069,g,0,g,0,g,0,g,13.7,g,21.52,g,5.63,g,,,,,238,ug,9.1,mg,,,0.19,mg,1.6,mg,3,ug,0,ug,0.77,mg,0,mg,0,ug,37.8,mg,110,mg,,,6.4,mg,,ug,710,mg,390,mg,3,mg,651,mg,49,ug,5.1,mg
2206,"Pipas de girasol, peladas, con sal","Sunflower seeds, peeled, with salt",,A0306 A0730 A0823 B1547 C0134 E0151 F0001 G0003 H0138 H0173 J0116 J0174 K0001 M0001 N0001 P0024 Z0112 Z0205,,,,,,,,,,./foodimages/pipas-peladas.jpg,1.000000,BEDCA2,0,g,2612.45,kJ,56.8,g,17.25,g,0.9,g,12.8,g,11.5,g,,,,,,,0,mg,0,g,0.058,g,3.202,g,2.522,g,10.72,g,37.39,g,0.079,g,0,g,0,g,0,g,10.841,g,37.469,g,5.953,g,,,,,238,ug,8.181,mg,,,0.285,mg,0.325,mg,0,ug,0,ug,0.805,mg,1.4,mg,0,ug,37.8,mg,57,mg,,,6.81,mg,,ug,491,mg,129,mg,613,mg,1158,mg,62.2,ug,5.3,mg
2207,Pistacho,Pistachio nut,Pistachia vera,A0703 A0730 A0824 A0975 A1236 A1282 B1213 C0165 E0150 F0003 G0003 H0003 J0003 K0003 M0001 N0003 P0024 R0001,,,,,,,,,,,0.530000,BEDCA2,0,g,2475.3,kJ,49.2,g,17.6,g,8.6,g,15.7,g,6.5,g,4.6,g,,,,,0,mg,,,0.04,g,4.88,g,0.5,g,27.19,g,15.37,g,0.24,g,,,,,,,26.35,g,15.63,g,6.21,g,,,,,58,ug,1.45,mg,,,0.2,mg,0.69,mg,25,ug,0,ug,1.27,mg,0,mg,0,ug,5.2,mg,180,mg,,,7.2,mg,,ug,811,mg,122,mg,16,mg,390,mg,3,ug,2.8,mg
2208,"Soja, frita","Soya, fried",,A0705 A0731 A0860 A1010 A1227 A1281 B1452 C0165 E0150 F0014 G0035 K0029 M0001 N0001 P0024 Z0112,,,,,,,,,,,1.000000,BEDCA2,0,g,585.6,kJ,4.8,g,13.7,g,72.2,g,10.3,g,,g,,,,,,,0,mg,,,,,,,,,,,,,,,,,,,,,,g,,g,,g,,,,,0,ug,0,mg,,,310,mg,600,mg,1.08,ug,0,ug,0,mg,20,mg,0,ug,0,mg,99,mg,,,2.8,mg,0,ug,0,mg,0,mg,0,mg,272,mg,0,ug,0,mg
2212,"Acelga, cruda","Chard, raw",Beta vulgaris l,A0705 A0826 A1010 A1281 B1175 C0137 E0150 F0003 G0003 H0003 J0003 K0003 N0036 Z0154,,,,,,,,,,,0.900000,BEDCA2,0,g,89,kJ,0.2,g,2.1,g,94.4,g,2.7,g,1,g,,,,,,,0,mg,,,,,,,,,,,,,,,,,,,,,,g,,g,,g,,,,,22,ug,0.4,mg,,,0.13,mg,0.07,mg,183,ug,0,ug,0.1,mg,35,mg,0,ug,0.03,mg,80,mg,,,2.3,mg,1,ug,378,mg,81,mg,170,mg,43,mg,0.3,ug,0.2,mg
2213,Caqui,Persimmon,Diospyros kaki,A0707 A0732 A0833 A0992 A1221 A1279 B2766 C0140 E0150 F0003 G0003 H0003 J0003 K0003 M0003 N0001 P0188 Z0204,A01HQ,9,A01BS,Fruit and fruit products,20,A04RK,Fresh fruit,,,,0.840000,BEDCA2,0,g,279.4,kJ,0.2,g,0.7,g,80.7,g,15.3,g,2.5,g,,,10.08,g,,,0,mg,,,,,,,,,,,,,,,,,,,,,,g,,g,,g,,,,,11,ug,0.3,mg,,,0.06,mg,0.03,mg,163,ug,0,ug,0.1,mg,7,mg,0,ug,0.59,mg,21,mg,,,0.4,mg,3,ug,171,mg,9,mg,2,mg,20,mg,0.6,ug,,mg
2214,Aceituna,Olive,Olea europea,A0705 A0731 A0826 A1010 A1230 A1281 B1299 C0167 E0150 F0003 G0003 H0148 H0367 J0004 K0004 M0134 M0175 N0040 N0042 P0024 R0001 Z0112,,,,,,,,,,,0.780000,BEDCA2,0,g,501.6,kJ,12.5,g,1.3,g,78,g,1,g,4.8,g,,,0.44,g,,,0,mg,,,,,,,,,,,,,,,,,,,,,8.7,g,0.6,g,2.6,g,,,,,10.4,ug,0.77,mg,,,0.05,mg,0.03,mg,48,ug,0,ug,0.03,mg,0.07,mg,0,ug,1.48,mg,64,mg,,,1.77,mg,5.4,ug,432,mg,22,mg,54,mg,17,mg,0.9,ug,0.51,mg
2215,"Aceituna negra, con hueso","Olive, black, with bone",Olea europaea,A0143 A0455 A0629 A0663 A0707 A0732 A0826 B1170 C0140 E0150 F0014 G0001 H0148 H0227 H0367 H0368 H0491 J0123 K0017 M0151 M0204 N0001 P0024 R0212 R0497 Z0112 Z0205,,,,,,,,,,./foodimages/Aceitunas%20negras_2.jpg,0.800000,BEDCA2,0,g,1204.6,kJ,29.8,g,2,g,60.7,g,4,g,3.5,g,,,0.059,g,,,0,mg,,,,,,,,,,,,,,,,,,,,,20.9,g,3.4,g,4.2,g,,,,,11,ug,1,mg,,,0.1,mg,0.1,mg,6.67,ug,0,ug,0.02,mg,0,mg,0,ug,1.99,mg,61,mg,,,1.5,mg,5,ug,432,mg,22,mg,54,mg,24,mg,0.9,ug,0.5,mg
2216,Aguacate,Avocado,Persea americana,A0705 A0731 A0826 A0992 A1230 A1281 B1470 C0137 E0150 F0003 G0003 H0003 J0003 K0004 M0166 M0213 N0036 P0024 R0001 Z0215,A01LB,9,A01BS,Fruit and fruit products,20,A04RK,Fresh fruit,,,,0.600000,BEDCA2,0,g,569.8,kJ,12,g,1.5,g,78.8,g,0.4,g,6.3,g,,g,0.1,g,,,0,mg,,,,,,,,,,,,,,,,,,,,,9.01,g,1.04,g,1.41,g,,,,,11,ug,1.5,mg,,,0.12,mg,0.09,mg,19,ug,0,ug,0.42,mg,17,mg,0,ug,3.2,mg,16,mg,,,0.7,mg,2,ug,400,mg,41,mg,2,mg,28,mg,,ug,0.3,mg
2217,Aguacate congelado,"Avocado, frozen",Persea americana mill,A0152 A0455 A0629 A0650 A0705 A0731 A0826 B1470 C0140 E0150 F0003 G0003 H0001 J0136 K0001 M0003 N0001 P0024 R0212 R0497 Z0112 Z0205,,,,,,,,"Partimos de 6 piezas de aguacate procedentes de tres mercados de tres zonas de Madrid. Se pesan, se quita la parte no comestible y se vuelve a pesar. Mezclar, cortar y triturar. Se congelan a -20 ºC durante 45 dias. Se descongelan a 4º C y en oscuridad durante 24horas.",without skind and without stone.,,0.720000,BEDCA2,0,g,934.1,kJ,23.5,g,1.9,g,67.9,g,0.4,mg,6.3,g,,,0.1,g,,,0,mg,,,,,,,,,,,,,,,,,,,,,15.5,g,1.9,g,1.9,g,,,,,30,ug,1.4,mg,,,0.15,mg,0.08,mg,7.83333,ug,0,ug,0.36,mg,6,mg,0,ug,1.3,mg,12,mg,,,0.49,mg,1,ug,487,mg,30,mg,4.7,mg,43,mg,0.4,ug,0.4,mg
2218,Albaricoque,Apricot,Prunus armeniaca,A0707 A0732 A0833 A0992 A1225 A1279 B1709 C0140 E0150 F0003 G0003 H0003 J0003 K0004 M0213 N0036 P0024 R0001 Z0215,A01GF,9,A01BS,Fruit and fruit products,20,A04RK,Fresh fruit,,,,0.820000,BEDCA2,0,g,175.1,kJ,,g,0.8,g,87.6,g,9.5,g,2.1,g,,g,4.9,g,,,0,mg,,,,,,,,,,,,,,,,,,,,,0.04,g,0.02,g,0.01,g,,,,,5,ug,0.6,mg,,,0.07,mg,0.05,mg,26,ug,0,ug,0.07,mg,7,mg,0,ug,0.7,mg,17,mg,,,0.5,mg,0.5,ug,293,mg,12,mg,1,mg,24,mg,1,ug,0.1,mg
2219,Avellana,Hazelnut,Corylus avellana,A0703 A0730 A0824 A0992 A1223 A1282 B1533 C0165 E0150 F0003 G0003 H0003 J0003 K0004 M0166 N0036 P0024 R0001 Z0215,,,,,,,,,,,0.410000,BEDCA2,0,g,2732.15,kJ,56.25,g,12.009,g,5.26,g,10.5,g,8.22,g,,,,,,,0,mg,,,0.04,g,3.14,g,1.57,g,46.27,g,4.7,g,0.14,g,,,,,,,46.4,g,4.89,g,4.91,g,,,,,71,ug,3.833,mg,,,0.21,mg,0.39,mg,4.8,ug,0,ug,0.59,mg,3,mg,0,ug,26.19,mg,226,mg,,,3.8,mg,1.5,ug,636,mg,156,mg,6,mg,333,mg,4.5,ug,2.1,mg
2220,Cereza,Cherry,Prunus avium,A0707 A0732 A0833 A0992 A1226 A1279 B1306 C0140 E0150 F0003 G0003 H0003 J0003 K0004 M0177 M0186 N0035 N0036 P0024 R0001 Z0215,A01GG,9,A01BS,Fruit and fruit products,20,A04RK,Fresh fruit,,,,0.870000,BEDCA2,0,g,261.6,kJ,0.5,g,0.8,g,83.7,g,13.5,g,1.5,g,0,g,0.88,g,,,0,mg,,,,,,,,,,,,,,,,,,,,,0.084,g,0.093,g,0.07,g,,,,,8,ug,0.4,mg,,,0.06,mg,0.05,mg,3,ug,0,ug,0.05,mg,8,mg,0,ug,0.1,mg,16,mg,,,0.4,mg,2,ug,255,mg,11,mg,2,mg,21,mg,1.2,ug,0.12,mg
2221,"Chayote, crudo","Chayote, raw",,A0705 A0826 A1010 A1281 B1730 C0137 E0150 F0003 G0003 H0003 J0003 K0003 N0036 Z0154,,,,,,,,,,,0.990000,BEDCA2,0,g,95.42,kJ,0.13,g,0.82,g,94.24,g,4.51,g,1.7,g,,,,,,,0,mg,,,,,,,,,,,,,,,,,,,,,0.01,g,0.057,g,28,g,,,,,93,ug,0.47,mg,,,0.029,mg,0.025,mg,0,ug,0,ug,0.076,mg,7.7,mg,0,ug,0.12,mg,17,mg,,,0.34,mg,,ug,125,mg,12,mg,2,mg,18,mg,0.2,ug,0.74,mg
2222,Chirimoya,Custard apple,Annona cherimola,A0707 A0732 A0833 A0992 A1224 A1279 B1687 C0140 E0150 F0003 G0003 H0003 J0003 K0004 M0213 N0036 P0024 R0001,A01LJ,9,A01BS,Fruit and fruit products,20,A04RK,Fresh fruit,,,,0.600000,BEDCA2,0,g,364.4,kJ,0.2,g,1,g,76.9,g,20,g,1.9,g,0,g,,,,,0,mg,,,,,,,,,,,,,,,,,,,,,0.1,g,0.3,g,0.2,g,,,,,12.6,ug,0.9,mg,,,0.09,mg,0.08,mg,9.8,ug,0,ug,0.03,mg,18,mg,0,ug,0.01,mg,30,mg,,,0.6,mg,1.5,ug,382,mg,18,mg,4,mg,21,mg,,,0.11,mg
2223,"Ciruela, sin piel",Skinned plum,Prunus domestica,A0707 A0732 A0833 A0992 A1225 A1279 B3328 E0150 F0003 G0003 H0003 J0003 K0004 M0213 N0036 P0024 R0001,,,,,,,,,,,1.000000,BEDCA2,0,g,197.2,kJ,,g,0.6,g,86.3,g,11,g,2.1,g,0,g,,,,,0,mg,,,,,,,,,,,,,,,,,,,,,0.052,g,0.078,g,0.022,g,,,,,3,ug,0.5,mg,,,0.05,mg,0.07,mg,49.2,ug,0,ug,0.05,mg,3,mg,0,ug,0.7,mg,14,mg,,,0.4,mg,2,ug,240,mg,8,mg,2,mg,10,mg,,ug,0.1,mg
2224,Dátil,Date,Phoenix dactylifera,A0707 A0732 A0833 A0992 A1221 A1279 B1209 C0137 E0150 F0003 G0003 H0003 J0003 K0003 M0172 N0036 P0188 Z0153,A01HF,9,A01BS,Fruit and fruit products,20,A04RK,Fresh fruit,,,,0.900000,BEDCA2,0,g,1200,kJ,0.5,g,2.5,g,16.5,g,67,g,7.1,g,,,,,,,0,mg,,,,,,,,,,,,,,,,,,,,,,g,,g,,g,,,,,28,ug,1.7,mg,,,0.1,mg,0.06,mg,5,ug,0,ug,0.2,mg,2,mg,0,ug,2.2,mg,62,mg,,,3,mg,1,ug,677,mg,58,mg,3,mg,74,mg,3,ug,0.3,mg
2225,Fresa,Strawberry,Fragaria vesca,A0707 A0732 A0833 A0992 A1226 A1279 B1393 C0140 E0150 F0003 G0003 H0003 J0003 K0004 M0172 M0177 N0035 N0036 P0024 R0001,A01EA,9,A01BS,Fruit and fruit products,20,A04RK,Fresh fruit,,,,0.950000,BEDCA2,0,g,149.4,kJ,0.5,g,0.7,g,89.6,g,7,g,2.2,g,0,g,0.248,g,,,0,mg,,,,,,,,,,,,,,,,,,,,,0.063,g,0.24,g,0.032,g,,,,,20,ug,0.6,mg,,,0.04,mg,0.02,mg,1,ug,0,ug,0.06,mg,60,mg,0,ug,2,mg,25,mg,,,0.8,mg,8,ug,190,mg,12,mg,2,mg,26,mg,,ug,0.1,mg
2226,Granada,Pomegranate,Punica granatum,A0707 A0732 A0833 A0992 A1221 A1279 B1162 C0136 E0150 F0003 G0003 H0003 J0003 K0003 M0001 N0003 P0188 Z0204,A01LH,9,A01BS,Fruit and fruit products,20,A04RK,Fresh fruit,,,,0.560000,BEDCA2,0,g,261,kJ,0.3,g,1,g,80.2,g,13.7,g,3.5,g,,,,,,,0,mg,,,,,,,,,,,,,,,,,,,,,,g,,g,,g,,,,,29,ug,0.3,mg,,,0.03,mg,0.05,mg,7,ug,0,ug,0.2,mg,20,mg,0,ug,0.55,mg,13,mg,,,1,mg,,,247,mg,6,mg,4,mg,25,mg,0.6,ug,0.1,mg
2227,Higos y brevas,Figs,Ficus carica,A0707 A0732 A0833 A0992 A1267 A1279 B1302 C0140 E0150 F0003 G0003 H0003 J0001 K0004 M0213 N0036 P0024 R0001,,,,,,,,,,,0.850000,BEDCA2,0,g,292.4,kJ,,g,1.2,g,80.3,g,16,g,2.5,g,0,g,,,,,0,mg,,,,,,,,,,,,,,,,,,,,,0.098,g,0.21,g,0.089,g,,,,,7,ug,0.5,mg,,,0.05,mg,0.06,mg,8,ug,0,ug,0.11,mg,2,mg,0,ug,0.89,mg,38,mg,,,0.6,mg,1.5,ug,270,mg,20,mg,2,mg,22.5,mg,,ug,0.3,mg
2228,Kiwi,Kiwi,Actinidia chinensis,A0707 A0732 A0833 A0992 A1267 A1279 B1664 C0140 E0150 F0003 G0003 H0003 J0003 K0004 M0213 N0036 P0024 R0001,A01JT,9,A01BS,Fruit and fruit products,20,A04RK,Fresh fruit,,,,0.850000,BEDCA2,0,g,217.4,kJ,0.5,g,1.1,g,85.9,g,10.6,g,1.9,g,0,g,,,,,0,mg,,,,,,,,,,,,,,,,,,,,,0.1,g,0.4,g,0.1,g,,,,,29.3,ug,0.6,mg,,,0.03,mg,0.01,mg,3,ug,0,ug,0.15,mg,59,mg,0,ug,1.12,mg,25,mg,,,0.4,mg,0.33,ug,290,mg,15,mg,4,mg,35,mg,0.6,ug,0.1,mg
2229,Mandarina,Tangerine,Citrus reticulata,A0707 A0732 A0833 A0992 A1222 A1279 B1429 C0140 E0150 F0003 G0003 H0003 J0003 K0004 M0213 N0036 P0024 R0001,A01CD,9,A01BS,Fruit and fruit products,20,A04RK,Fresh fruit,,,,0.720000,BEDCA2,0,g,166.6,kJ,,g,0.8,g,88.3,g,9,g,1.9,g,0,g,,,,,0,mg,,,,,,,,,,,,,,,,,,,,,0.034,g,0.037,g,0.022,g,,,,,32,ug,0.3,mg,,,0.02,mg,0.07,mg,106,ug,0,ug,0.07,mg,35,mg,0,ug,0.22,mg,36,mg,,,0.3,mg,,ug,160,mg,11,mg,2,mg,17.2,mg,,ug,0.4,mg
2230,"Mandarina, congelada","Tangerine, frozen","Citrus deliciosa,ten.",A0143 A0455 A0629 A0668 A0707 A0732 A0833 B1429 C0229 E0150 F0003 G0003 H0003 J0136 K0003 M0001 N0001 P0024 R0212 R0497 Z0112,,,,,,,,,,,0.730000,BEDCA2,0,g,174.51,kJ,0.2,g,0.63,g,88.2,g,9.2,g,1.8,g,,,,,,,0,mg,,,,,,,,,,,,,,,,,,,,,0.034,g,0.037,g,0.022,g,,,,,21.8,ug,0.41,mg,,,0.03,mg,0.06,mg,56.92,ug,0,ug,0.08,mg,32,mg,0,ug,0.29,mg,34.5,mg,,,0.3,mg,,ug,150,mg,10.9,mg,1.1,mg,20,mg,,ug,0.09,mg
2231,Manzana,Apple,Malus pumila,A0707 A0732 A0833 A0994 A1224 A1279 B1245 C0140 E0150 F0003 G0003 H0003 J0003 K0004 M0213 N0036 P0024 R0001,A01DJ,9,A01BS,Fruit and fruit products,20,A04RK,Fresh fruit,,,,0.840000,BEDCA2,0,g,209.1,kJ,,g,0.3,g,85.7,g,12,g,2,g,0.6,g,2.4,g,,,0,mg,,,,,,,,,,,,,,,,,,,,,0.15,g,0.11,g,0.2,g,,,,,1,ug,0.2,mg,,,0.04,mg,0.03,mg,4,ug,0,ug,0.04,mg,3,mg,0,ug,0.53,mg,6,mg,,,0.4,mg,,ug,99,mg,5,mg,2,mg,9,mg,,ug,0.1,mg
2232,Melocotón,Peach,Prunus persica,A0707 A0732 A0833 A0994 A1225 A1279 B1350 C0140 E0150 F0003 G0003 H0003 J0003 K0004 M0184 M0213 N0036 P0024 R0001 Z0215,A01GM,9,A01BS,Fruit and fruit products,20,A04RK,Fresh fruit,,,,0.880000,BEDCA2,0,g,163.2,kJ,,g,0.6,g,89,g,9,g,1.4,g,0,g,0.21,g,,,0,mg,,,,,,,,,,,,,,,,,,,,,0.061,g,0.079,g,0.018,g,,,,,3,ug,1,mg,,,0.05,mg,0.03,mg,17,ug,0,ug,0.02,mg,8,mg,0,ug,0.5,mg,8,mg,,,0.4,mg,2,ug,260,mg,9,mg,3,mg,22,mg,1,ug,0.06,mg
2233,Melocotón en almíbar,Syrup peach,,A0707 A0732 A0833 A0992 A1221 A1279 B1350 C0140 E0150 F0003 G0042 H0003 H0105 H0148 J0003 K0003 M0182 N0042 P0188 Z0204,A01NY,9,A01BS,Fruit and fruit products,21,A01ML,Processed fruit products,,,,1.000000,BEDCA2,0,g,241.4,kJ,,g,0.4,g,82.6,g,13.8,g,1.3,g,,,,,,,0,mg,,,,,,,,,,,,,,,,,,,,,,g,,g,,g,,,,,7,ug,0.59,mg,,,0.02,mg,0.01,mg,27,ug,0,ug,,mg,4,mg,0,ug,0.51,mg,3,mg,,,0.3,mg,1.5,ug,104,mg,5,mg,5,mg,11,mg,0.3,ug,,mg
2234,Melón,Melon,Cucumis melo l,A0707 A0732 A0833 A0994 A1267 A1279 B1283 C0140 E0150 F0003 G0003 H0003 J0003 K0004 M0213 N0036 P0024 R0001,A00KF,19,A00FJ,Vegetables and vegetable products,65,A00HN,Fruiting vegetables,,,,0.600000,BEDCA2,0,g,112.2,kJ,,g,0.6,g,92.4,g,6,g,1,g,0,g,,,,,0,mg,,,,,,,,,,,,,,,,,,,,,0.013,g,0.015,g,0.026,g,,,,,30,ug,0.5,mg,,,0.02,mg,0.04,mg,4,ug,0,ug,0.07,mg,25,mg,0,ug,0.1,mg,14,mg,,,0.4,mg,0.55,ug,320,mg,17,mg,14,mg,18,mg,,ug,0.1,mg
2235,Naranja,Orange,Citrus aurantium l,A0707 A0732 A0833 A0994 A1222 A1279 B1339 C0140 E0150 F0003 G0003 H0003 J0003 K0004 M0213 N0036 P0024 R0001,A01CR,9,A01BS,Fruit and fruit products,20,A04RK,Fresh fruit,,,,0.730000,BEDCA2,0,g,159.8,kJ,,g,0.8,g,88.6,g,8.6,g,2,g,0,g,4.46,g,,,0,mg,,,,,,,,,,,,,,,,,,,,,0.055,g,0.076,g,0.028,g,,,,,37,ug,0.3,mg,,,0.03,mg,0.1,mg,46,ug,0,ug,0.06,mg,50,mg,0,ug,0.2,mg,36,mg,,,0.3,mg,2,ug,200,mg,12,mg,3,mg,28,mg,1,ug,0.18,mg
2236,Nectarina,Nectarine,Prunus persica var,A0707 A0732 A0833 A0994 A1267 A1279 B1436 C0140 E0150 F0003 G0003 H0003 J0003 K0004 M0213 N0036 P0024 R0001 Z0215,A01GN,9,A01BS,Fruit and fruit products,20,A04RK,Fresh fruit,,,,0.890000,BEDCA2,0,g,180.5,kJ,0.1,g,1.4,g,87.3,g,9,g,2.2,g,,g,1.11,g,,,0,mg,,,,,,,,,,,,,,,,,,,,,,g,,g,,g,,,,,,ug,0.9,mg,,,0.04,mg,0.02,mg,11,ug,0,ug,0.03,mg,37,mg,0,ug,0.9,mg,7,mg,,,0.4,mg,3,ug,170,mg,10,mg,1,mg,22,mg,1,ug,0.1,mg
2237,"Nispero, conserva en su jugo","Medlar, canned in juice","Eriobotrya japonica,l.",A0143 A0455 A0629 A0669 A0707 A0732 A0833 B2014 C0229 E0150 F0014 G0003 H0003 J0123 K0039 M0001 N0001 P0024 R0212 R0497 Z0112,,,,,,,,"Escurrir y secar los nisperos, pesar y triturar para analizar.",without skin and without stone,,1.000000,BEDCA2,,,,,,,,,,,,,,,,,,,,,,,,,,,,,,,,,,,,,,,,,,,0.009,g,0.1,g,0.043,g,,,,,,,,,,,,,,,38.8333,ug,,,,,,,,,,,,,,,,,,,,,,,,,,,,,,
2238,"Nispero, sin piel , congelado","Medlar, withouth skin, frozen","Eriobotrya japonica,l.",A0143 A0455 A0629 A0669 A0707 A0732 A0833 B2014 C0229 E0150 F0003 G0003 H0003 J0136 K0003 M0001 N0001 P0024 R0212 R0497 Z0112,,,,,,,,"Se pesan los nisperos procedentes de tres mercados de tres zonas de Madrid. Se quita la parte no comestible. y se vuelve a pesar. Lavar y secar. Mezclar, cortar y triturar. La parte comestible del nispero (sin piel y sin hueso) se tritura y se congela a -20 º C durante 40 dias. Se descongelan a 4º C durante 16 horas.",without skin or stones,,0.650000,BEDCA2,0,g,163.12,kJ,0.2,g,0.56,g,88.6,g,8.6,g,2.1,g,,,,,,,0,mg,,,,,,,,,,,,,,,,,,,,,0.009,g,0.1,g,0.043,g,,,,,23,ug,0.35,mg,,,0.03,mg,0.02,mg,218,ug,0,ug,0.02,mg,4,mg,0,ug,0.89,mg,19,mg,,,0.3,mg,1,ug,263,mg,10,mg,4,mg,23,mg,0.5,ug,0.05,mg
2239,Paraguaya,Flat peach,Prunus persica var. platycarpa,A0143 A0707 A0732 A0833 A0992 A1221 A1279 B1539 C0140 E0150 F0003 G0003 H0003 J0003 K0003 M0172 N0036 P0024 Z0154,A01GL,9,A01BS,Fruit and fruit products,20,A04RK,Fresh fruit,,,,0.620000,BEDCA2,0,g,192.4,kJ,0.1,g,0.9,g,86.6,g,10.2,g,2.2,g,,,,,,,0,mg,,,,,,,,,,,,,,,,,,,,,0.0334,g,0.049,g,0.011,g,,,,,9,ug,0.8,mg,,,0.04,mg,0.02,mg,8.67,ug,0,ug,0.03,mg,37,mg,0,ug,0.5,mg,7,mg,,,0.4,mg,3,ug,170,mg,10,mg,1,mg,22,mg,1,ug,0.1,mg
2240,Pasta de fruta,Fruit paste,,A0455 A0707 A0732 A0834 A0988 A1267 A1279 B1024 C0138 E0119 F0014 G0014 H0147 H0158 J0003 K0003 M0001 N0001 P0024 R0212 Z0112,,,,,,,,,,,1.000000,BEDCA2,0,g,1074.4,kJ,0,g,1,g,33.6,g,62.2,g,3.2,g,,,,,,,0,mg,,,,,,,,,,,,,,,,,,,,,0,g,0,g,0,g,,,,,0,ug,0.1,mg,,,0.01,mg,0.01,mg,0,ug,0,ug,,mg,0,mg,0,ug,0,mg,4,mg,,,0.3,mg,,ug,90,mg,3,mg,1,mg,6,mg,,ug,0.1,mg
2241,Pera,Pear,Pyrus communis l,A0707 A0732 A0833 A1012 A1224 A1279 B1344 C0140 E0150 F0003 G0003 H0003 J0003 K0004 M0213 N0036 P0024 R0001,A01DP,9,A01BS,Fruit and fruit products,20,A04RK,Fresh fruit,,,,0.870000,BEDCA2,0,g,187,kJ,,g,0.4,g,86.7,g,10.6,g,2.3,g,0,g,1.21,g,,,0,mg,,,,,,,,,,,,,,,,,,,,,0.022,g,0.044,g,0.014,g,,,,,11,ug,0.2,mg,,,0.03,mg,0.03,mg,1,ug,0,ug,0.02,mg,3,mg,0,ug,,mg,12,mg,,,0.2,mg,2,ug,130,mg,7,mg,2,mg,17.5,mg,,ug,0.14,mg
2242,Piña,Pineapple,Ananas comosus,A0707 A0732 A0833 A0994 A1267 A1279 B1246 C0140 E0150 F0003 G0003 H0003 J0003 K0004 M0213 N0036 P0024 R0001,A01LP,9,A01BS,Fruit and fruit products,20,A04RK,Fresh fruit,,,,0.570000,BEDCA2,0,g,204,kJ,,g,0.5,g,86.8,g,11.5,g,1.2,g,0,g,3.83,g,,,0,mg,,,,,,,,,,,,,,,,,,,,,0.1,g,0.1,g,0,g,,,,,11,ug,0.3,mg,,,0.02,mg,0.07,mg,10,ug,0,ug,0.09,mg,20,mg,0,ug,0.1,mg,12,mg,,,0.5,mg,4.3,ug,250,mg,14,mg,2,mg,11,mg,,ug,0.15,mg
2243,Piña en almíbar,Syrup pineapple,,A0707 A0732 A0836 A0992 A1221 A1279 B1246 C0140 E0150 F0003 G0042 H0136 H0148 J0003 K0003 M0182 N0042 P0188 Z0204,A01PB,9,A01BS,Fruit and fruit products,21,A01ML,Processed fruit products,,,,1.000000,BEDCA2,0,g,272.245,kJ,0.11,g,0.375,g,83.3,g,15.4,g,0.82,g,,,,,,,0,mg,,,,,,,,,,,,,,,,,,,,,0.013,g,0.04,g,0.009,g,,,,,3,ug,0.437,mg,,,0.01,mg,0.07,mg,2,ug,0,ug,0.07,mg,7.5,mg,0,ug,0.06,mg,9.3,mg,,,0.31,mg,,ug,100,mg,9.6,mg,1.4,mg,5.6,mg,0.4,ug,0.09,mg
2244,Piñon,Pine nut,Araucaria araucana,A0703 A0730 A0824 A0975 A1236 A1282 B1596 C0165 E0150 F0003 G0003 H0003 J0003 K0004 M0166 N0036 P0024 R0001 Z0215,,,,,,,,,,,1.000000,BEDCA2,0,g,2844.2,kJ,62.61,g,14,g,11.5,g,4,g,1.9,g,0.1,g,,,,,0,mg,,,0,g,3.36,g,1.87,g,18.3,g,26.66,g,0.46,g,0,g,0,g,0,g,16.34,g,27.29,g,9.88,g,,,,,58,ug,6.9,mg,,,0.19,mg,0.73,mg,1.6,ug,0,ug,0.11,mg,,mg,0,ug,13.7,mg,11,mg,,,5.6,mg,0.2,ug,780,mg,270,mg,1,mg,650,mg,2,ug,6.5,mg
2245,Plátano,Banana,Musa paradisiaca,A0707 A0732 A0833 A0994 A1267 A1279 B1266 C0140 E0150 F0003 G0003 H0003 J0003 K0004 M0213 N0036 P0024 R0001,A01LE,9,A01BS,Fruit and fruit products,20,A04RK,Fresh fruit,,,,0.660000,BEDCA2,0,g,371.5,kJ,0.3,g,1.2,g,75.1,g,20,g,3.4,g,3.1,g,6.3,g,,,0,mg,,,,,,,,,,,,,,,,,,,,,0.04,g,0.09,g,0.11,g,,,,,22,ug,0.8,mg,,,0.07,mg,0.06,mg,18,ug,0,ug,0.51,mg,10,mg,0,ug,0.2,mg,9,mg,,,0.6,mg,2,ug,350,mg,38,mg,1,mg,28,mg,1,ug,0.23,mg
2246,Pomelo,Grapefruit,Citrus grandis,A0455 A0707 A0732 A0833 A0992 A1224 A1279 B1507 C0140 E0150 F0003 G0003 H0003 J0003 K0003 M0001 N0001 P0024 Z0204,A01DB,9,A01BS,Fruit and fruit products,20,A04RK,Fresh fruit,,,,0.660000,BEDCA2,0,g,107.4,kJ,0.1,g,0.7,g,86.1,g,5.4,g,1.3,g,,,2.37,g,,,0,mg,,,,,,,,,,,,,,,,,,,,,,g,,g,,g,,,,,14,ug,0.25,mg,,,0.02,mg,0.04,mg,218,ug,0,ug,,mg,37,mg,0,ug,0.25,mg,19,mg,,,0.2,mg,1.3,ug,141,mg,9,mg,1,mg,9,mg,1,ug,0.1,mg
2247,Sandía,Watermelon,Citrullus lanatus,A0669 A0707 A0732 A0833 A1224 A1279 B1391 C0140 E0150 F0003 G0003 H0003 J0003 K0004 M0128 M0213 N0036 P0024 R0001,A00KJ,19,A00FJ,Vegetables and vegetable products,65,A00HN,Fruiting vegetables,,,,0.520000,BEDCA2,0,g,83.3,kJ,,g,0.4,g,94.6,g,4.5,g,0.5,g,0,g,2.87,g,,,0,mg,,,,,,,,,,,,,,,,,,,,,0,g,0.1,g,0.1,g,,,,,3,ug,0.3,mg,,,0.02,mg,0.02,mg,18,ug,0,ug,0.07,mg,5,mg,0,ug,0.1,mg,7,mg,,,0.3,mg,,ug,120,mg,11,mg,4,mg,5.5,mg,,ug,0.1,mg
2248,"Zumo de tomate, fresco","Tomato, fresh juice",Lycopersicum esculentum,A0264 A0455 A0629 A0662 A0705 A0731 A0841 B1276 C0140 E0139 F0003 G0003 H0003 J0003 K0003 M0001 N0001 P0024 R0212 R0497 Z0112 Z0205,,,,,,,,,,./foodimages/zumo_tomate.jpg,1.000000,BEDCA2,0,g,65.09,kJ,0.05,g,0.76,g,95.6,g,2.96,g,0.6,g,,,,,,,0,mg,,,,,,,,,,,,,,,,,,,,,0.0075,g,0.02,g,0.0066,g,,,,,13,ug,0.767,mg,,,0.026,mg,0.056,mg,90,ug,0,ug,0.111,mg,15,mg,0,ug,1.01,mg,15,mg,,,0.56,mg,2,ug,236,mg,9.5,mg,4.8,mg,16,mg,0.6,ug,0.086,mg
2249,Uva blanca,White grapes,Vitis vinifera l,A0707 A0732 A0834 A0991 A1267 A1279 B1329 C0140 E0150 F0003 G0003 H0003 J0003 K0004 M0213 N0036 P0024 R0001,,,,,,,,,,,0.900000,BEDCA2,0,g,283.9,kJ,,g,0.6,g,82.4,g,16.1,g,0.9,g,0,g,0.07,g,,,0,mg,,,,,,,,,,,,,,,,,,,,,0.007,g,0.048,g,0.054,g,,,,,6,ug,0.3,mg,,,0.02,mg,0.04,mg,3,ug,0,ug,0.1,mg,4,mg,0,ug,,mg,17,mg,,,0.4,mg,2,ug,250,mg,10,mg,2,mg,22,mg,1,ug,0.1,mg
2250,"Uva blanca, congelada","White grape, frozen","Vitis vinifera, l.",A0143 A0455 A0629 A0671 A0707 A0732 A0833 B2121 C0140 E0150 F0003 G0003 H0003 J0136 K0003 M0001 N0001 P0024 R0212 R0497 Z0112 Z0205,,,,,,,,,,,1.000000,BEDCA2,0,g,291.86,kJ,0.16,g,0.72,g,82.2,g,16.1,g,0.8,g,,,0.07,g,,,0,mg,,,,,,,,,,,,,,,,,,,,,0.007,g,0.048,g,0.054,g,,,,,20,ug,0.37,mg,,,0.03,mg,0.05,mg,1.333,ug,0,ug,0.11,mg,3,mg,0,ug,0.94,mg,17,mg,,,0.6,mg,2,ug,250,mg,10,mg,2,mg,22,mg,0.1,ug,0.2,mg
2251,Uva pasa,Raisin ,,A0707 A0732 A0834 A0991 A1267 A1279 B1329 C0137 E0150 F0003 G0003 H0138 J0116 K0004 M0137 N0036 P0024 R0001 Z0215,,,,,,,,,,,1.000000,BEDCA2,0,g,1238.42,kJ,0.5,g,2.46,g,21.2,g,69.3,g,6.5,g,,,0.98,g,,,0,mg,,,,,,,,,,,,,,,,,,,,,0.14,g,0.14,g,0.16,g,,,,,10,ug,0.683,mg,,,0.055,mg,0.12,mg,5,ug,0,ug,0.25,mg,1,mg,0,ug,0.12,mg,80,mg,,,2.3,mg,2,ug,782,mg,41,mg,21,mg,111,mg,7.3,ug,0.245,mg
2252,"Zumo de zanahoria, fresco","Carrot, fresh juice",Daucus carota,A0264 A0455 A0629 A0705 A0731 A0841 B1227 C0238 E0114 F0003 G0003 H0001 J0003 K0003 M0001 N0001 P0024 R0212 R0497 Z0109 Z0205,,,,,,,,,,,1.000000,BEDCA2,0,g,97.01,kJ,0.15,g,0.63,g,93.9,g,4.75,g,0.62,g,,,,,,,0,mg,,,,,,,,,,,,,,,,,,,,,0.007,g,0.071,g,0.027,g,,,,,4,ug,0.77,mg,,,0.06,mg,0.06,mg,437,ug,0,ug,0.2,mg,3.8,mg,0,ug,0.56,mg,27,mg,,,0.5,mg,7,ug,219,mg,13,mg,52,mg,31,mg,0.6,ug,,mg
2253,"Avestruz, solomillo, crudo","Ostrich, sirloin, raw",Struthio camelus.,A0273 A0459 A0633 A0715 A0726 A0741 A0795 B2118 C0269 E0150 F0003 G0003 H0003 J0131 K0003 M0001 N0001 P0024 R0212 R0495 Z0027 Z0054 Z0112,,,,,,,,,,./foodimages/big_solomillo.jpg,1.000000,BEDCA2,0,g,477.54,kJ,2.95,g,21.67,g,75.4,g,0,g,0,g,,,,,,,75,mg,,,,,,,,,,,,,,,,,,,,,1.06,g,0.58,g,1.2,g,,,,,8,ug,7.908,mg,,,0.286,mg,0.195,mg,0,ug,4.94,ug,0.509,mg,0,mg,0,ug,0.202,mg,6,mg,,,3.13,mg,2,ug,312,mg,22,mg,81,mg,214,mg,35.4,ug,3.76,mg
2254,Butifarra,Butifarra sausage,,A0221 A0714 A0726 A0793 A1257 A1277 B1136 C0125 E0119 F0001 G0003 H0229 H0367 J0131 K0003 M0212 N0056 P0188 R0212 Z0112,,,,,,,,,,,1.000000,BEDCA2,0,g,1003.5,kJ,20,g,10,g,63,g,5.5,g,0,g,,,,,,,50,mg,,,,,,,,,,,,,,,,,,,,,8.9,g,3,g,6.8,g,,,,,2,ug,2.4,mg,,,0.13,mg,0.04,mg,0,ug,,ug,0.1,mg,0,mg,0.01,ug,0.01,mg,51,mg,,,1.9,mg,,ug,140,mg,15,mg,703,mg,51,mg,11.5,ug,,mg
2256,Cecina,Couring beef,,A0714 A0726 A0793 A1015 A1258 A1283 B1201 C0268 E0119 F0014 G0003 H0138 H0172 H0367 J0106 J0116 K0003 M0172 N0036 P0188 Z0112,A022M,13,A01QR,Meat and meat products,40,A022L,Animal meat dried,,,,1.000000,BEDCA2,0,g,1014.5,kJ,9.5,g,39,g,45,g,0,g,0,g,,,,,,,120,mg,,,,,,,,,,,,,,,,,,,,,3.9,g,0.5,g,4.4,g,,,,,0,ug,,mg,,,0.82,mg,0.16,mg,21,ug,8.89,ug,0.36,mg,0,mg,0,ug,,mg,48,mg,,,9.8,mg,4.96,ug,62.2,mg,39,mg,2100,mg,321,mg,,ug,,mg
2257,"Cerdo, chuleta, crudo","Pork, chop, raw",,A0714 A0726 A0793 A1015 A1258 A1287 B1136 C0243 E0107 F0003 G0003 H0003 J0003 K0003 M0001 N0001 P0024 R0212 Z0154,,,,,,,,,,,0.800000,BEDCA2,0,g,878,kJ,15,g,19,g,65,g,0,g,0,g,,,,,,,80,mg,,,,,,,,,,,,,,,,,,,,,6.8,g,1.3,g,5.8,g,,,,,4,ug,4.2,mg,,,0.19,mg,0.74,mg,0,ug,1.2,ug,0.4,mg,0,mg,,ug,0.1,mg,9,mg,,,1.3,mg,3,ug,285,mg,21,mg,69,mg,166,mg,14,ug,1.6,mg
2258,"Cerdo, costilla, crudo","Pork, rib, raw",,A0714 A0726 A0793 A1015 A1258 A1287 B1136 C0243 E0107 F0003 G0003 H0003 J0003 K0003 M0001 N0001 P0024 R0212 Z0154 Z0215,,,,,,,,,,,0.730000,BEDCA2,0,g,1163.9,kJ,23.6,g,17.1,g,56.9,g,0,g,0,g,,,,,,,77,mg,,,,,,,,,,,,,,,,,,,,,10.7,g,2.2,g,9.3,g,,,,,4,ug,4.9,mg,,,0.27,mg,0.62,mg,0,ug,0.9,ug,0.4,mg,0,mg,,ug,0.05,mg,7,mg,,,1,mg,2,ug,260,mg,22,mg,75,mg,240,mg,27.3,ug,1.3,mg
2259,"Cerdo, lomo, crudo","Pork, loin, raw",,A0714 A0726 A0793 A1015 A1258 A1280 B1136 C0270 E0107 F0003 G0003 J0003 M0172 N0036 P0024 R0212 Z0154,,,,,,,,,,,1.000000,BEDCA2,0,g,635.3,kJ,8.9,g,18,g,66,g,0,g,0,g,,,,,,,65,mg,0.002,g,0.022,g,0.64,g,0.211,g,0.624,g,0.5,g,0.02,g,0.068,g,0.009,g,,,4,g,1.15,g,3.28,g,,,,,3,ug,4,mg,,,0.22,mg,0.76,mg,0,ug,0.6,ug,0.4,mg,0,mg,,ug,0.1,mg,9,mg,,,0.9,mg,2.6,ug,212,mg,20,mg,63,mg,151,mg,32.4,ug,2.4,mg
2260,"Cerdo, panceta, cruda","Bacon, raw",,A0714 A0726 A0793 A1015 A1258 A1280 B1136 C0270 E0100 F0003 G0003 H0367 J0003 M0172 N0036 P0024 R0212 Z0154,,,,,,,,,,,1.000000,BEDCA2,0,g,1945.2,kJ,46.6,g,12.5,g,40.4,g,0.5,g,0,g,,,,,,,72,mg,,,,,,,,,,,,,,,,,,,,,21.2,g,3.47,g,19.39,g,,,,,1.5,ug,4.2,mg,,,0.12,mg,0.32,mg,,ug,,ug,0.27,mg,0,mg,,ug,0.08,mg,6,mg,,,0.9,mg,11,ug,230,mg,13,mg,1470,mg,120,mg,1,ug,1.5,mg
2261,"Cerdo, parte sin especificar","Pork, not specified part",,A0714 A0726 A0793 A1015 A1258 A1280 B1136 C0103 E0122 F0003 G0003 H0003 J0003 K0032 M0172 N0036 P0024 R0212 Z0154,,,,,,,,,,,1.000000,BEDCA2,0,g,1133.2,kJ,23,g,16.6,g,60.4,g,0,g,0,g,,,,,,,72,mg,0.006,g,0.076,g,4.895,g,2.574,g,6.794,g,2.996,g,0.2,g,0.466,g,0.065,g,0.082,g,9.62,g,3.51,g,7.43,g,0.138,g,,,4,ug,7.6,mg,,,0.2,mg,0.7,mg,,ug,2,ug,0.33,mg,0,mg,,ug,0.01,mg,8,mg,,,1.3,mg,,ug,370,mg,18,mg,760,mg,170,mg,14,ug,1.8,mg
2262,Chistorra,Chistorra sausage,,A0714 A0726 A0798 A1015 A1258 A1277 B1136 C0268 E0119 F0003 G0001 J0001 K0003 M0172 M0212 N0036 N0056 P0024 R0212 Z0094 Z0112,,,,,,,,,,,1.000000,BEDCA2,0,g,2143.9,kJ,50.5,g,15.3,g,33.3,g,0.9,g,0,g,,,,,,,76,mg,,,,,,,,,,,,,,,,,,,,,18.7,g,2.6,g,26.8,g,,,,,2,ug,11.5,mg,,,0.25,mg,0.56,mg,181.33,ug,0.85,ug,0.16,mg,0,mg,,ug,0.57,mg,13,mg,,,1.7,mg,11,ug,232,mg,23,mg,889,mg,90,mg,21.1,ug,1.4,mg
2263,Choped pork,Pork luncheon meat,,A0714 A0726 A0793 A1015 A1264 A1280 B2242 C0268 E0150 F0014 G0012 G0020 H0154 H0367 H0369 H0691 J0123 K0004 M0186 N0036 P0024 R0001,,,,,,,,,,,1.000000,BEDCA2,0,g,1288,kJ,27,g,14,g,56,g,3,g,0,g,3,g,,,,,72,mg,0.017,g,0.239,g,4.153,g,2.022,g,5.767,g,2.576,g,0.19,g,0.068,g,,,0.011,g,11.29,g,4.17,g,9.4,g,0.134,g,,,,ug,5.9,mg,,,0.21,mg,0.33,mg,,ug,,ug,0.05,mg,0,mg,,ug,0.25,mg,13,mg,,,2.2,mg,1,ug,207,mg,9,mg,668,mg,160,mg,18.6,ug,2.9,mg
2264,Chorizo,Chorizo,,A0714 A0726 A0798 A1015 A1264 A1280 B1134 C0103 E0151 F0014 G0003 H0003 J0003 K0004 M0199 N0036 N0039 P0024 P0026 R0001,A025C,13,A01QR,Meat and meat products,43,A04NG,Sausages and other comminuted meat,,,,0.970000,BEDCA2,0,g,1346,kJ,23.1,g,27,g,47,g,1.9,g,0,g,,,,,,,72.6,mg,0.023,g,0.298,g,4.979,g,2.541,g,6.764,g,2.545,g,0.151,g,0.036,g,,,,,11,g,2.502,g,9.6,g,0.17,g,,,0.9,ug,7.1,mg,,,0.15,mg,0.33,mg,,ug,0.9,ug,0.14,mg,0,mg,,ug,0.29,mg,18.4,mg,,,2.1,mg,10.9,ug,180,mg,10.3,mg,1060,mg,270,mg,21.1,ug,1.2,mg
2265,"Corazon de vaca, crudo","Beef (cow), heart, raw",,A0716 A0726 A0796 A1015 A1264 B1134 C0201 F0003 G0003 H0003 J0131 K0003 M0003 N0003 P0024 R0001,,,,,,,,,,,1.000000,BEDCA2,0,g,437,kJ,4,g,17,g,79,g,0,g,0,g,,,,,,,140,mg,,,,,,,,,,,,,,,,,,,,,1,g,0.5,g,1.6,g,,,,,3,ug,10.467,mg,,,1.02,mg,0.19,mg,0,ug,13,ug,0.3,mg,6,mg,1,ug,0.52,mg,6,mg,,,4.8,mg,7,ug,263,mg,23,mg,92,mg,210,mg,22,ug,2,mg
2266,"Cordero, costilla, crudo","Lamb, rib, raw",Ovis orientalis aries,A0714 A0726 A0793 A1015 A1258 A1287 B2396 C0243 E0107 F0003 G0003 H0003 J0003 K0003 M0001 N0001 P0024 R0212 Z0154,,,,,,,,,,,0.670000,BEDCA2,0,g,1008.9,kJ,20.1,g,15.6,g,64.1,g,0,g,0,g,,,,,,,79,mg,,,,,,,,,,,,,,,,,,,,,8.05,g,1.18,g,9.96,g,,,,,3,ug,4.4,mg,,,0.18,mg,0.13,mg,0,ug,1.3,ug,0.2,mg,0,mg,,ug,0.17,mg,9,mg,,,2.6,mg,2,ug,320,mg,16,mg,75,mg,170,mg,27.3,ug,2.2,mg
2267,"Cordero, parte sin especificar","Lamb, not specified part",Ovis orientalis aries,A0714 A0726 A0793 A1015 A1258 A1287 B1669 C0266 E0151 F0003 G0003 H0003 J0131 K0001 M0166 M0173 N0036 N0039 P0024 R0001,,,,,,,,,,,1.000000,BEDCA2,0,g,1475.1,kJ,32.7,g,15.6,g,51.7,g,0,g,0,g,0,g,,,,,78,mg,0.088,g,0.568,g,6.704,g,3.684,g,9.815,g,0.8154,g,0.4137,g,0.1933,g,0.1359,g,0.045,g,11.33,g,1.76,g,15.17,g,0.298,g,,,3,ug,7.4,mg,,,0.16,mg,0.08,mg,,ug,1,ug,0.17,mg,0,mg,,ug,0.26,mg,7,mg,,,1.2,mg,3,ug,260,mg,18,mg,68,mg,194,mg,1,ug,3.3,mg
2268,Croquetas de pollo,Chicken croquettes,,A0722 A0735 A0861 A1015 A1264 A1275 B1457 C0103 E0135 F0014 G0024 H0117 H0184 H0186 H0272 H0317 H0349 H0367 H0411 H0430 H0431 H0447 H0456 H0491 H0539 H0555 H0681 H0704 H0759 J0136 K0001 M0166 N0036 P0024 R0001,,,,,,,,,,,1.000000,BEDCA2,0,g,642.41,kJ,5.32,g,5.78,g,66,g,20.43,g,2.45,g,,,,,,,30.6,mg,0.039,g,0.117,g,0.738,g,0.518,g,1.016,g,1.098,g,0.02,g,,,0.001,g,,,1.436,g,2.225,g,0.74,g,0.5957,g,,,8.93,ug,5.2,mg,,,0.2,mg,0.12,mg,5.55,ug,4.01,ug,0.06,mg,0,mg,0.434,ug,0.09,mg,22.4,mg,,,1.13,mg,15.2,ug,173.4,mg,26.3,mg,719.2,mg,173.3,mg,8.1,ug,0.29,mg
2269,Foie gras,Foie gras,,A0150 A0459 A0714 A0726 A1258 B1316 C0176 E0136 F0003 G0001 H0227 H0367 J0131 K0003 M0130 N0036 P0188 Z0112,A026N,13,A01QR,Meat and meat products,43,A04NG,Sausages and other comminuted meat,,,,1.000000,BEDCA2,0,g,1849,kJ,44,g,10,g,42,g,3,g,0,g,,,,,,,380,mg,0.035,g,0.398,g,6.732,g,3.44,g,10.293,g,3.487,g,0.224,g,0.112,g,,,,,25.2,g,4.8,g,12,g,0.3658,g,,,556,ug,3,mg,,,0.6,mg,0.03,mg,950,ug,15,ug,0.3,mg,2,mg,0.2,ug,0.35,mg,10,mg,,,6.4,mg,6.3,ug,170,mg,15,mg,740,mg,190,mg,41.6,ug,1.7,mg
2270,"Higado de pollo, crudo","Liver, chicken, raw",,A0714 A0726 A0796 A1015 A1264 A1275 B1457 C0176 E0150 F0003 G0003 H0003 J0131 K0003 M0166 M0173 N0036 N0039 P0024 R0001,,,,,,,,,,,1.000000,BEDCA2,0,g,570.34,kJ,4.7,g,22.12,g,72,g,1.2,g,0,g,,,,,,,492,mg,0.003,g,0.035,g,0.942,g,0.975,g,0.821,g,0.507,g,0.019,g,0.289,g,0.014,g,0.067,g,1.144,g,0.749,g,1.582,g,0.2515,g,,,380,ug,14.8,mg,,,2.5,mg,0.32,mg,33,ug,25,ug,0.8,mg,28,mg,1.3,ug,0.4,mg,18,mg,,,7.4,mg,3,ug,218,mg,13,mg,68,mg,240,mg,55,ug,3.2,mg
2271,Jamón asado,"Ham, roasted",,A0714 A0726 A0793 A1015 A1258 A1280 B1136 C0265 E0150 F0003 G0005 H0138 H0367 J0116 K0003 M0001 N0001 P0188 Z0112,,,,,,,,,,,1.000000,BEDCA2,0,g,1107.68,kJ,17.61,g,26.83,g,55.04,g,,g,0,g,,,,,,,94,mg,,,,,,,,,,,,,,,,,,,,,7.88,g,1.688,g,6.47,g,,,,,10,ug,4.574,mg,,,0.313,mg,0.635,mg,10,ug,0.68,ug,0.402,mg,0.3,mg,0.9,ug,,mg,14,mg,,,1.01,mg,34.6,ug,352,mg,22,mg,60,mg,263,mg,45.3,ug,2.96,mg
2272,"Jamón cocido, enlatado","Cooked ham, canned",,A0150 A0459 A0633 A0714 A0726 A0737 A0793 B1136 C0125 E0145 F0014 G0012 H0227 H0253 J0108 K0003 M0287 N0042 P0024,,,,,,,,,,,1.000000,BEDCA2,0,g,523.6,kJ,5.1,g,18.4,g,74,g,1.3,g,0,g,,,,,,,68,mg,,,,,,,,,,,,,,,,,,,,,2.1,g,0.6,g,1.9,g,,,,,,ug,7.283,mg,,,0.25,mg,0.52,mg,,ug,,ug,0.22,mg,0,mg,,ug,0.08,mg,9,mg,,,1.2,mg,11,ug,280,mg,18,mg,1250,mg,280,mg,8,ug,2.3,mg
2273,Jamón serrano,Cured ham,,A0714 A0726 A0793 A1015 A1258 A1280 B1136 C0265 E0150 F0003 G0003 H0138 H0367 J0116 K0003 M0157 N0036 N0045 P0188 Z0112,A022T,13,A01QR,Meat and meat products,42,A04ND,Processed whole meat products,,,,1.000000,BEDCA2,0,g,1329.2,kJ,22.6,g,28.8,g,39.9,g,0.2,g,0,g,,,,,,,84,mg,0.02,g,0.01,g,2.314,g,1.039,g,5.974,g,0.708,g,0.068,g,0.11,g,,,,,11.06,g,2.58,g,7.94,g,,,,,2,ug,8,mg,,,0.25,mg,1,mg,0,ug,0.6,ug,0.5,mg,0,mg,0.6,ug,0.2,mg,9,mg,,,1.7,mg,11.4,ug,250,mg,22,mg,2130,mg,167,mg,12.1,ug,2.1,mg
2274,Lacón,"Shoulder cured ham, ""lacon""",,A0714 A0726 A0797 A1015 A1258 A1280 B1136 C0218 E0131 F0003 G0003 H0367 J0141 K0004 M0157 M0172 N0036 N0045 P0024 R0001 Z0112,,,,,,,,,,,1.000000,BEDCA2,0,g,892.94,kJ,10.8,g,19.12,g,57.36,g,9.9,g,0,g,,,,,,,60.4,mg,,,,,,,,,,,,,,,,,,,,,4.26,g,1.66,g,3.53,g,,,,,1,ug,6.817,mg,,,0.18,mg,0.46,mg,9.4,ug,0.6,ug,0.2,mg,0,mg,0.5,ug,0.08,mg,9.6,mg,,,2.1,mg,10.9,ug,270,mg,17.5,mg,965,mg,136,mg,17.7,ug,2.8,mg
2275,"Lengua de cerdo, cruda","Pork, tongue, raw",,A0150 A0459 A0633 A0716 A0726 A0739 A0796 B1136 C0189 E0150 F0003 G0003 H0003 J0131 K0003 M0001 N0001 P0024 R0212 R0497 Z0112,,,,,,,,,,,1.000000,BEDCA2,0,g,653.1,kJ,10.3,g,16,g,73.7,g,0,g,0,g,,,,,,,116,mg,0.018,g,0.534,g,3.327,g,1.801,g,4.064,g,0.404,g,0.042,g,0.054,g,,,,,4.87,g,1.07,g,3.57,g,0.544,g,,,4,ug,8.217,mg,,,0.5,mg,0.49,mg,0,ug,0.8,ug,0.35,mg,4.4,mg,,ug,0.51,mg,9.6,mg,,,3,mg,14,ug,278,mg,20,mg,93,mg,197,mg,12,ug,2.6,mg
2276,"Lengua de cordero, cruda","Lamb, tongue, raw",,A0150 A0459 A0633 A0716 A0726 A0739 A0796 B1669 C0189 E0150 F0003 G0003 H0003 J0131 K0003 M0001 N0001 P0024 R0212 R0497 Z0112,,,,,,,,,,,1.000000,BEDCA2,0,g,800.3,kJ,14.6,g,15.3,g,70.1,g,0,g,0,g,,,,,,,180,mg,0.018,g,0.534,g,3.327,g,1.801,g,4.064,g,0.404,g,0.042,g,0.054,g,,,,,7.194,g,0.901,g,5.623,g,0.544,g,,,4,ug,7.467,mg,,,0.49,mg,0.17,mg,,ug,7,ug,0.17,mg,7,mg,,ug,0.21,mg,6,mg,,,2.2,mg,14,ug,250,mg,33,mg,78,mg,170,mg,15,ug,2.7,mg
2277,Lomo embuchado,"Cured pork, loin",,A0714 A0726 A0793 A1015 A1264 A1280 B2242 C0270 E0122 F0003 G0003 H0003 H0341 H0367 H0749 J0141 K0004 M0186 N0036 P0024 R0001,A04NE,13,A01QR,Meat and meat products,42,A04ND,Processed whole meat products,,,,0.970000,BEDCA2,0,g,1343.9,kJ,20.7,g,34,g,46,g,0,g,0,g,0,g,,,,,69,mg,,,,,,,,,,,,,,,,,,,,,8.65,g,3.17,g,6.68,g,,,,,5,ug,12,mg,,,0.25,mg,0.8,mg,,ug,2,ug,0.22,mg,0,mg,,ug,0.44,mg,20,mg,,,3.7,mg,3.8,ug,230,mg,20,mg,1470,mg,180,mg,20,ug,2.6,mg
2278,Molleja de cordero,Lamb gizzard,,A0714 A0726 A0793 A1015 A1258 A1287 B2396 C0109 E0107 F0003 G0003 H0003 J0003 K0003 M0001 N0001 P0024 R0212 Z0154,,,,,,,,,,,1.000000,BEDCA2,0,g,548.7,kJ,7.8,g,15.3,g,76.9,g,0,g,0,g,,,,,,,260,mg,,,,,,,,,,,,,,,,,,,,,2.4,g,0.3,g,3,g,,,,,13,ug,7,mg,,,0.25,mg,0.03,mg,,ug,6,ug,0.03,mg,18,mg,,ug,0.44,mg,8,mg,,,1.7,mg,,ug,420,mg,21,mg,75,mg,400,mg,,ug,1.9,mg
2280,Morcilla,Blood sausage,,A0459 A0714 A0726 A0798 A1015 A1258 A1277 B1136 C0185 E0119 F0014 G0015 H0227 H0262 H0339 H0367 J0153 K0001 M0001 N0001 P0188 R0212 Z0112,A025S,13,A01QR,Meat and meat products,43,A04NG,Sausages and other comminuted meat,,,,1.000000,BEDCA2,0,g,1351.4,kJ,30,g,11,g,55,g,3.2,g,,g,,,,,,,110,mg,0.036,g,0.553,g,9.358,g,5.214,g,12.604,g,5.072,g,0.356,g,0.051,g,,,,,13.5,g,2.5,g,11.7,g,0.553,g,,,5,ug,1.2,mg,,,0.1,mg,0.07,mg,13,ug,0.5,ug,0.1,mg,0,mg,,ug,0.5,mg,40,mg,,,18,mg,4.9,ug,150,mg,11,mg,700,mg,60,mg,11.8,ug,0.3,mg
2281,"Morcilla, frita","Blood sausage, fried",,A0459 A0714 A0726 A0798 A1015 A1258 A1277 B1136 C0185 E0119 F0014 G0015 G0035 H0227 H0262 H0339 H0367 J0153 K0001 M0001 N0001 P0188 R0212 Z0112,,,,,,,,,,,1.000000,BEDCA2,0,g,1279.16,kJ,21.9,g,12.58,g,44,g,15,g,0.5,g,,,,,,,68,mg,,,,,,,,,,,,,,,,,,,,,8.1,g,3.6,g,8.5,g,,,,,3.63,ug,3.23,mg,,,0.05,mg,0.06,mg,0,ug,0.8,ug,0.03,mg,0,mg,0,ug,0.19,mg,33.25,mg,,,19,mg,0,ug,112,mg,14.8,mg,907.5,mg,101.75,mg,0,ug,1.24,mg
2282,Mortadela,Bologna,,A0714 A0726 A0793 A1018 A1264 A1275 B2242 C0268 E0150 F0003 G0003 H0319 H0367 H0487 H0493 H0511 H0669 H0691 H0749 J0003 K0004 M0186 N0036 P0024 R0001,A025Q,13,A01QR,Meat and meat products,43,A04NG,Sausages and other comminuted meat,,,,1.000000,BEDCA2,0,g,1228.43,kJ,25.39,g,14,g,56,g,3,g,0,g,3,g,,,,,72,mg,0.017,g,0.239,g,4.153,g,2.022,g,5.767,g,2.576,g,0.19,g,0.068,g,,,0.011,g,11.29,g,4.17,g,9.4,g,0.134,g,,,,ug,5.9,mg,,,0.21,mg,0.33,mg,,ug,,ug,0.05,mg,0,mg,,ug,0.11,mg,13,mg,,,2.2,mg,8.6,ug,207,mg,9,mg,668,mg,160,mg,6.1,ug,2.9,mg
2283,"Panceta, frita","Bacon, fried",,A0714 A0726 A0793 A1015 A1258 A1280 B1136 C0270 E0100 F0014 G0035 H0367 J0003 M0172 N0036 P0024 R0212 Z0154,,,,,,,,,,,1.000000,BEDCA2,0,g,3072.86,kJ,80.9,g,4.68,g,12.8,g,,g,,g,,,,,,,198,mg,,,,,,,,,,,,,,,,,,,,,36.1,g,8.9,g,31.5,g,,,,,,ug,0.77,mg,,,,mg,,mg,,ug,,ug,,mg,,mg,,ug,0.09,mg,2.85,mg,,,0.67,mg,10.45,ug,60,mg,3.7,mg,420,mg,35.15,mg,0.95,ug,0.57,mg
2284,"Pate de higado de cerdo, 30% de grasa","Pork liver pate, fat 30%",,A0714 A0726 A0793 A1019 A1264 A1280 B2242 C0176 E0136 F0003 G0001 H0184 H0186 H0367 H0590 H0691 J0131 K0004 M0130 N0040 P0024 R0001 Z0112,,,,,,,,,,,1.000000,BEDCA2,0,g,1414.5,kJ,29.5,g,14,g,51.5,g,5,g,0,g,0,g,,,,,255,mg,0.009,g,0.243,g,4.98,g,2.805,g,9.873,g,3.165,g,0.232,g,0.216,g,0.037,g,0.002,g,12.41,g,3.59,g,10.48,g,0.3658,g,,,99,ug,7.1,mg,,,0.85,mg,0.18,mg,8300,ug,12,ug,0.35,mg,,mg,0.3,ug,0.5,mg,23,mg,,,5.5,mg,6.3,ug,173,mg,12,mg,738,mg,220,mg,41.6,ug,2.3,mg
2285,"Pavo, crudo","Turkey, raw",Meleagris gallopavo,A0273 A0459 A0633 A0715 A0726 A0741 A0795 B1236 C0268 E0150 F0003 G0003 H0003 J0003 K0003 M0001 N0001 P0024 R0212 R0497 Z0003 Z0112,,,,,,,,,,,1.000000,BEDCA2,0,g,657.56,kJ,8.5,g,20.18,g,71.3,g,0,g,0,g,,,,,,,74,mg,,,,,,,,,,,,,,,,,,,,,2.987,g,2.435,g,2.173,g,,,,,16,ug,10.567,mg,,,0.18,mg,0.1,mg,13,ug,2,ug,0.46,mg,0,mg,,ug,,mg,15,mg,,,0.98,mg,2,ug,247,mg,20,mg,63,mg,175,mg,28.6,ug,2.4,mg
2286,"Pavo, fiambre",Turkey luncheon meat,,A0714 A0726 A0797 A1015 A1264 A1288 B1236 C0103 E0151 F0014 G0020 H0148 H0157 H0487 H0609 H0669 H0691 J0131 K0004 M0137 N0036 P0024 R0001 Z0112 Z0183,,,,,,,,,,,1.000000,BEDCA2,0,g,614.7,kJ,9.4,g,15.3,g,74.07,g,0.4,g,0,g,,,,,,,76,mg,,,,,,,,,,,,,,,,,,,,,3.146,g,2.342,g,2.783,g,,,,,,ug,,mg,,,,mg,,mg,0,ug,,ug,,mg,0,mg,,ug,,mg,40,mg,,,1.25,mg,2,ug,216,mg,22,mg,1004,mg,266,mg,,ug,2.32,mg
2287,"Pavo, fiambre, bajo en grasa","Turkey luncheon meat, low fat",,A0714 A0726 A0797 A1015 A1264 A1288 B1236 C0103 E0151 F0014 G0020 H0148 H0157 H0487 H0609 H0669 H0691 J0131 K0004 M0137 N0036 P0024 R0001 Z0112 Z0181,,,,,,,,,,,1.000000,BEDCA2,0,g,418.9,kJ,0.8,g,19.3,g,77.5,g,3.6,g,0,g,,,,,,,40,mg,,,,,,,,,,,,,,,,,,,,,0.239,g,0.143,g,0.234,g,,,,,,ug,,mg,,,,mg,,mg,0,ug,,ug,,mg,0,mg,,ug,,mg,15,mg,,,1.11,mg,2,ug,262,mg,28,mg,1180,mg,276,mg,,ug,1,mg
2288,"Pavo, pechuga, con piel, crudo","turkey, breast, with skin, raw",meleagris gallopavo,A0273 A0459 A0633 A0715 A0726 A0741 A0795 B1236 C0267 E0150 F0003 G0003 H0003 J0003 K0003 M0001 N0001 P0024 R0212 R0497 Z0003 Z0112 Z0158,,,,,,,,,,,1.000000,BEDCA2,0,g,446.67,kJ,0.99,g,24.12,g,74.9,g,,g,0,g,,,,,,,45,mg,,,,,,,,,,,,,,,,,,,,,0.223,g,0.235,g,0.358,g,,,,,7,ug,11.567,mg,,,0.081,mg,0.047,mg,2,ug,0.52,ug,0.46,mg,0,mg,,ug,0,mg,8,mg,,,1,mg,2,ug,333,mg,20,mg,46,mg,210,mg,22.4,ug,1.8,mg
2289,"Perdiz, cruda","Partridge, raw",,A0459 A0715 A0726 A0795 A1020 A1258 A1275 B1382 C0173 E0150 F0003 G0003 H0003 J0003 K0003 M0001 N0001 P0024 R0212 Z0215,,,,,,,,,,,1.000000,BEDCA2,0,g,466.13,kJ,2.32,g,22.37,g,75.3,g,0,g,0,g,,,,,,,76,mg,,,,,,,,,,,,,,,,,,,,,0.595,g,0.55,g,0.77,g,,,,,8,ug,11.95,mg,,,0.175,mg,0.135,mg,73,ug,0.43,ug,0.67,mg,6.1,mg,0,ug,0.01,mg,15,mg,,,4,mg,2,ug,281,mg,31,mg,47,mg,179,mg,16.6,ug,0.1,mg
2290,"Pollo empanado, frito","Breaded chicken, fried",,A0714 A0726 A0793 A1015 A1258 A1275 B1457 C0127 E0001 F0003 G0001 H0001 J0003 M0001 N0001 P0024 R0212 Z0109 Z0154,,,,,,,,,,,1.000000,BEDCA2,0,g,948.91,kJ,15.12,g,17.57,g,61.71,g,5.34,g,0.26,g,,,,,,,84.68,mg,,,,,,,,,,,,,,,,,,,,,7.7,g,2.3,g,2.88,g,,,,,8.14,ug,6.69,mg,,,0.12,mg,0.09,mg,17.28,ug,8.41,ug,0.28,mg,0,mg,0.13,ug,0.85,mg,23.47,mg,,,1.39,mg,3,ug,20,mg,19.33,mg,23.65,mg,23.28,mg,0,ug,1.22,mg
2291,"Pollo, ala, con piel, cruda","Chicken, wing, with skin, raw",Gallus gallus,A0273 A0459 A0633 A0715 A0726 A0741 A0795 B1457 C0267 E0150 F0003 G0003 H0003 J0003 K0003 M0001 N0001 P0024 R0212 R0497 Z0112 Z0157,,,,,,,,,,./foodimages/4665150.jpg,1.000000,BEDCA2,0,g,902.5,kJ,15.97,g,18.33,g,65.7,g,0,g,0,g,,,,,,,77,mg,,,,,,,,,,,,,,,,,,,,,6.28,g,3.26,g,4.36,g,,,,,4,ug,9.176,mg,,,0.088,mg,0.048,mg,44,ug,0.32,ug,0.35,mg,0.7,mg,0.1,ug,0.3,mg,12,mg,,,0.95,mg,6.9,ug,156,mg,18,mg,73,mg,132,mg,15.5,ug,1.33,mg
2292,"Pollo, entero, con piel, crudo","chicken, whole, with skin, raw",gallus gallus,A0273 A0459 A0633 A0715 A0726 A0741 A0795 B1457 C0267 E0150 F0003 G0003 H0003 J0003 K0003 M0001 N0001 P0024 R0212 R0497 Z0112,,,,,,,,,,./foodimages/watermark.php?i=74945.jpg,1.000000,BEDCA2,0,g,696.7,kJ,9.25,g,20.85,g,70.3,g,0,g,0,g,0,g,,,,,110,mg,0.009,g,0.099,g,2.448,g,0.648,g,3.932,g,1.94,g,0.3,g,0.043,g,0.004,g,0.004,g,2.63,g,4.37,g,2.66,g,0.077,g,,,4,ug,9.9,mg,,,0.1,mg,0.063,mg,24,ug,0.34,ug,0.53,mg,,mg,,ug,,mg,0,mg,,,0.74,mg,1.1,ug,220,mg,25,mg,63,mg,248,mg,16.6,ug,0.8,mg
2293,"Pollo, fiambre",Chicken luncheon meat,,A0714 A0726 A0797 A1015 A1264 A1275 B1457 C0103 E0151 F0014 G0020 H0157 H0254 H0487 H0609 H0669 H0691 J0131 K0027 M0128 N0036 P0024 R0001 Z0112 Z0183,,,,,,,,,,,1.000000,BEDCA2,0,g,583.75,kJ,5.6,g,19.85,g,71.5,g,2.3,g,0,g,,,,,,,59,mg,,,,,,,,,,,,,,,,,,,,,2.336,g,0.973,g,1.452,g,,,,,,ug,,mg,,,,mg,,mg,0,ug,,ug,,mg,0,mg,,ug,,mg,17,mg,,,1.58,mg,6.3,ug,302,mg,24,mg,1196,mg,248,mg,,ug,1.13,mg
2294,"Pollo, fiambre, bajo en grasa","Chicken luncheon meat, low fat",,A0714 A0726 A0797 A1015 A1264 A1275 B1457 C0103 E0151 F0014 G0020 H0157 H0254 H0487 H0609 H0669 H0691 J0131 K0027 M0128 N0036 P0024 R0001 Z0112 Z0181,,,,,,,,,,,1.000000,BEDCA2,0,g,362.2,kJ,0.6,g,18.3,g,75.8,g,1.7,g,0,g,,,,,,,44,mg,,,,,,,,,,,,,,,,,,,,,0.16,g,0.06,g,0.17,g,,,,,,ug,,mg,,,,mg,,mg,0,ug,,ug,,mg,0,mg,,ug,,mg,12,mg,,,1.33,mg,6.3,ug,316,mg,36,mg,1242,mg,256,mg,,ug,0.6,mg
2295,"Pollo, frito","Chicken, fried",,A0714 A0726 A0793 A1015 A1258 A1275 B1457 C0127 E0001 F0014 G0029 H0001 J0003 M0001 N0001 P0024 R0212 Z0109,,,,,,,,,,,1.000000,BEDCA2,0,g,843.51,kJ,14.61,g,17.08,g,67.55,g,0.74,g,0.02,g,,,,,,,93.11,mg,,,,,,,,,,,,,,,,,,,,,8.49,g,1.64,g,2.67,g,,,,,13.08,ug,7.26,mg,,,0.51,mg,0.1,mg,43.3,ug,8.13,ug,0.35,mg,3.88,mg,0,ug,0.72,mg,10.97,mg,,,2.25,mg,5.53,ug,31.89,mg,18.6,mg,10.42,mg,36.58,mg,0,ug,1.09,mg
2296,"Pollo, parte sin especificar","Chiken, part not specified",,A0714 A0726 A0793 A1015 A1258 A1275 B1457 C0127 E0001 F0003 G0001 H0003 J0003 M0001 N0001 P0024 R0212 Z0154,,,,,,,,,,,1.000000,BEDCA2,0,g,693.5,kJ,9.6,g,19.9,g,70.5,g,0,g,0,g,,,,,,,99,mg,0.009,g,0.099,g,2.448,g,0.648,g,3.932,g,1.94,g,0.3,g,0.043,g,0.004,g,0.004,g,3.146,g,2.3695,g,2.609,g,0.077,g,,,12,ug,11.7,mg,,,0.16,mg,0.083,mg,39,ug,0.4,ug,0.5,mg,2.5,mg,0.1,ug,0.66,mg,13,mg,,,0.73,mg,6.9,ug,262,mg,19,mg,83,mg,165,mg,10,ug,0.996,mg
2297,"Pollo, pechuga, plancha","Chiken, breast, grilled",,A0714 A0726 A0793 A1015 A1258 A1275 B1457 C0103 E0122 F0014 G0006 H0001 J0003 K0032 M0172 N0036 P0024 R0212 Z0154,,,,,,,,,,,1.000000,BEDCA2,0,g,606.8,kJ,6.2,g,22.2,g,71.6,g,0,g,0,g,,,,,,,62,mg,,,,,,,,,,,,,,,,,,,,,1.916,g,1.515,g,1.907,g,,,,,5.4,ug,9.64,mg,,,0.081,mg,0.049,mg,,ug,,ug,0.4256,mg,3.68,mg,,ug,0.25,mg,13.3,mg,,,0.99,mg,6.9,ug,211.2,mg,15.75,mg,52.8,mg,169.6,mg,6.5,ug,0.8,mg
2298,"Pulmón, de cerdo, crudo","Pork lung, raw",,A0150 A0459 A0633 A0716 A0726 A0739 A0796 B1136 C0187 E0150 F0003 G0001 H0003 J0001 K0003 M0001 N0001 P0024 R0212 R0497 Z0112,,,,,,,,,,,1.000000,BEDCA2,0,g,340,kJ,2.72,g,14.08,g,83.2,g,0,g,0,g,,,,,,,320,mg,,,,,,,,,,,,,,,,,,,,,0.61,g,0.35,g,0.96,g,,,,,3,ug,5.4117,mg,,,0.43,mg,0.085,mg,0,ug,2.75,ug,0.1,mg,12.3,mg,3,ug,,,7,mg,,,18.9,mg,,,303,mg,14,mg,153,mg,196,mg,17.8,ug,2.03,mg
2299,"Pulmón, de cordero, crudo","Lamb lung, raw",,A0150 A0459 A0633 A0716 A0726 A0739 A0796 B1669 C0187 E0151 F0003 G0003 H0003 J0001 K0003 M0001 N0001 P0024 R0212 R0497 Z0112,,,,,,,,,,,1.000000,BEDCA2,0,g,380.1,kJ,2.6,g,16.7,g,80.7,g,0,g,0,g,,,,,,,,,,,,,,,,,,,,,,,,,,,,,0.67,g,0.35,g,0.89,g,,,,,12,ug,6.974,mg,,,0.237,mg,0.048,mg,27,ug,3.93,ug,0.11,mg,31,mg,12,ug,,,10,mg,,,6.4,mg,,,238,mg,14,mg,157,mg,219,mg,17.7,ug,1.8,mg
2300,"Pulmón, de ternera, crudo","Veal lung, raw",,A0150 A0459 A0633 A0716 A0726 A0739 A0796 B1349 C0187 E0151 F0003 G0003 H0003 J0001 K0003 M0001 N0001 P0024 R0212 R0497 Z0112,,,,,,,,,,,1.000000,BEDCA2,0,g,367.9,kJ,2.5,g,16.2,g,81.3,g,0,g,0,g,,,,,,,242,mg,,,,,,,,,,,,,,,,,,,,,0.64,g,0.34,g,0.86,g,,,,,11,ug,6.47,mg,,,0.23,mg,0.047,mg,14,ug,3.81,ug,0.04,mg,38.5,mg,11,ug,,,10,mg,,,7.95,mg,,,340,mg,14,mg,198,mg,224,mg,44.3,ug,1.61,mg
2301,Rabo de toro,Oxtail,,A0714 A0726 A0793 A1015 A1258 A1283 B1201 C0234 E0150 F0003 G0003 H0003 J0003 K0032 M0172 N0036 P0024 R0212 Z0154,A020Y,13,A01QR,Meat and meat products,41,A04MQ,Animal offals and other slaughtering products (e),,,,1.000000,BEDCA2,0,g,834.2,kJ,14,g,18.6,g,67.4,g,0,g,0,g,,,,,,,70,mg,,,,,,,,,,,,,,,,,,,,,6.6,g,0.49,g,6.3,g,,,,,8,ug,7,mg,,,0.064,mg,0.038,mg,22,ug,1,ug,0.23,mg,0,mg,,,0.19,mg,8.1,mg,,,1.9,mg,6,ug,264,mg,18,mg,61,mg,139,mg,1,ug,3.6,mg
2302,"Bacalao, crudo","Cod, raw",Gadus morhua,A0717 A0727 A0747 A0802 A1265 A1285 B1423 C0243 E0150 F0003 G0003 H0003 J0142 K0003 M0172 N0036 P0024 R0212 Z0153,,,,,,,,,,,0.860000,BEDCA2,0,g,346.4,kJ,1,g,18.2,g,79.9,g,,g,,g,,,,,,,61,mg,,,,,,,,,,,,,,,,,,,,,0.17,g,0.33,g,0.17,g,,,,,12,ug,2.4,mg,,,0.05,mg,0.05,mg,5,ug,1,ug,0.2,mg,0,mg,,ug,0.47,mg,13,mg,,,0.1,mg,170,ug,340,mg,24,mg,68,mg,180,mg,27,ug,0.4,mg
2303,Salami,Salami,,A0221 A0714 A0726 A0793 A1257 A1277 B1136 C0125 E0119 F0001 G0001 H0367 J0104 J0145 J0153 K0003 M0199 N0057 P0188 R0212 Z0094,A024X,13,A01QR,Meat and meat products,43,A04NG,Sausages and other comminuted meat,,,,1.000000,BEDCA2,0,g,1812.1,kJ,40.2,g,17.8,g,28.4,g,1.3,g,0.1,g,,,,,,,80,mg,,,,,,,,,,,,,,,,,,,,,19.09,g,4,g,14.86,g,,,,,3,ug,3.3,mg,,,0.2,mg,0.29,mg,1.7,ug,1.5,ug,0.3,mg,0,mg,0.7,ug,0.11,mg,17,mg,,,2.2,mg,1.7,ug,240,mg,12,mg,1962,mg,208,mg,6.9,ug,1.7,mg
2304,"Bacalao, frito","Codfish, fried",,A0717 A0727 A0747 A0802 A1265 A1285 B1423 C0243 E0150 F0014 G0035 H0001 K0003 M0001 N0001 P0024 R0212 Z0109,,,,,,,,,,,1.000000,BEDCA2,0,g,314.39,kJ,0.7,g,16.97,g,82.1,g,0,g,0,g,,,,,,,46,mg,,,,,,,,,,,,,,,,,,,,,0.1,g,0.3,g,0.1,g,,,,,6.3,ug,4.41,mg,,,0.05,mg,0.06,mg,5.85,ug,1.75,ug,0.27,mg,1.35,mg,1.17,ug,0.4,mg,15.2,mg,,,0.28,mg,101.75,ug,296,mg,21.85,mg,44.28,mg,161.5,mg,25.9,ug,0.37,mg
2305,"Salchicha, fresca","Sausage, fresh",,A0221 A0714 A0726 A0793 A1257 A1277 B1136 C0125 E0119 F0001 G0001 H0367 J0131 J0153 K0003 M0199 N0057 P0188 R0212 Z0094,,,,,,,,,,,1.000000,BEDCA2,0,g,1278.04,kJ,28.1,g,13.12,g,55.41,g,0.9,g,0,g,,,,,,,67,mg,0.012,g,0.164,g,2.892,g,1.542,g,4.021,g,1.485,g,1.107,g,0.044,g,,,0.005,g,12.3,g,2.602,g,10.545,g,0.118,g,,,3.4,ug,4.56,mg,,,0.16,mg,0.18,mg,0,ug,1.51,ug,0.16,mg,0,mg,0,ug,0,mg,34.54,mg,,,1.44,mg,1.77,ug,210,mg,9.42,mg,1060,mg,150,mg,11.5,ug,2.62,mg
2306,Berberechos,Cockles,Cerastoderma edule,A0717 A0727 A0803 A1152 A1265 A1285 B1317 C0173 E0150 F0003 G0003 H0003 J0142 K0004 M0128 M0166 M0173 M0213 N0036 N0039 N0046 P0024 R0001 Z0215,A02HE,7,A026T,"Fish, seafood, amphibians, reptiles and invertebrates",18,A02GM,Molluscs,,,,0.800000,BEDCA2,0,g,200.4,kJ,0.5,g,10.7,g,88.8,g,0,g,0,g,0,g,,,,,40,mg,,,,,,,,,,,,,,,,,,,,,0.03,g,0.13,g,0.05,g,,,,,17,ug,4.1,mg,,,0.14,mg,0.04,mg,250,ug,,ug,0.1,mg,,mg,,ug,0.4,mg,128,mg,,,24,mg,160,ug,314,mg,51,mg,56,mg,130,mg,24.3,ug,1.3,mg
2307,Berberechos en conserva,"Cockles, canned ",,A0717 A0727 A0801 A1148 A1265 A1285 B1317 C0125 E0150 F0014 G0013 H0148 H0367 J0123 K0017 M0175 M0182 N0042 P0024 R0001 Z0112,,,,,,,,,,,1.000000,BEDCA2,0,g,200.4,kJ,0.5,g,10.7,g,88.8,g,,g,0,g,0,g,,,,,40,mg,,,,,,,,,,,,,,,,,,,,,0.03,g,0.13,g,0.05,g,,,,,12.8,ug,4.1,mg,,,0.14,mg,0.04,mg,250,ug,,ug,0.03,mg,,mg,,ug,0.37,mg,128,mg,,,24,mg,160,ug,43,mg,51,mg,3520,mg,204,mg,45,ug,1.3,mg
2308,Salchicha de pollo fresca,Fresh chicken sausage,,A0667 A0714 A0726 A0797 A1018 A1275 B1457 C0218 E0152 F0003 G0001 H0003 J0131 K0004 M0186 N0036 P0024 R0001,,,,,,,,,,,1.000000,BEDCA2,0,g,1278.04,kJ,28.1,g,13.12,g,55.41,g,0.9,g,0,g,,,,,,,67,mg,0.012,g,0.164,g,2.892,g,1.542,g,4.021,g,,,1.107,g,0.044,g,,,0.005,g,13,g,2.602,g,10.545,g,0.118,g,,,3.4,ug,4.56,mg,,,0.16,mg,0.18,mg,0,ug,1.51,ug,0.16,mg,0,mg,0,ug,0,mg,34.54,mg,,,1.44,mg,1.77,ug,210,mg,9.42,mg,1060,mg,150,mg,11.5,ug,2.62,mg
2309,"Salchicha, tipo ""frankfurt""",Frankfurt sausage,,A0714 A0726 A0798 A1015 A1258 A1277 B1136 C0268 E0119 F0014 G0001 H0172 J0106 J0120 J0174 K0027 M0172 N0036 P0024 Z0112,,,,,,,,,,,1.000000,BEDCA2,0,g,1200,kJ,26,g,12.7,g,56.4,g,1.3,g,0.1,g,,,,,,,65,mg,0.027,g,0.381,g,5.999,g,3.024,g,8.375,g,3.788,g,0.275,g,0.057,g,,,,,12.02,g,2.96,g,9.33,g,0.2997,g,,,3,ug,2.4,mg,,,0.2,mg,0.3,mg,15,ug,0.5,ug,0.1,mg,0,mg,0.2,ug,0.15,mg,20,mg,,,1,mg,6.9,ug,170,mg,11,mg,900,mg,173,mg,8.3,ug,1.4,mg
2310,Salchichón,Salchichon,,A0667 A0714 A0726 A0798 A1019 A1280 B1136 C0127 E0151 F0003 G0003 H0229 H0262 H0367 J0172 K0004 M0173 M0391 N0036 N0039 P0024 R0001,A024X,13,A01QR,Meat and meat products,43,A04NG,Sausages and other comminuted meat,,,,0.970000,BEDCA2,0,g,1756.5,kJ,34.7,g,25.8,g,38,g,2,g,0,g,1.9,g,,,,,72,mg,,g,0.44,g,7.447,g,1.414,g,12.72,g,3.713,g,0.25,g,,g,,g,,g,15.93,g,5.83,g,12.3,g,,g,,,3,ug,10,mg,,,0.21,mg,0.2,mg,,ug,1,ug,0.15,mg,0,mg,,ug,0.28,mg,15,mg,,,2.4,mg,14.7,ug,207,mg,10,mg,1060,mg,260,mg,26.1,ug,1.7,mg
2311,Sobrasada,Sobrasada,,A0221 A0714 A0726 A0793 A1257 A1277 B1136 C0125 E0119 F0001 G0001 H0367 J0145 J0153 K0003 M0211 N0001 P0188 R0212 Z0112 Z0154,A026K,13,A01QR,Meat and meat products,43,A04NG,Sausages and other comminuted meat,,,,1.000000,BEDCA2,0,g,2491.1,kJ,61.4,g,12.9,g,24,g,0,g,0,g,,,,,,,72,mg,,,,,,,,,,,,,,,,,,,,,28.91,g,8.91,g,20.7,g,,,,,2,ug,2.68,mg,,,0.27,mg,0.6,mg,363,ug,0.9,ug,0.2,mg,0,mg,,ug,0.57,mg,15,mg,,,1.9,mg,11,ug,259,mg,25,mg,1264,mg,310,mg,21.1,ug,1.5,mg
2312,Besugo,Sea bream,Pagellus bogaraveo,A0717 A0727 A0802 A1144 A1265 A1285 B2388 C0275 E0150 F0003 G0003 H0003 J0142 K0003 M0166 M0173 N0036 N0039 P0024 R0001 Z0215,A029V,7,A026T,"Fish, seafood, amphibians, reptiles and invertebrates",15,A026V,Fish,,,,0.550000,BEDCA2,0,g,374.64,kJ,1.8,g,18.12,g,80.1,g,0,g,0,g,,,,,,,56.5,mg,,,,,,,,,,,0.001,g,0.001,g,0.021,g,0.073,g,0.181,g,0.6,g,0.301,g,0.4,g,,,,,10.41,ug,2.89,mg,,,0.06,mg,0.06,mg,9,ug,2.91,ug,0.05,mg,0,mg,0.19,ug,1.48,mg,40.72,mg,,,0.8,mg,7.07,ug,310,mg,25.21,mg,20,mg,210,mg,45,ug,0.44,mg
2313,Bogavante,Clawed lobster,Homarus gammarus,A0717 A0727 A0802 A1152 A1265 A1285 B1505 C0173 E0150 F0003 G0003 H0003 J0003 K0003 M0003 N0003 P0188 R0001,A02FR,7,A026T,"Fish, seafood, amphibians, reptiles and invertebrates",14,A02FD,Crustaceans,,,,0.380000,BEDCA2,0,g,385.1,kJ,2,g,18.3,g,79.7,g,0,g,0,g,0,g,,,,,150,mg,,,,,,,,,,,,,,,,,,,,,0.38,g,0.74,g,0.24,g,,,,,17,ug,5.3,mg,,,0.11,mg,0.12,mg,,ug,1,ug,0.06,mg,,mg,,ug,0.4,mg,60,mg,,,0.7,mg,37,ug,220,mg,34,mg,270,mg,261,mg,63.6,ug,2.3,mg
2314,Bonito en aceite vegetal,Albacore in vegetable oil,,A0717 A0727 A0747 A0802 A1265 A1285 B1264 C0243 E0107 F0014 G0013 H0001 J0110 K0003 M0182 N0042 R0212 Z0058 Z0112 Z0153,,,,,,,,,,,1.000000,BEDCA2,0,g,831.375,kJ,11.5,g,23.875,g,64.7,g,0,g,0,g,,,,,,,46.7,mg,,,,,,,,,,,,,,,,,,,,,3.1,g,5.4,g,1.8,g,,,,,15.5,ug,13.5,mg,,,0.11,mg,0.05,mg,,,5,ug,0.42,mg,,mg,23.8,ug,7.2,mg,28.5,mg,,,1,mg,37,ug,333,mg,29,mg,396,mg,,mg,60.1,ug,1.1,mg
2315,"Ternera, parte sin especificar, cruda, con grasa separable","Veal, not specified part, raw, with separable fat",,A0150 A0459 A0633 A0714 A0726 A0737 A0794 B1349 C0269 E0150 F0003 G0003 H0001 J0001 K0003 M0001 N0001 P0024 R0212 R0497 Z0018 Z0112,,,,,,,,,,,1.000000,BEDCA2,0,g,1060.9,kJ,21,g,16.7,g,62.3,g,0,g,0,g,0,g,,,,,65,mg,0.0018,g,0.07,g,0.66,g,0.35,g,0.9,g,0.08,g,0.02,g,0.025,g,0.007,g,0.018,g,9.33,g,1.25,g,8.51,g,0.186,g,,,10,ug,7.2,mg,,,0.2,mg,0.05,mg,,ug,1,ug,0.25,mg,0,mg,,ug,0.19,mg,7,mg,,,1.9,mg,3,ug,350,mg,17,mg,61,mg,200,mg,3,ug,3.3,mg
2316,Boquerón,Anchovy,Engraulis encrasicolus,A0717 A0727 A0802 A1144 A1265 A1285 B1554 C0173 E0150 F0003 G0003 H0003 J0142 K0003 M0003 N0003 P0024 R0001,,,,,,,,,,,0.700000,BEDCA2,0,g,532.3,kJ,6.3,g,17.6,g,76.1,g,0,g,0,g,0,g,,,,,69,mg,,,,,,,,,,,,,,,,,,,,,1.33,g,2.18,g,1.65,g,,,,,8.7,ug,8.3,mg,,,0.3,mg,0.06,mg,47,ug,1.9,ug,1.1,mg,,mg,8,ug,0.02,mg,30,mg,,,1,mg,45,ug,331,mg,29,mg,116,mg,182,mg,36.5,ug,0.5,mg
2317,Tocino,Bacon,,A0714 A0726 A0738 A0797 A1022 A1280 B1105 C0193 E0104 F0003 G0003 H0367 J0131 K0004 M0128 M0137 M0173 N0036 N0039 P0024 R0001 Z0215,A023A,13,A01QR,Meat and meat products,42,A04ND,Processed whole meat products,,,,1.000000,BEDCA2,0,g,2769.8,kJ,71,g,8.4,g,20.6,g,0,g,0,g,0,g,,,,,57,mg,,,,,,,,,,,,,,,,,,,,,29.86,g,10.86,g,29.38,g,,,,,,ug,1.3,mg,,,0.02,mg,0.1,mg,,ug,,ug,0.37,mg,0,mg,,ug,0.03,mg,6,mg,,,0.7,mg,11,ug,75,mg,5,mg,560,mg,177,mg,1,ug,0.4,mg
2318,"Boquerón, frito","Anchovy, fried",,A0717 A0727 A0747 A0802 A1265 A1285 B1854 C0173 E0150 F0014 G0035 H0001 J0003 K0003 M0001 N0001 P0024 R0212 Z0109 Z0153,,,,,,,,,,,1.000000,BEDCA2,0,g,572.03,kJ,6,g,20.09,g,72.9,g,0.5,g,0,g,,,,,,,69,mg,,,,,,,,,,,,,,,,,,,,,0.81,g,2.3,g,2.3,g,,,,,4.57,ug,6.84,mg,,,0.21,mg,0.05,mg,28.71,ug,1.66,ug,0.01,mg,0,mg,6.3,ug,0.02,mg,26.79,mg,,,0.93,mg,18.5,ug,331,mg,26.6,mg,104,mg,182,mg,0,ug,0.43,mg
2319,"Caballa, cruda","Mackarel, raw",Scomber scombrus,A0717 A0727 A0747 A0802 A1265 A1285 B1043 C0243 E0150 F0003 G0003 H0003 J0142 K0003 M0001 N0001 R0212 Z0058 Z0153,,,,,,,,,,,1.000000,BEDCA2,0,g,757.86,kJ,11.9,g,18.68,g,69.4,g,0,g,0,g,,,,,,,76,mg,,,0.102,g,0.616,g,0.355,g,0.705,g,0.07,g,0.037,g,0.067,g,0.267,g,0.796,g,2.363,g,2.47,g,3.449,g,,,,,1.2,ug,12.47,mg,,,0.36,mg,0.13,mg,45,ug,9,ug,0.63,mg,0,mg,4,ug,1.3,mg,12,mg,,,1.2,mg,51,ug,386,mg,30,mg,84,mg,244,mg,39,ug,0.519,mg
2320,"Calamar, asado","Squid, roasted",,A0717 A0727 A0802 A1124 A1265 A1285 B1205 C0173 E0150 F0014 G0029 H0001 J0003 K0003 M0003 N0003 P0024 Z0153,,,,,,,,,,,1.000000,BEDCA2,0,g,338.46,kJ,1.3,g,16.58,g,81.2,g,0.5,g,,g,,,,,,,222,mg,,,,,,,,,,,,,,,,,,,,,0.09,g,0.43,g,0.31,g,,,,,,ug,3.24,mg,,,0.11,mg,0.06,mg,63,ug,1.14,ug,0.05,mg,,mg,,ug,2.16,mg,17.64,mg,,,1.57,mg,,ug,83.25,mg,32.3,mg,247.6,mg,209.95,mg,44.8,ug,1.53,mg
2321,Camarón,Shrimp or common prawn,Palaemon serratus,A0460 A0717 A0803 A1152 A1265 A1285 B2320 C0173 E0150 F0003 G0003 H0003 J0001 K0003 M0001 N0001 P0024 R0212 Z0153,A02FM,7,A026T,"Fish, seafood, amphibians, reptiles and invertebrates",14,A02FD,Crustaceans,,,,0.400000,BEDCA2,0,g,346.9,kJ,0.6,g,17.6,g,80.3,g,1.5,g,0,g,,,,,,,195,mg,,,,,,,,,,,0.002,g,0.004,g,0.001,g,0.161,g,0.185,g,0.2,g,0.1,g,0.1,g,,,,,12,ug,3.2,mg,,,0.1,mg,0.04,mg,,ug,7,ug,0.05,mg,0,mg,,ug,2.85,mg,79,mg,,,1.6,mg,90,ug,330,mg,34,mg,190,mg,180,mg,24.3,ug,1.5,mg
2322,Longaniza,Sausage,,A0714 A0726 A0798 A1015 A1258 A1277 B1136 C0268 E0119 F0001 G0001 J0001 K0003 M0172 M0212 N0036 N0056 P0024 R0212 Z0094 Z0112,,,,,,,,,,,1.000000,BEDCA2,0,g,1442.5,kJ,27.5,g,25,g,47.5,g,0,g,0,g,,,,,,,88.5,mg,,,,,,,,,,,,,,,,,,,,,12.03,g,4.65,g,11.25,g,,,,,0.9,ug,0.25,mg,,,0.15,mg,0.2,mg,,ug,0.9,ug,0.14,mg,0,mg,,ug,0.29,mg,20,mg,,,1.6,mg,10.9,ug,200,mg,200,mg,70,mg,160,mg,21.1,ug,1.2,mg
2323,Calamares en aceite vegetal,Squid in vegetable oil,,A0717 A0727 A0801 A1133 A1265 A1285 B1205 C0173 E0152 F0014 G0013 H0347 H0367 J0123 K0021 M0175 M0182 N0042 P0024 R0001 Z0112,,,,,,,,,,,0.010000,BEDCA2,0,g,903.3,kJ,13.8,g,22.5,g,63.1,g,0.6,g,0,g,,,,,,,66.9,mg,,,,,,,,,,,,,,,,,,,,,5.9,g,3.3,g,2.3,g,,,,,1,ug,17.1,mg,,,0.15,mg,0.12,mg,125,ug,9.8,ug,0.06,mg,0.09,mg,2.9,ug,1.5,mg,17.2,mg,,,1.01,mg,5.57,ug,278,mg,28.9,mg,382,mg,272,mg,39,ug,0.51,mg
2324,Cangrejo,Crab,Carcinus maenas,A0717 A0727 A0802 A1152 A1265 A1285 B1335 C0173 E0150 F0003 G0003 H0003 J0142 K0001 M0003 N0003 P0188 R0001,A02FL,7,A026T,"Fish, seafood, amphibians, reptiles and invertebrates",14,A02FD,Crustaceans,,,,0.440000,BEDCA2,0,g,124,kcal,5.1,g,19.5,g,75.4,g,,,0,g,,,,,,,100,mg,,,,,,,,,,,,,,,,,,,,,1.13,g,2.18,g,0.69,g,,,,,20,ug,6.3,mg,,,0.15,mg,0.1,mg,,ug,,ug,0.3,mg,0,mg,,ug,2.3,mg,30,mg,,,1.3,mg,40,ug,270,mg,48,mg,370,mg,160,mg,37.4,ug,3.8,mg
2325,Cangrejo de río crudo,Crayfish raw,Austropotamobius pallipes,A0717 A0727 A0801 A1152 A1265 A1285 B2686 C0275 E0150 F0003 G0003 H0003 J0131 K0001 M0001 N0001 P0024 R0001,,,,,,,,,,,0.230000,BEDCA2,0,g,520.2,kJ,5.1,g,19.5,g,75.4,g,0,g,0,g,0,g,,,,,100,mg,,,,,,,,,,,,,,,,,,,,,1.26,g,2.42,g,0.77,g,,,,,20,ug,6.3,mg,,,0.15,mg,0.1,mg,,ug,,ug,0.35,mg,,mg,,ug,2.3,mg,30,mg,,,1.3,mg,40,ug,270,mg,48,mg,370,mg,176,mg,3,ug,3.8,mg
2326,Caracol,Snail,Helix pomatia,A1129 A1263 B2114 C0173 E0150 F0003 G0003 H0003 J0003 K0003 M0001 N0001 P0024 P0188 R0212 Z0153,A02LN,7,A026T,"Fish, seafood, amphibians, reptiles and invertebrates",13,A02KP,"Amphibians, reptiles, snails, insects",,,,1.000000,BEDCA2,0,g,359.5,kJ,1.4,g,16.1,g,79.2,g,2,g,0,g,,,,,,,50,mg,,,,,,,,,,,,,,,,,,,,,0.259,g,0.252,g,0.361,g,,,,,6,ug,1.4,mg,,,0.12,mg,0.01,mg,30,ug,0.5,ug,0.13,mg,,mg,,ug,5,mg,10,mg,,,3.5,mg,,,382,mg,250,mg,70,mg,272,mg,27.4,ug,1,mg
2327,"Cardo, tallo, en conserva","Cardoon, stalk, canned",Cynara cardunculus,A0152 A0455 A0629 A0682 A0705 A0731 A0826 B1727 C0101 E0152 F0014 G0014 H0148 H0158 H0367 H0430 J0123 K0017 M0194 N0040 P0024 R0212 R0497 Z0112 Z0205,,,,,,,,,,./foodimages/cardo_conserva.jpg,1.000000,BEDCA2,0,g,57.79,kJ,0.11,g,0.76,g,95,g,2.4,g,1.7,g,,,,,,,0,mg,,,,,,,,,,,,,,,,,,,,,0.02,g,0.044,g,0.012,g,,,,,22,ug,0.3,mg,,,0.031,mg,0.018,mg,6,ug,0,ug,0.042,mg,1.7,mg,0,ug,0.9,mg,72,mg,,,0.73,mg,0.4,ug,392,mg,43,mg,176,mg,23,mg,0.7,ug,0.18,mg
2328,"Centollo, crudo","Crab, raw",Maja squinado,A0267 A0460 A0634 A0717 A0727 A0750 A0801 B2222 C0243 E0150 F0003 G0003 H0001 J0001 K0003 M0001 N0001 P0024 Z0062 Z0112,,,,,,,,,,,1.000000,BEDCA2,0,g,534.1,kJ,5.2,g,20.1,g,74.7,g,0,g,0,g,0,g,,,,,100,mg,,,,,,,,,,,,,,,,,,,,,1.28,g,2.47,g,0.79,g,,,,,20,ug,6.1,mg,,,0.15,mg,0.1,mg,,ug,,ug,0.35,mg,,mg,,ug,2.3,mg,29,mg,,,1.3,mg,40,ug,270,mg,48,mg,370,mg,312,mg,37.4,ug,5.5,mg
2329,Chipiron,Baby squid,Loligo vulgaris,A0717 A0727 A0802 A1124 A1265 A1285 C0173 E0150 F0003 G0003 H0003 J0003 K0003 M0003 N0003 P0024 Z0153,,,,,,,,,,,0.700000,BEDCA2,0,g,339.95,kJ,1.4,g,16.25,g,81.7,g,0.7,g,0,g,,,,,,,167.5,mg,,,,,,,,,,,,,,,,,,,,,0.1,g,0.5,g,0.408,g,,,,,5.12,ug,7.04,mg,,,0.15,mg,0.07,mg,77.03,ug,1.31,ug,0.03,mg,0,mg,,ug,2.7,mg,144,mg,,,0.32,mg,64,ug,280,mg,37.84,mg,110,mg,190,mg,44.8,ug,1.08,mg
2330,Chirla,Baby clam,Chamelea striatula,A0717 A0727 A0803 A1152 A1265 A1285 B2590 C0173 E0150 F0003 G0003 H0003 J0142 K0004 M0128 M0166 M0173 M0213 N0036 N0039 N0046 P0024 R0001 Z0215,,,,,,,,,,,0.560000,BEDCA2,0,g,47,kcal,0.5,g,10.7,g,88.8,g,0,g,0,g,0,g,,,,,40,mg,,,,,,,,,,,,,,,,,,,,,0.03,g,0.13,g,0.05,g,,,,,17,ug,4.1,mg,,,0.14,mg,0.04,mg,250,ug,,ug,0.1,mg,,mg,,ug,0.4,mg,128,mg,,,24,mg,160,ug,43,mg,51,mg,601,mg,130,mg,45,ug,1.3,mg
2331,Cigala,Scampi,Nephrops norvegicus,A0717 A0727 A0801 A1152 A1265 A1285 B1998 C0173 E0150 F0003 G0003 H0003 J0142 K0003 M0003 N0003 P0188 R0001,,,,,,,,,,,0.470000,BEDCA2,0,g,361.2,kJ,1.4,g,17.7,g,80.4,g,0.5,g,0,g,,,,,,,105,mg,,,,,,,,,,,,,,,,,,,,,0.2,g,0.5,g,0.2,g,,,,,17,ug,1.3,mg,,,0.05,mg,0.08,mg,,ug,1,ug,0.1,mg,0,mg,,ug,1.5,mg,100,mg,,,1,mg,30,ug,400,mg,30,mg,400,mg,300,mg,41.4,ug,0.8,mg
2332,Congrio,Conger,Conger conger,A0717 A0727 A0802 A1144 A1265 A1285 B2299 C0275 E0150 F0003 G0003 H0003 J0142 K0003 M0166 M0173 N0036 N0039 P0024 R0001 Z0215,A02AK,7,A026T,"Fish, seafood, amphibians, reptiles and invertebrates",15,A026V,Fish,,,,0.750000,BEDCA2,0,g,426.6,kJ,2.8,g,19,g,78.5,g,0,g,0,g,0,g,,,,,40,mg,,,,,,,,,,,,,,,,,,,,,0.91,g,0.37,g,0.55,g,,,,,13,ug,5.5,mg,,,0.37,mg,0.17,mg,500,ug,1,ug,0.28,mg,,mg,22,ug,4.1,mg,30,mg,,,0.7,mg,4,ug,340,mg,30,mg,50,mg,202,mg,30,ug,2,mg
2333,"Dorada, plancha","Gilt-head bream, griddle",,A0717 A0727 A0747 A0802 A1265 A1285 B2858 C0243 E0150 F0014 G0008 H0001 J0142 K0003 M0172 N0036 P0026 R0212 Z0153,,,,,,,,,,,1.000000,BEDCA2,0,g,388.9,kJ,2.7,g,17,g,80.3,g,0,g,0,g,,,,,,,42,mg,,,,,,,,,,,,,,,,,,,,,0.8,g,0.5,g,0.5,g,,,,,0,ug,5,mg,,,0.08,mg,0.05,mg,85,ug,2,ug,0.16,mg,0,mg,0,ug,1.25,mg,184,mg,,,0.9,mg,0,ug,300,mg,25,mg,73,mg,180,mg,0,ug,0.5,mg
2334,"Faneca, cruda","Pout, raw",Trisopterus luscus linnaeus,A0717 A0727 A0747 A0802 A1265 A1285 B3362 C0243 E0150 F0003 G0003 H0003 J0142 K0003 M0172 N0036 P0026 R0212 Z0153,,,,,,,,,,,0.600000,BEDCA2,0,g,315.8,kJ,1,g,15.4,g,82.6,g,1,g,0,g,,,,,,,48,mg,,,,,,,,,,,,,,,,,,,,,0.18,g,0.27,g,0.25,g,,,,,10.4,ug,5,mg,,,0.08,mg,0.06,mg,9,ug,2.9,ug,0.05,mg,0,mg,0.19,ug,1.5,mg,30,mg,,,0.8,mg,7,ug,316,mg,25,mg,141,mg,210,mg,45,ug,0.5,mg
2335,"Fletan, crudo","Halibut, raw",,A0717 A0727 A0747 A0802 A1265 A1285 B3362 C0243 E0150 F0003 G0003 H0003 J0142 K0003 M0172 N0036 P0024 R0212 Z0153,,,,,,,,,,,0.800000,BEDCA2,0,g,354.117,kJ,1.3,g,17.501,g,80.7,g,0.5,g,0,g,,,,,,,56.6,mg,,,,,,,,,,,,,,,,,,,,,0.3,g,0.5,g,0.2,g,,,,,9.26,ug,6.28,mg,,,0.09,mg,0.08,mg,20,ug,0.95,ug,0.6,mg,0,mg,,ug,1.05,mg,33.4,mg,,,0.55,mg,16.14,ug,309,mg,28.3,mg,100,mg,195,mg,24,ug,0.48,mg
2336,Gallo,Fourspotted megrim,Lepidorhombus boscii,A0717 A0727 A0802 A1144 A1285 B2710 C0275 E0150 F0003 G0003 H0003 J0142 K0003 M0166 M0173 N0036 N0039 P0024 R0001 Z0215,A02AR,7,A026T,"Fish, seafood, amphibians, reptiles and invertebrates",15,A026V,Fish,,,,0.560000,BEDCA2,0,g,338.9,kJ,1.9,g,15.8,g,82.3,g,0,g,0,g,0,g,,,0,g,62.2,mg,,,0.057,g,0.304,g,0.14,g,0.272,g,0.027,g,0.014,g,0.027,g,0.09,g,0.205,g,0.39,g,0.61,g,0.33,g,,,,,11.2,ug,3.7,mg,,,0.1,mg,0.08,mg,,ug,1.1,ug,0.38,mg,,mg,,ug,,mg,33.6,mg,,,0.96,mg,16,ug,250,mg,42.1,mg,150,mg,260,mg,24,ug,0.4,mg
2337,"Gamba, hervida","Shrimp, boiled",,A0717 A0727 A0802 A1124 A1265 A1285 B2486 C0173 E0150 F0014 G0014 H0001 J0003 K0003 M0003 N0003 P0024 Z0109 Z0153,,,,,,,,,,,1.000000,BEDCA2,0,g,399.53,kJ,1.71,g,19.78,g,70,g,0,g,0,g,,,,,,,81,mg,,,,,,,,,,,,,,,,,,,,,0.5,g,0.4,g,0.4,g,,,,,0,ug,3.96,mg,,,0.14,mg,0.02,mg,0,ug,0,ug,0.06,mg,0,mg,0,ug,0,mg,142,mg,,,0.99,mg,25.2,ug,227.5,mg,38.85,mg,914.25,mg,323.75,mg,16.2,ug,1.44,mg
2338,Caviar,Caviar,,A0717 A0727 A0748 A0802 A1265 A1285 B2251 C0202 E0150 F0003 G0003 H0003 J0142 K0003 M0001 N0001 R0212 Z0153,,,,,,,,,,,1.000000,BEDCA2,0,g,1148.5,kJ,17.9,g,24.6,g,47.5,g,4,g,0,g,,,,,,,588,mg,,,,,,,,,,,,,,,,,,,,,4.631,g,7.405,g,4.06,g,,,,,30,ug,0.12,mg,,,0.62,mg,0.19,mg,271.5,ug,20,ug,0.32,mg,0,mg,35.1,ug,1.89,mg,275,mg,,,11.88,mg,,ug,181,mg,300,mg,1500,mg,356,mg,65.5,ug,0.95,mg
2339,Langosta,Lobster,Palinurus elephas,A0717 A0727 A0802 A1152 A1265 A1285 B1505 C0173 E0150 F0003 G0003 H0003 J0142 K0003 M0003 N0003 P0188 R0001,A02FP,7,A026T,"Fish, seafood, amphibians, reptiles and invertebrates",14,A02FD,Crustaceans,,,,0.380000,BEDCA2,0,g,380,kJ,2,g,18,g,79.7,g,0,g,0,g,0,g,,,,,150,mg,,,,,,,,,,,,,,,,,,,,,0.38,g,0.74,g,0.24,g,,,,,17,ug,5.3,mg,,,0.11,mg,0.12,mg,,ug,1,ug,0.06,mg,,mg,,ug,1.5,mg,60,mg,,,0.7,mg,37,ug,220,mg,34,mg,270,mg,261,mg,46.2,ug,2.3,mg
2340,Langostino,"Prawn, raw",,A0717 A0727 A0803 A1148 A1265 A1285 B2486 C0173 E0150 F0003 G0003 H0003 J0003 K0004 M0213 N0036 N0046 P0024 R0001 Z0215,A02FX,7,A026T,"Fish, seafood, amphibians, reptiles and invertebrates",14,A02FD,Crustaceans,,,,0.470000,BEDCA2,0,g,468.2,kJ,0.8,g,24.3,g,73.4,g,1.5,g,0,g,,,,,,,185,mg,,,,,,,,,,,,,,,,,,,,,0.1,g,0.2,g,0.2,g,,,,,2,ug,3.2,mg,,,0.02,mg,0.02,mg,18,ug,1.9,ug,0.06,mg,0,mg,18,ug,1.5,mg,115,mg,,,3.3,mg,90,ug,221,mg,69,mg,305,mg,215,mg,24.3,ug,1.1,mg
2341,Lenguado,Sole,Solea vulgaris,A0717 A0727 A0802 A1144 A1265 A1285 B1511 C0275 E0150 F0003 G0003 H0003 J0142 K0003 M0166 M0173 N0036 N0039 P0024 R0001 Z0215,A02BF,7,A026T,"Fish, seafood, amphibians, reptiles and invertebrates",15,A026V,Fish,,,,0.550000,BEDCA2,0,g,328.6,kJ,1.3,g,16.5,g,82.2,g,0,g,0,g,0,g,,,,,60,mg,,,0.18,g,0.54,g,0.13,g,0.37,g,0.15,g,0.02,g,0.07,g,0.193,g,0.542,g,0.27,g,0.43,g,0.18,g,,,,,11,ug,5.5,mg,,,0.12,mg,0.1,mg,,ug,1,ug,0.43,mg,,mg,,ug,1.1,mg,30,mg,,,0.7,mg,30,ug,230,mg,29,mg,100,mg,260,mg,44,ug,0.4,mg
2342,"Lenguado, frito","Sole, fried",,A0717 A0727 A0747 A0802 A1265 A1285 B1881 C0243 E0150 F0014 G0035 H0001 J0142 K0003 M0172 N0036 P0026 R0212 Z0153,,,,,,,,,,,1.000000,BEDCA2,0,g,385.7,kJ,2.2,g,17.9,g,79.5,g,0,g,0,g,,,,,,,42,mg,,,,,,,,,,,,,,,,,,,,,0.6,g,0.5,g,0.3,g,,,,,10,ug,6.5,mg,,,0.1,mg,0.26,mg,0,ug,2,ug,0.39,mg,0,mg,0,ug,0,mg,51,mg,,,0.3,mg,28,ug,280,mg,22,mg,120,mg,180,mg,36,ug,0.5,mg
2343,"Lenguado, plancha","Sole, griddle",,A0717 A0727 A0747 A0802 A1265 A1285 B1881 C0243 E0150 F0014 G0008 H0001 J0142 K0003 M0172 N0036 P0026 R0212 Z0153,,,,,,,,,,,1.000000,BEDCA2,0,g,564,kJ,7.97,g,15.36,g,76.2,g,0.47,g,0,g,,,,,,,61.16,mg,,,,,,,,,,,,,,,,,,,,,3.7,g,0.88,g,1.79,g,,,,,10.23,ug,5.12,mg,,,0.11,mg,0.09,mg,19.26,ug,0.93,ug,0.4,mg,0,mg,0.02,ug,0.28,mg,28.26,mg,,,0.66,mg,27.91,ug,214.42,mg,27.02,mg,93.26,mg,242.21,mg,0,ug,0.38,mg
2344,Lubina,Seabass,Dicentrarchus labrax,A0717 A0727 A0802 A1144 A1265 A1285 B1524 C0275 E0150 F0003 G0003 H0003 J0142 M0166 M0173 N0036 N0039 P0024 R0001 Z0215,A029T,7,A026T,"Fish, seafood, amphibians, reptiles and invertebrates",15,A026V,Fish,,,,0.670000,BEDCA2,0,g,354.1,kJ,1.3,g,18,g,80.7,g,0,g,0,g,0,g,,,,,68,mg,0.004,g,0.16,g,0.68,g,0.16,g,0.8,g,0.52,g,0.1,g,0.02,g,0.263,g,0.461,g,0.48,g,0.36,g,0.27,g,,,,,3,ug,6.7,mg,,,0.16,mg,0.11,mg,,ug,4,ug,0.2,mg,,mg,,ug,0.5,mg,20,mg,,,1.1,mg,7,ug,340,mg,26,mg,69,mg,410,mg,36.5,ug,0.8,mg
2345,Mejillon,Mussel,Mytilus galloprovincialis,A0717 A0727 A0803 A1129 A1265 A1285 B1331 C0173 E0150 F0003 G0003 H0003 J0142 K0004 M0128 M0166 M0173 M0213 N0036 N0039 N0046 P0024 R0001 Z0215,,,,,,,,,,,0.250000,BEDCA2,0,g,253.9,kJ,1.9,g,10.8,g,87.3,g,0,g,0,g,0,g,,,,,58,mg,,,0.11,g,0.51,g,0.13,g,0.06,g,0.04,g,0.03,g,0.05,g,0.71,g,0.7,g,0.35,g,0.52,g,0.41,g,,,,,33,ug,3,mg,,,0.14,mg,0.1,mg,,ug,8,ug,0.08,mg,,mg,,ug,0.9,mg,80,mg,,,4.5,mg,35,ug,92,mg,23,mg,210,mg,236,mg,56,ug,1.8,mg
2346,"Mejillón, en escabeche","Mussel, pickled",,A0717 A0727 A0802 A1124 A1265 A1285 B1223 C0173 E0150 F0014 G0013 H0001 J0123 J0149 K0003 M0182 N0042 P0024 Z0112 Z0153,,,,,,,,,,,1.000000,BEDCA2,0,g,699.9,kJ,14,g,10.7,g,77.3,g,0,g,0,g,,,,,,,61.9,mg,,,,,,,,,,,,,,,,,,,,,2.77,g,8.52,g,2.76,g,,,,,13,ug,3.2,mg,,,0.13,mg,0.1,mg,53.1,ug,7.7,ug,0.06,mg,0,mg,0,ug,1.33,mg,45.3,mg,,,3.7,mg,31,ug,0,mg,20.4,mg,0,mg,0,mg,0,ug,1.6,mg
2347,Merluza fresca,"Hake, raw",Merluccius merluccius,A0717 A0727 A0747 A0802 A1146 A1285 B1291 C0103 E0104 F0003 G0003 H0001 J0142 K0003 M0003 N0039 P0024 R0001 Z0056,,,,,,,,,,,0.800000,BEDCA2,0,g,269.41,kJ,1.8,g,11.93,g,86.3,g,0,g,0,g,,,,,,,67,mg,0.001,g,0.04,g,0.186,g,0.058,g,0.097,g,0.016,g,0.008,g,0.025,g,0.1,g,0.266,g,0.43,g,0.46,g,0.35,g,,,,,12.3,ug,8.53,mg,,,0.09,mg,0.09,mg,,ug,1.1,ug,0.16,mg,0,mg,,ug,0.35,mg,33.1,mg,,,1.1,mg,27,ug,294,mg,25.1,mg,101,mg,142,mg,36,ug,0.37,mg
2348,"Merluza, rebozada, frita","Hake, coat in batter, deep fried",,A0717 A0727 A0747 A0802 A1265 A1285 B1291 C0243 E0150 F0014 G0035 H0152 H0186 J0142 K0003 M0159 N0039 P0024 R0212 Z0109 Z0153,,,,,,,,,,,1.000000,BEDCA2,0,g,621.62,kJ,10.29,g,10.65,g,75.39,g,3.52,g,0.15,g,,,,,,,78.83,mg,,,,,,,,,,,,,,,,,,,,,5.71,g,1.31,g,1.51,g,,,,,13.68,ug,5.02,mg,,,0.1,mg,0.08,mg,13.74,ug,1.01,ug,0.15,mg,0.5,mg,0.11,ug,0.81,mg,30.85,mg,,,1.07,mg,15.8,ug,233.43,mg,22,mg,89.27,mg,170.56,mg,,ug,0.42,mg
2349,"Mero, plancha","Grouper, griddle", epinephelus spp.,A0717 A0727 A0747 A0802 A1265 A1285 B1496 C0243 E0150 F0014 G0008 H0001 J0142 K0003 M0172 N0036 P0026 R0212 Z0153,,,,,,,,,,,1.000000,BEDCA2,0,g,611.28,kJ,9.79,g,14.33,g,75.4,g,0.32,g,0.16,g,,,,,,,41.78,mg,,,,,,,,,,,,,,,,,,,,,4.38,g,2.92,g,1.38,g,,,,,12.06,ug,2.12,mg,,,0.13,mg,0.72,mg,7.56,ug,1.78,ug,0.29,mg,2.49,mg,0,ug,0.98,mg,16.08,mg,,,0.9,mg,,,245.11,mg,18.27,mg,71.87,mg,189.82,mg,56.5,ug,0.47,mg
2350,Nécora,Velvet crab,Necora puber,A0717 A0727 A0803 A1154 A1265 A1285 B2351 C0173 E0150 F0003 G0003 H0003 J0142 K0004 M0166 M0172 M0173 M0213 N0036 N0039 N0046 P0024 R0001 Z0215,A02FL,7,A026T,"Fish, seafood, amphibians, reptiles and invertebrates",14,A02FD,Crustaceans,,,,0.440000,BEDCA2,0,g,124,kcal,5.1,g,19.5,g,75.4,g,,,0,g,,,,,,,100,mg,,,,,,,,,,,,,,,,,,,,,1.13,g,2.18,g,0.69,g,,,,,20,ug,6.3,mg,,,0.15,mg,0.1,mg,,ug,,ug,0.3,mg,0,mg,,ug,2.3,mg,30,mg,,,1.3,mg,40,ug,270,mg,48,mg,370,mg,160,mg,37.4,ug,3.8,mg
2351,"Panga, cruda","Iridescent shark, raw",Pangasius hypophthalmus,A0717 A0727 A0747 A0802 A1265 A1285 B3361 C0243 E0150 F0003 G0003 H0003 J0142 K0003 M0172 N0036 P0024 R0212 Z0153,,,,,,,,,,,1.000000,BEDCA2,0,g,277.3,kJ,1.2,g,13.4,g,83.8,g,0.3,g,0,g,,,,,,,29.8,mg,,,,,,,,,,,,,,,,,,,,,0.44,g,0.17,g,0.47,g,,,,,,ug,0.35,mg,,,0.04,mg,0.04,mg,1.99,ug,0.3,ug,0.1,mg,0,mg,0.05,ug,0.16,mg,36.7,mg,,,0.21,mg,8,ug,200,mg,17.6,mg,274,mg,107,mg,9.6,ug,0.24,mg
2352,Percebe, goose barnacle ,Pollicipes pollicipes,A0717 A0727 A0803 A1154 A1265 A1285 B2127 C0173 E0150 F0003 G0003 H0003 J0142 K0004 M0128 M0166 M0173 M0213 N0036 N0039 N0046 P0024 R0001 Z0215,A02FK,7,A026T,"Fish, seafood, amphibians, reptiles and invertebrates",14,A02FD,Crustaceans,,,,0.150000,BEDCA2,0,g,249.7,kJ,0.5,g,13.6,g,85.9,g,0,g,0,g,0,g,,,,,14,mg,,,,,,,,,,,,,,,,,,,,,0.01,g,0.01,g,0.01,g,,,,,7,ug,3,mg,,,0.6,mg,0.3,mg,,ug,15,ug,0.22,mg,0,mg,,ug,0.85,mg,126,mg,,,0.3,mg,58,ug,330,mg,94,mg,18,mg,157,mg,28.8,ug,0.5,mg
2354,"Pescado, genérico",Fish,,A0717 A0727 A0747 A0802 A1265 A1285 B1021 C0243 E0150 F0003 G0003 H0003 J0142 K0003 M0001 N0001 R0212 Z0058 Z0153,,,,,,,,,,,1.000000,BEDCA2,0,g,400.9,kJ,1.6,g,20.1,g,74.43,g,0,g,0,g,,,,,,,53.6,mg,,,,,,,,,,,,,,,,,,,,,0.71,g,1.27,g,3.69,g,,,,,11.67,ug,7.88,mg,,,0.16,mg,0.092,mg,22.75,ug,2.58,ug,0.57,mg,0,mg,7.73,ug,0.918,mg,23.2,mg,,,0.8,mg,40.4,ug,322.2,mg,28.2,mg,85.8,mg,220.4,mg,24.7,ug,0.5,mg
2356,"Pez espada, emperador, plancha","Swordfish, griddle",,A0717 A0727 A0747 A0802 A1265 A1285 B2859 C0243 E0150 F0014 G0008 H0001 J0142 K0003 M0172 N0036 P0026 R0212 Z0153,,,,,,,,,,,1.000000,BEDCA2,0,g,616.2,kJ,8.71,g,16.01,g,73.98,g,1.28,g,0.02,g,,,,,,,36.45,mg,,,,,,,,,,,,,,,,,,,,,4.14,g,1.3,g,1.57,g,,,,,2,ug,8.45,mg,,,0.05,mg,0.05,mg,43,ug,4.67,ug,0.48,mg,0.2,mg,0,ug,0.24,mg,20.02,mg,,,0.91,mg,0.56,ug,332.94,mg,54.5,mg,95.81,mg,475.57,mg,0,ug,0.4,mg
2357,"Pijota, cruda","Young hake, raw",Merluccius merluccius,A0717 A0727 A0747 A0802 A1265 A1285 B3362 C0243 E0150 F0003 G0003 H0003 J0142 K0003 M0001 N0001 R0212 Z0153,,,,,,,,,,,0.640000,BEDCA2,0,g,269.41,kJ,1.8,g,11.93,g,86.3,g,0,g,0,g,,,,,,,67,mg,,,,,,,,,,,,,,,,,,,,,0.43,g,0.46,g,0.35,g,,,,,12.3,ug,8.53,mg,,,0.09,mg,0.09,mg,,ug,1.1,ug,0.16,mg,0,mg,,ug,0.35,mg,33.1,mg,,,1.1,mg,27,ug,294,mg,25.1,mg,101,mg,142,mg,36,ug,0.37,mg
2359,"Acelga, en conserva","Swiss chard, canned",Beta vulgaris,A0152 A0455 A0629 A0678 A0705 A0731 A0826 B1175 C0200 E0152 F0014 G0001 H0148 H0367 H0430 H0491 J0123 K0017 M0194 N0001 P0024 R0212 R0497 Z0112 Z0205,,,,,,,,,,./foodimages/acelga.jpg,1.000000,BEDCA2,0,g,72.66,kJ,0.08,g,1.8,g,94.5,g,2.3,g,1.3,g,,,,,,,0,mg,,,,,,,,,,,,,,,,,,,,,0.016,g,0.028,g,0.012,g,,,,,10,ug,0.66,mg,,,0.09,mg,0.03,mg,227,ug,0,ug,0.09,mg,18,mg,0,ug,1.89,mg,80,mg,,,2.3,mg,14,ug,510,mg,86,mg,130,mg,33,mg,0.8,ug,0.2,mg
2360,"Acelgas, hervidas","Chard, boiled",,A0705 A0826 A1010 A1281 B1175 C0137 E0150 F0014 G0014 H0001 J0003 K0003 N0036 Z0154,,,,,,,,,,,1.000000,BEDCA2,0,g,121.02,kJ,0.39,g,1.9,g,92.3,g,4.37,g,0.8,g,,,,,,,0,mg,,,,,,,,,,,,,,,,,,,,,0.04,g,0.07,g,0.03,g,,,,,10,ug,0.58,mg,,,0.05,mg,0.05,mg,227,ug,,ug,0.08,mg,13.5,mg,,ug,0.03,mg,80,mg,,,2.63,mg,35,ug,275.5,mg,56.8,mg,108.75,mg,38,mg,0.79,ug,0.02,mg
2361,Ajo,Garlic,Allium sativum,A0825 A0987 A1281 B3486 C0290 E0107 F0003 G0003 H0003 J0003 K0003 M0157 N0045 Z0204,A00GZ,19,A00FJ,Vegetables and vegetable products,64,A04RB,"Bulb, stalk and stem vegetables",,,./foodimages/garlic-5_4.jpg,0.010000,BEDCA2,0,g,488.547,kJ,0.23,g,3.9375,g,70.4,g,24.3,g,1.2,g,,,,,,,0,mg,,,,,,,,,,,,,,,,,,,,,0.03,g,0.1,g,0.05,g,,,,,4.8,ug,0.27,mg,,,0.02,mg,0.16,mg,,ug,0,ug,0.32,mg,14,mg,0,ug,0.1,mg,17.8,mg,,,1.2,mg,4.7,ug,446,mg,24.1,mg,19,mg,134,mg,0.5,ug,1.1,mg
2362,"Ajo, frito","Garlic, fried",Allium sativum l.,A0825 A0987 A1281 B1233 C0290 E0107 F0014 G0035 H0003 J0003 K0003 M0157 N0045 Z0204,,,,,,,,,,./foodimages/Ajo-frito-dorado-y-crujiente-1.jpg,1.000000,BEDCA2,0,g,424.22,kJ,0.59,g,7.7,g,64.3,g,15.97,g,1.55,g,,,,,,,0,mg,,,,,,,,,,,,,,,,,,,,,0.03,g,0.3,g,0.1,g,,,,,3.25,ug,1.87,mg,,,0.03,mg,0.1,mg,0.29,ug,0,ug,0.29,mg,11.48,mg,0,ug,0.01,mg,18.62,mg,,,1.86,mg,2.94,ug,607.6,mg,24.5,mg,3.82,mg,166.6,mg,1.96,ug,0.98,mg
2363,Alcachofas en conserva,"Artichoke, canned",,A0705 A0731 A0825 A1006 A1227 A1281 B1466 C0237 E0150 F0014 G0014 H0148 H0367 H0491 J0110 K0017 M0175 M0204 N0042 P0024 R0001 Z0112,,,,,,,,,,,1.000000,BEDCA2,0,g,75.62,kJ,0.16,g,2.9,g,86.3,g,1.2,g,9.4,g,,,,,,,0,mg,,,,,,,,,,,,,,,,,,,,,0.005,g,0.068,g,0.037,g,,,,,47,ug,0.9,mg,,,0.04,mg,0.05,mg,15,ug,0,ug,0.09,mg,6,mg,0,ug,0.2,mg,44,mg,,,1,mg,0.4,ug,300,mg,27,mg,15,mg,50,mg,0.2,ug,0.1,mg
2364,Alcaparra,Caper,Capparis spinosa,A0705 A0731 A0860 A1006 A1227 A1281 B1247 C0140 E0150 F0003 G0003 H0003 J0003 K0003 M0130 N0040 P0024 Z0204,,,,,,,,,,./foodimages/alcaparras_.jpg,0.800000,BEDCA2,0,g,107.64,kJ,0.86,g,2.36,g,85.16,g,2.1,g,1.5,g,,,,,,,0,mg,,,,,,,,,,,,,,,,,,,,,0.063,g,0.304,g,0.233,g,,,,,23,ug,0.652,mg,,,0.139,mg,0.018,mg,13.8,ug,0,ug,0.023,mg,4.3,mg,0,ug,0.88,mg,40,mg,,,1.67,mg,,ug,40,mg,33,mg,2964,mg,10,mg,1.2,ug,0.32,mg
2365,Zumo de uva,Grape juice,,A0708 A0732 A0834 A0992 A1221 A1279 B1329 C0137 E0123 F0018 G0003 H0136 J0135 K0003 M0172 N0036 P0026 Z0154,,,,,,,,,,,1.000000,BEDCA2,,,,,,,,,,,,,,,,,0.03,g,,,,,,,,,,,,,,,,,,,,,,,,,,,,,,,,,,,,,,,,,,,,,,,,,,,,,,,,,,,,,,,,,,,,,,,,,,,,
2366,"Apio, crudo","Celery, raw",Apium graveolens,A0705 A0826 A1010 A1281 B1282 C0137 E0150 F0003 G0003 H0003 J0003 K0003 N0036 Z0154,,,,,,,,,,./foodimages/ca-c-leri_4.jpg,0.860000,BEDCA2,0,g,44.5,kJ,0.1,g,0.9,g,94.4,g,1.5,g,2,g,,,,,,,0,mg,,,,,,,,,,,,,,,,,,,,,,g,,g,,g,,,,,18,ug,0.4,mg,,,0.04,mg,0.05,mg,95,ug,,ug,0.1,mg,8,mg,,ug,0.2,mg,52,mg,,,0.5,mg,0,ug,305,mg,14,mg,110,mg,32,mg,0.4,ug,0.1,mg
2368,Arandano,Bilberry,Vaccinium myrtillus,A0707 A0732 A0833 A0992 A1221 A1279 B2013 C0155 E0150 F0003 G0003 H0003 J0003 K0003 M0001 N0003 P0188 Z0204,,,,,,,,,,./foodimages/857086152_e8b8d3cdf9.jpg,0.990000,BEDCA2,0,g,135.675,kJ,0.6,g,0.625,g,87.8,g,6.05,g,4.9,g,,,0.032,g,,,0,mg,,,,,,,,,,,,,,,,,,,,,,g,,g,,g,,,,,10,ug,0.09,mg,,,0.02,mg,0.02,mg,5.7,ug,0,ug,0.06,mg,22,mg,0,ug,1.921,mg,10,mg,,,0.74,mg,1,ug,78,mg,2.4,mg,1,mg,13,mg,0.1,ug,0.131,mg
2369,"Bambú, crudo","Bamboo, raw",Bambusa vulgaris,A0455 A0705 A0731 A0826 A1010 A1228 A1281 B1271 C0101 E0150 F0003 G0003 H0003 J0003 K0003 M0001 N0001 P0024 R0345 Z0204,,,,,,,,,,./foodimages/Canned_bamboo_shoots.jpg,0.710000,BEDCA2,0,g,143.7,kJ,0.3,g,2.6,g,91,g,5.2,g,2.2,g,,,,,,,0,mg,,,,,,,,,,,,,,,,,,,,,0.007,g,0.134,g,0.069,g,,,,,7,ug,0.6,mg,,,0.07,mg,0.15,mg,6,ug,0,ug,0.24,mg,4,mg,0,ug,1,mg,13,mg,,,0.5,mg,,ug,533,mg,3,mg,4,mg,59,mg,0.8,ug,1.1,mg
2370,Berenjena,Aubergine,Solanum melongena,A0705 A0826 A1010 A1281 B1458 C0137 E0150 F0003 G0003 H0003 J0003 K0003 N0036 Z0154,A00JD,19,A00FJ,Vegetables and vegetable products,65,A00HN,Fruiting vegetables,,,./foodimages/Berenjena_ecologica.jpg,0.700000,BEDCA2,0,g,83.9,kJ,0.2,g,0.7,g,92.2,g,3.8,g,2.4,g,,,0.147,g,,,0,mg,,,,,,,,,,,,,,,,,,,,,,g,0.09,g,,g,,,,,19,ug,0.6,mg,,,0.03,mg,0.04,mg,8,ug,0,ug,0.1,mg,4,mg,0,ug,0.03,mg,10,mg,,,0.3,mg,0,ug,262,mg,13,mg,3,mg,21,mg,0.4,ug,0.1,mg
2371,Borraja,Borage,Borrago officinalis,A0705 A0731 A0826 A1010 A1232 A1281 B3358 C0200 E0150 F0003 H0003 J0003 K0003 M0003 N0003 P0024 R0212 Z0204,A00VY,19,A00FJ,Vegetables and vegetable products,62,A00VQ,"Aromatic herbs or flowers, fresh",,,./foodimages/borraja.jpg,0.800000,BEDCA2,0,g,108.52,kJ,0.7,g,1.8,g,94.4,g,3.06,g,,g,,,,,,,0,mg,,,,,,,,,,,,,,,,,,,,,0.211,g,0.109,g,0.17,g,,,,,13,ug,,mg,,,0.15,mg,0.06,mg,210,ug,0,ug,0.084,mg,35,mg,13,ug,,mg,93,mg,,,3.3,mg,,ug,470,mg,52,mg,80,mg,53,mg,0.9,ug,0.2,mg
2372,"Brécol, hervido","Broccoli, boiled",Brassica oleracea var. italica.,A0152 A0705 A0731 A0825 A1010 A1227 B1443 C0150 E0150 F0014 G0014 H0001 J0003 K0003 M0001 N0001 P0024 Z0154,,,,,,,,,,./foodimages/111810805_0802970b8d.jpg,1.000000,BEDCA2,0,g,101,kJ,0.8,g,3.1,g,91.1,g,1.1,g,0.65,g,,,0.3,g,,,0,mg,,,,,,,,,,,,,,,,,,,,,0.1,g,0.4,g,0.2,g,,,,,64,ug,1.3,mg,,,0.05,mg,0.05,mg,75,ug,0,ug,0.11,mg,44,mg,0,ug,1.1,mg,40,mg,,,1,mg,2,ug,170,mg,13,mg,13,mg,57,mg,0,ug,0.4,mg
2374,"Pulpo, hervido","Octopus, boiled",,A0717 A0727 A0802 A1124 A1265 A1285 B1514 C0173 E0150 F0014 G0014 H0001 J0003 K0003 M0003 N0003 P0024 Z0153,,,,,,,,,,,1.000000,BEDCA2,0,g,287.09,kJ,0.95,g,13.39,g,86.9,g,1.43,g,0,g,,,,,,,,mg,,,,,,,,,,,,,,,,,,,,,,g,,g,,g,,,,,0,ug,2.89,mg,,,0.03,mg,0.06,mg,56,ug,0,ug,0,mg,0,mg,0,ug,0,mg,30.4,mg,,,1.53,mg,0,ug,215.25,mg,30.53,mg,25.3,mg,204.43,mg,0,ug,0,mg
2376,Calabacín,Courgette,Cucurbita pepo,A0705 A0826 A1010 A1281 B1006 C0137 E0150 F0003 G0003 H0003 J0003 K0003 N0036 Z0204,A00JT,19,A00FJ,Vegetables and vegetable products,65,A00HN,Fruiting vegetables,,,,1.000000,BEDCA2,0,g,72,kJ,0.2,g,1.8,g,94.6,g,2,g,1,g,,,,,,,0,mg,,,,,,,,,,,,,,,,,,,,,0.02,g,0.09,g,0.04,g,,,,,50,ug,0.56,mg,,,0.04,mg,0.05,mg,4,ug,0,ug,0.11,mg,20,mg,0,ug,,mg,19,mg,,,0.4,mg,1,ug,230,mg,18,mg,3,mg,31,mg,0.2,ug,0.3,mg
2377,"Calabacín, asado","Courgette, roasted",,A0705 A0826 A1010 A1281 B1462 C0137 E0150 F0014 G0005 H0001 J0003 K0003 M0001 N0001 Z0204,,,,,,,,,,,1.000000,BEDCA2,0,g,74.27,kJ,0.39,g,1.76,g,93.7,g,1.76,g,1.6,g,,,,,,,0,mg,,,,,,,,,,,,,,,,,,,,,0.1,g,0.2,g,0.1,g,,,,,35.1,ug,0.5,mg,,,0.02,mg,0.1,mg,5,ug,0,ug,0.12,mg,14.18,mg,0,ug,0.06,mg,25.5,mg,,,0.78,mg,1.99,ug,352.8,mg,21.56,mg,0.98,mg,44.1,mg,0.98,ug,0.29,mg
2378,"Calabaza, cruda","Pumpkin, raw",Cucurbita pepo,A0705 A0826 A1010 A1281 B1719 C0137 E0150 F0003 G0003 H0003 J0003 K0003 N0036 Z0154,,,,,,,,,,,0.700000,BEDCA2,0,g,134.1,kJ,0.5,g,1.2,g,89.4,g,5.6,g,2.4,g,,,,,,,0,mg,,,,,,,,,,,,,,,,,,,,,0.07,g,,g,0.26,g,,,,,25,ug,0.1,mg,,,0.07,mg,,mg,34,ug,0,ug,0.1,mg,12,mg,0,ug,0.1,mg,18,mg,,,0.4,mg,1,ug,304,mg,10,mg,1,mg,30,mg,0,ug,0.2,mg
2379,Canonigos,Lamb's lettuce,Valerianella locusta,A0705 A0731 A0825 A0987 A1227 A1281 B1754 C0150 E0150 F0003 G0003 H0003 J0003 K0003 M0172 N0036 P0188 R0212 Z0154,A00KT,19,A00FJ,Vegetables and vegetable products,67,A00KR,Leafy vegetables,,,,0.570000,BEDCA2,0,g,57.3,kJ,0.4,g,1.8,g,95.6,g,0.7,g,1.5,g,,,,,,,0,mg,,,,,,,,,,,,,,,,,,,,,,g,,g,,g,,,,,0,ug,0.38,mg,,,0.08,mg,0.065,mg,442,ug,0,ug,0.25,mg,35,mg,0,ug,1,mg,35,mg,,,2,mg,33.5,ug,421,mg,13,mg,4,mg,49,mg,,ug,0.54,mg
2380,Cardo,Cardoon,Cynara cardunculus,A0705 A0731 A0825 A1010 A1228 A1281 B1727 C0148 E0150 F0003 G0003 H0398 J0003 K0003 M0166 M0213 N0036 P0024 Z0215,,,,,,,,,,,0.800000,BEDCA2,0,g,90.7,kJ,0.2,g,1.4,g,93.9,g,3.5,g,1,g,0.5,g,,,,,0,mg,,,,,,,,,,,,,,,,,,,,,,g,,g,,g,,,,,34,ug,0.2,mg,,,0.03,mg,0.01,mg,,ug,0,ug,0.05,mg,1,mg,0,ug,0.9,mg,70,mg,,,1.5,mg,1,ug,392,mg,32,mg,220,mg,46,mg,0.7,ug,0.2,mg
2381,Cebolla,Onion,Allium cepa,A0705 A0825 A0987 A1281 B1300 C0290 E0150 F0003 G0003 H0003 J0003 K0003 M0157 N0045 P0026 Z0204,A00HC,19,A00FJ,Vegetables and vegetable products,64,A04RB,"Bulb, stalk and stem vegetables",,,,1.000000,BEDCA2,0,g,109.225,kJ,,g,1.125,g,91.8,g,5.3,g,1.8,g,,,1.38,g,,,0,mg,,,,,,,,,,,,,,,,,,,,,,g,,g,,g,,,,,7,ug,0.4,mg,,,0.03,mg,0.03,mg,0,ug,0,ug,0.13,mg,6.9,mg,0,ug,0.45,mg,25.4,mg,,,0.27,mg,8.9,ug,162,mg,4.2,mg,3,mg,33,mg,1.5,ug,0.26,mg
2382,"Cebolla, asada","Onion, roasted",,A0705 A0825 A0987 A1281 B1300 C0290 E0150 F0014 G0046 H0001 J0003 K0003 M0157 N0045 P0024 Z0204,,,,,,,,,,,1.000000,BEDCA2,0,g,158.87,kJ,0.2,g,1.17,g,89,g,7.74,g,1.45,g,,,,,,,0,mg,,,,,,,,,,,,,,,,,,,,,,g,0.1,g,0.09,g,,,,,11.48,ug,0.83,mg,,,0.02,mg,0.1,mg,1.54,ug,0,ug,0.16,mg,3.38,mg,0,ug,0.3,mg,24.5,mg,,,0.29,mg,2.94,ug,156.8,mg,3.92,mg,2.94,mg,29.4,mg,0.98,ug,0.2,mg
2383,"Cebolla, hervida","Onion, boiled",,A0705 A0825 A0987 A1281 B1300 C0290 E0150 F0014 G0014 H0003 J0003 K0003 M0001 N0001 P0024 Z0109 Z0204,,,,,,,,,,,1.000000,BEDCA2,0,g,76.8,kJ,0.1,g,0.6,g,92.6,g,3.7,g,0.7,g,,,,,,,0,mg,,,,,,,,,,,,,,,,,,,,,,g,,g,,g,,,,,9,ug,0.4,mg,,,0,mg,0.09,mg,0.83,ug,0,ug,0.12,mg,3,mg,0,ug,0.15,mg,19,mg,,,0.3,mg,1,ug,90,mg,3,mg,2,mg,16,mg,0,ug,0.2,mg
2384,Champiñon,Mushroom (champignon),,A0705 A0731 A0825 A1010 A1235 A1281 B2937 C0296 E0150 F0003 G0003 H0003 J0131 K0004 M0128 M0177 M0391 N0035 N0036 P0024 R0001 Z0215,A00TQ,19,A00FJ,Vegetables and vegetable products,66,A00TC,Fungi,,,,0.800000,BEDCA2,0,g,109.7,kJ,0.3,g,1.8,g,91.4,g,4,g,2.5,g,,g,,,,,0,mg,,,,,,,,,,,,,,,,,,,,,,g,0.17,g,0.07,g,,,,,23,ug,4.6,mg,,,0.41,mg,0.1,mg,0,ug,0,ug,0.1,mg,4,mg,0,ug,0.12,mg,9,mg,,,1,mg,3,ug,470,mg,14,mg,5,mg,115,mg,9,ug,0.1,mg
2385,Champiñones en conserva,"Mushrooms, canned",,A0705 A0731 A0825 A1006 A1235 A1281 B2937 C0296 E0150 F0014 G0003 H0148 H0367 H0430 H0491 J0004 K0017 M0175 M0204 N0042 P0024 R0001 Z0112,,,,,,,,,,,1.000000,BEDCA2,0,g,57.94,kJ,0.5,g,2.25,g,95.7,g,0.07,g,1.5,g,,g,,,0.1,g,0,mg,,,,,,,,,,,,,,,,,,,,,0.07,g,0.17,g,0.12,g,,,,,23,ug,1.2,mg,,,0.19,mg,0.02,mg,0,ug,0,ug,0.06,mg,1.7,mg,0,ug,0.1,mg,19,mg,,,0.8,mg,2,ug,121,mg,15,mg,319,mg,69,mg,8.8,ug,0.1,mg
2386,"Col blanca, cruda","Cabbage, white, raw",odocoileus,A0152 A0455 A0629 A0675 A0705 A0731 A0826 B1406 C0151 E0150 F0003 G0003 H0003 J0001 K0001 M0001 N0001 P0024 R0212 R0497 Z0112 Z0205,,,,,,,,,,,1.000000,BEDCA2,0,g,149.58,kJ,0.9,g,4.3,g,88.1,g,2.54,g,4.2,g,,,0.251,g,,,0,mg,,,,,,,,,,,,,,,,,,,,,0.017,g,0.4899,g,0.105,g,,,,,77,ug,2.07,mg,,,0.25,mg,0.1,mg,4,ug,0,ug,0.25,mg,37.4,mg,0,ug,1.7,mg,57,mg,,,1.9,mg,4.5,ug,270,mg,31,mg,35,mg,87,mg,1.4,ug,0.33,mg
2387,"Coliflor, hervida","Cauliflower, boiled",,A0152 A0705 A0731 A0825 A1010 A1227 B1094 C0150 E0150 F0014 G0014 H0003 J0003 K0003 M0001 N0001 P0024 Z0154,,,,,,,,,,,1.000000,BEDCA2,0,g,113.79,kJ,0.87,g,2.76,g,90.6,g,2.04,g,1.6,g,,,,,,,0,mg,,,,,,,,,,,,,,,,,,,,,0.1,g,0.5,g,0.2,g,,,,,35.7,ug,0.91,mg,,,0.03,mg,0.05,mg,1,ug,0,ug,0.12,mg,18.23,mg,0,ug,0.1,mg,16.15,mg,,,0.35,mg,0,ug,87,mg,9.6,mg,2.9,mg,49.4,mg,0,ug,0.35,mg
2388,Endibia,Endive,Achicoria de bruselas,A0705 A0731 A0825 A1010 A1227 A1281 B1314 C0150 E0150 F0003 G0003 H0003 J0003 M0003 N0003 P0188 Z0204,,,,,,,,,,,0.830000,BEDCA2,0,g,38,kJ,0.2,g,1.1,g,93.8,g,0.7,g,1.9,g,,,0.125,g,,,0,mg,,,,,,,,,,,,,,,,,,,,,0.02,g,0.13,g,0.04,g,,,,,115,ug,0.31,mg,,,0.06,mg,0.06,mg,17,ug,0,ug,0.1,mg,10,mg,0,ug,1,mg,39,mg,,,0.6,mg,5.9,ug,205,mg,8,mg,4,mg,25,mg,2.8,ug,0.3,mg
2389,Ensalada,Salad,,A0731 A0826 A0987 A1281 B1006 C0165 E0108 F0003 G0003 H0001 J0003 K0003 M0001 N0001 R0212 Z0109,,,,,,,,,,,1.000000,BEDCA2,0,g,80.06,kJ,0.28,g,1.11,g,94.34,g,2.99,g,1.26,g,,,,,,,0,mg,,,,,,,,,,,,,,,,,,,,,0,g,0.18,g,0.06,g,,,,,25.9,ug,1.13,mg,,,0.05,mg,0.07,mg,46.87,ug,0,ug,0.1,mg,16,mg,0,ug,0.56,mg,20.55,mg,,,0.67,mg,2,ug,216,mg,7.23,mg,7,mg,26.8,mg,0.1,ug,0.19,mg
2390,Escarola,Escarole,Cichorium endivia,A0705 A0731 A0825 A1012 A1232 A1281 B1446 C0150 E0150 F0003 G0003 H0003 J0003 K0003 M0172 N0036 P0026 R0212 Z0154,,,,,,,,,,,0.640000,BEDCA2,0,g,51.6,kJ,0.2,g,1.6,g,93.8,g,1,g,2.6,g,,,0.0312,g,,,0,mg,,,,,,,,,,,,,,,,,,,,,0.01,g,0.1,g,0.05,g,,,,,110,ug,0.4,mg,,,0.09,mg,0.06,mg,73,ug,0,ug,0.1,mg,10,mg,0,ug,,mg,55,mg,,,1,mg,3,ug,327,mg,13,mg,14,mg,37,mg,1,ug,0.2,mg
2393,Esparragos blancos en conserva,"Asparagus, white, canned",,A0705 A0731 A0825 A1006 A1234 A1281 B1603 C0101 E0150 F0003 G0003 H0148 H0367 H0492 J0120 K0017 M0134 N0040 P0024 R0001 Z0112,,,,,,,,,,,1.000000,BEDCA2,0,g,101.2,kJ,0.3,g,1.9,g,93.4,g,3.4,g,1,g,,g,,,,,0,mg,,,,,,,,,,,,,,,,,,,,,0.01,g,0.14,g,0.07,g,,,,,30,ug,0.9,mg,,,0.1,mg,0.07,mg,65,ug,0,ug,0.03,mg,15,mg,0,ug,1.5,mg,19,mg,,,0.7,mg,,ug,160,mg,15,mg,236,mg,43,mg,1,ug,0.32,mg
2394,"Espinaca, en conserva","Spinach, canned",spinacia oleracea,A0152 A0455 A0629 A0678 A0705 A0731 A0826 B1420 C0200 E0111 F0014 G0014 H0148 H0367 J0123 K0017 M0001 N0001 P0024 R0212 R0497 Z0112 Z0205,,,,,,,,,,,1.000000,BEDCA2,0,g,61.04,kJ,0.4,g,2.2,g,90.6,g,0.52,g,6.3,g,,g,,,,,0,mg,,,,,,,,,,,,,,,,,,,,,0.02,g,0.18,g,0.03,g,,,,,140,ug,0.3,mg,,,0.06,mg,0.017,mg,550,ug,0,ug,0.07,mg,14,mg,0,ug,0.06,mg,85,mg,,,,mg,2,ug,213,mg,63,mg,170,mg,30,mg,1,ug,0.5,mg
2395,"Espinaca, hervida","Spinach, boiled",,A0731 A0825 A0987 A1281 B1420 C0150 E0150 F0014 G0014 H0001 J0003 K0032 M0186 N0036 Z0109 Z0204,,,,,,,,,,,1.000000,BEDCA2,0,g,91.74,kJ,0.49,g,2.39,g,93.14,g,1.94,g,1.84,g,,,,,,,0,mg,,,,,,,,,,,,,,,,,,,,,,g,,g,,g,,,,,105,ug,1.07,mg,,,0.18,mg,0.08,mg,771,ug,0,ug,0.17,mg,23.63,mg,0,ug,1.44,mg,119.7,mg,,,2.1,mg,8.75,ug,458.93,mg,46.4,mg,57,mg,52.25,mg,,ug,0.44,mg
2396,Grelo,Turnip greens,Brassica rapa,A0705 A0731 A0827 A1010 A1234 A1281 B1238 C0101 E0150 F0003 G0003 H0003 J0003 K0004 M0166 N0036 P0024 R0001 Z0215,,,,,,,,,,,0.810000,BEDCA2,0,g,47.6,kJ,0.2,g,2.7,g,93.1,g,0.1,g,3.9,g,,g,,,,,0,mg,,,,,,,,,,,,,,,,,,,,,0.04,g,0.1,g,0.05,g,,,,,110,ug,0.9,mg,,,0.2,mg,0.06,mg,1000,ug,0,ug,0.16,mg,40,mg,0,ug,1,mg,98,mg,,,3.1,mg,2,ug,78,mg,10,mg,7,mg,35,mg,0.8,ug,0.4,mg
2397,"Judia verde, hervida","Green bean, boiled",,A0705 A0731 A0826 A1010 A1227 A1281 B1371 C0155 E0150 F0014 G0014 H0001 J0003 K0003 M0001 N0001 P0024 R0212 Z0154,,,,,,,,,,,1.000000,BEDCA2,0,g,348.47,kJ,6.79,g,1.78,g,85.24,g,3.94,g,2.25,g,,,0.91,g,,,0,mg,,,,,,,,,,,,,,,,,,,,,3.98,g,0.85,g,0.86,g,,,,,58.41,ug,1.31,mg,,,0.09,mg,0.06,mg,46,ug,0,ug,0.21,mg,21.94,mg,0,ug,0.58,mg,48.47,mg,,,0.94,mg,3.75,ug,243.75,mg,20.81,mg,1.88,mg,41.25,mg,,ug,0.22,mg
2398,Judias verdes en conserva,"Green bean, canned",,A0705 A0731 A0825 A1006 A1227 A1281 B1371 C0262 E0150 F0014 G0003 H0148 H0367 J0123 K0017 M0134 M0175 N0040 N0042 P0024 R0001 Z0112,,,,,,,,,,,1.000000,BEDCA2,0,g,51.606,kJ,0.1,g,1.188,g,95.6,g,1.63,g,1.5,g,,,,,,,0,mg,,,,,,,,,,,,,,,,,,,,,0.004,g,0.052,g,0.023,g,,,,,13,ug,0.55,mg,,,0.04,mg,0.07,mg,33.3,ug,0,ug,0.03,mg,4.3,mg,0,ug,0.05,mg,34,mg,,,1.3,mg,1.4,ug,143,mg,20,mg,249,mg,24,mg,0.9,ug,0.2,mg
2399,Lechuga,Lettuce,Lactuca sativa,A0731 A0825 A0987 A1281 B3358 C0148 E0150 F0003 G0003 H0003 J0003 K0032 M0186 N0036 Z0204,A00KX,19,A00FJ,Vegetables and vegetable products,67,A00KR,Leafy vegetables,,,,1.000000,BEDCA2,0,g,65.125,kJ,0.6,g,1.125,g,95.2,g,1.4,g,1.5,g,,,0.021,g,,,0,mg,,,,,,,,,,,,,,,,,,,,,,g,0.37,g,0.12,g,,,,,33.6,ug,0.6,mg,,,0.07,mg,0.06,mg,8,ug,0,ug,0.06,mg,12.2,mg,0,ug,0.51,mg,34.7,mg,,,1,mg,3,ug,220,mg,8.7,mg,3,mg,28,mg,1,ug,0.23,mg
2400,Lombarda,Lombard,,A0705 A0731 A0827 A1010 A1231 A1281 B2072 C0200 E0150 F0003 G0003 H0003 J0131 K0004 M0166 N0036 P0024 R0001 Z0215,A00GA,19,A00FJ,Vegetables and vegetable products,63,A00FK,Brassica vegetables,,,,0.810000,BEDCA2,0,g,92.7,kJ,0.18,g,1.5,g,92.3,g,3.5,g,2.5,g,0.1,g,,,,,0,mg,,,,,,,,,,,,,,,,,,,,,0.006,g,0.098,g,0.036,g,,,,,39,ug,0.6,mg,,,0.01,mg,0.02,mg,1,ug,0,ug,0.09,mg,55,mg,0,ug,0.2,mg,60,mg,,,0.4,mg,2,ug,250,mg,9,mg,8,mg,37,mg,1,ug,0.1,mg
2401,"Menestra de verduras, congelada","Vegetables, stewed, frozen",Apium graveolens var. dulce miller,A0152 A0455 A0629 A0650 A0705 A0731 A0825 B1613 C0240 E0100 F0001 G0003 H0166 H0212 J0136 K0003 M0001 N0001 P0024 R0212 R0497 Z0112 Z0205,,,,,,,,,,,1.000000,BEDCA2,0,g,186.8,kJ,0.5,g,3.3,g,89.6,g,6.6,g,4,g,3,g,,,,,0,mg,,,,,,,,,,,,,,,,,,,,,0.031,g,0.24,g,0.098,g,,,,,52,ug,1.3,mg,,,0.09,mg,0.12,mg,420,ug,0,ug,0.11,mg,13,mg,0,ug,0.3,mg,35,mg,,,0.8,mg,1,ug,130,mg,16,mg,96,mg,57,mg,1,ug,0.4,mg
2402,"Patata, asada","Potato, roast",,A0706 A0735 A0852 A1009 A1293 B1218 C0308 E0150 F0014 G0005 H0367 M0001 N0001 P0024 P0188 R0212 Z0109 Z0112,,,,,,,,,,,1.000000,BEDCA2,0,g,859.65,kJ,0.1,g,4.29,g,47.31,g,46.06,g,7.9,g,,,0.19,g,,,0,mg,,,,,,,,,,,,,,,,,,,,,0.002,g,0.043,g,0.026,g,,,,,22,ug,3.065,mg,,,0.106,mg,0.122,mg,1,ug,0,ug,0.614,mg,13.5,mg,0,ug,0.04,mg,34,mg,,,7.04,mg,2.6,ug,573,mg,0.616,mg,21,mg,101,mg,0.7,ug,0.49,mg
2403,"Patata, cruda","Potato, raw",Solanum tuberosum,A0706 A0731 A0829 A1010 A1228 A1281 B1218 C0308 E0150 F0003 G0001 H0003 J0003 K0003 M0001 N0003 P0024 R0212 Z0154,,,,,,,,,,,0.810000,BEDCA2,0,g,303.2,kJ,0.2,g,2.2,g,80.6,g,15.2,g,1.7,g,,,1.37,g,,,0,mg,,,,,,,,,,,,,,,,,,,,,,g,0.11,g,0.03,g,,,,,16,ug,1.15,mg,,,0.04,mg,0.1,mg,0,ug,0,ug,0.3,mg,19,mg,0,ug,0.06,mg,11,mg,,,0.7,mg,2.6,ug,525,mg,20,mg,15,mg,46,mg,1.5,ug,0.3,mg
2404,"Patata, hervida","Potato, boiled",,A0706 A0731 A0829 A1010 A1228 A1281 B1218 C0308 E0150 F0014 G0014 H0003 J0003 K0003 M0001 N0003 P0024 R0212 Z0154,,,,,,,,,,,1.000000,BEDCA2,0,g,313.4,kJ,0.2,g,2.38,g,79.39,g,15.62,g,1.8,g,,,0.18,g,,,0,mg,,,,,,,,,,,,,,,,,,,,,,g,0.11,g,0.05,g,,,,,8.33,ug,1.07,mg,,,0.03,mg,0.08,mg,0,ug,0,ug,0.19,mg,12.15,mg,0,ug,0.05,mg,6.84,mg,,,0.68,mg,3.5,ug,413.25,mg,15.92,mg,7.25,mg,47.5,mg,1.31,ug,0.24,mg
2405,"Patata, prefrita, congelada","Potato, prefried, frozen",Solanum tuberosum,A0152 A0731 A0829 B1218 C0240 E0115 F0018 G0001 H0263 J0136 K0003 M0001 N0001 P0024 Z0112 Z0205,,,,,,,,,,./foodimages/182_1.jpg,1.000000,BEDCA2,0,g,1126.63,kJ,13.5,g,4.1,g,46.1,g,32.79,g,3.5,g,,,,,,,0,mg,0.036,g,0.141,g,5.428,g,1.098,g,2.582,g,0.205,g,0.026,g,,,,,,,6.7,g,4.9,g,1.2,g,2.657,g,,,30,ug,3.1,mg,,,0.08,mg,0.16,mg,,ug,0,ug,0.46,mg,16,mg,0,ug,0.9,mg,15,mg,,,0.9,mg,7,ug,710,mg,33,mg,29,mg,120,mg,2,ug,0.6,mg
2406,Pepinillos en vinagre,Pickled gherkin,,A0731 A0826 A0987 A1281 B1404 C0137 E0150 F0014 G0003 H0101 J0104 K0003 M0210 N0040 R0212 Z0112 Z0204,A00JP,19,A00FJ,Vegetables and vegetable products,65,A00HN,Fruiting vegetables,,,,1.000000,BEDCA2,0,g,65.58,kJ,0.1,g,1.04,g,91.7,g,2.6,g,1.2,g,,,,,,,0,mg,,,,,,,,,,,,,,,,,,,,,0.002,g,0.04,g,0.03,g,,,,,6,ug,0.2,mg,,,0.022,mg,0.003,mg,13,ug,0,ug,0.38,mg,1,mg,0,ug,0.16,mg,30,mg,,,1.6,mg,0,ug,110,mg,11,mg,960,mg,30,mg,0,ug,0.3,mg
2407,Pepino,Cucumber,Cucumis sativus,A0731 A0826 A0987 A1281 B1404 C0137 E0150 F0003 G0003 H0003 J0003 K0003 M0186 N0036 Z0204,A00JM,19,A00FJ,Vegetables and vegetable products,65,A00HN,Fruiting vegetables,,,,1.000000,BEDCA2,0,g,49.6,kJ,0.1,g,0.7,g,95.7,g,2,g,0.8,g,,,,,,,0,mg,,,,,,,,,,,,,,,,,,,,,,g,,g,,g,,,,,13,ug,0.23,mg,,,0.02,mg,0.02,mg,2,ug,0,ug,0.04,mg,5,mg,0,ug,0.09,mg,19,mg,,,0.3,mg,0.3,ug,150,mg,12,mg,3,mg,23,mg,0.8,ug,0.1,mg
2408,"Pimiento morrón, en conserva","Sweet pepper, whole, canned",Capsicum annuum var. annuum,A0152 A0731 A0826 B1250 C0229 E0107 F0014 G0001 H0148 H0367 J0123 K0017 M0151 M0204 N0001 P0024 Z0112 Z0205,,,,,,,,,,,1.000000,BEDCA2,0,g,123.43,kJ,0.4,g,1.19,g,91.7,g,5.2,g,1.5,g,,,,,,,0,mg,,,,,,,,,,,,,,,,,,,,,0.013,g,0.2,g,0.1,g,,,,,11,ug,1.1,mg,,,0.03,mg,0.01,mg,375,ug,0,ug,0.31,mg,81,mg,0,ug,0.9,mg,9,mg,,,0.3,mg,0.4,ug,180,mg,14,mg,70,mg,26,mg,0.3,ug,0.2,mg
2409,"Pimiento rojo, crudo","Red pepper, raw",Capsicum frutescens,A0705 A0731 A0826 A1010 A1227 A1281 B1356 C0140 E0150 F0003 G0003 H0003 J0003 K0003 M0001 N0001 P0024 R0212 Z0154,,,,,,,,,,,0.830000,BEDCA2,0,g,120.8,kJ,0.6,g,1.3,g,92.2,g,4.5,g,1.8,g,,,0.1,g,,,0,mg,,,,,,,,,,,,,,,,,,,,,0.04,g,0.26,g,0.14,g,,,,,23,ug,0.1,mg,,,0.01,mg,0.04,mg,90,ug,0,ug,0.3,mg,152,mg,0,ug,0.86,mg,9,mg,,,0.4,mg,0.78,ug,155,mg,8,mg,6,mg,15,mg,0.1,ug,0.1,mg
2410,"Pimiento, frito","Pepper, fried",,A0705 A0731 A0826 A1010 A1227 A1281 B1356 C0140 E0150 F0014 G0035 H0001 J0003 K0003 M0001 N0001 P0024 R0212 Z0154,,,,,,,,,,,1.000000,BEDCA2,0,g,84.07,kJ,0.2,g,0.88,g,93.8,g,3.63,g,1.4,g,,,,,,,0,mg,,,,,,,,,,,,,,,,,,,,,0.01,g,0.1,g,0.04,g,,,,,16.25,ug,0.77,mg,,,0.03,mg,0.04,mg,59.06,ug,0,ug,0.19,mg,88.43,mg,0,ug,0.78,mg,11.76,mg,,,0.49,mg,,ug,205.8,mg,13.23,mg,3.92,mg,24.5,mg,,ug,0.2,mg
2411,"Puerro, crudo y congelado","Leek, raw, frozen","Allium porrum, l.",A0152 A0455 A0629 A0650 A0705 A0731 A0826 B1308 C0100 E0150 F0003 G0003 H0003 J0136 K0001 M0001 N0001 P0024 R0212 R0497 Z0112 Z0205,,,,,,,,"Partimos de 3 kg de puerros procedentes de tres mercados de tres zonas de Madrid, Se pesan, se quita la parte no comestible y se vuelve a pesar. Lavar y secar. Mezclar, cortar y triturar. Se congela a -20º C durante 30 dias. Se descongela a 4º C en oscuridad durante 16 horas.",bulb,,0.350000,BEDCA2,0,g,101.2,kJ,0.3,g,1.6,g,90.5,g,3.7,g,2.8,g,,,,,,,0,mg,,,,,,,,,,,,,,,,,,,,,,g,0.2,g,,g,,,,,96,ug,0.4,mg,,,0.04,mg,0.07,mg,83,ug,0,ug,0.3,mg,18,mg,0,ug,0.73,mg,31,mg,,,0.9,mg,8.6,ug,256,mg,11,mg,12,mg,35,mg,0.76,ug,0.2,mg
2413,"Puré de patata, en copos","mashed potato, flakes",Solanum tuberosum,A0152 A0731 A0829 B1218 C0240 E0122 F0001 G0003 H0138 H0227 J0116 K0001 M0001 N0036 P0024 Z0109 Z0112 Z0205,,,,,,,,,,,1.000000,BEDCA2,0,g,1506.05,kJ,0.8,g,8.2,g,6.42,g,78.65,g,6.05,g,,,,,,,0,mg,,,,,,,,,,,,,,,,,,,,,0.02,g,0.472,g,0.15,g,,,,,24,ug,7.583,mg,,,0.14,mg,0.04,mg,0,ug,0,ug,0.18,mg,12,mg,0,ug,0.1,mg,89,mg,,,2.4,mg,2.6,ug,1290,mg,69,mg,138,mg,310,mg,26.3,ug,1.1,mg
2414,"Puré de patatas y champiñones, en copos","Mashed potatoes and mushrooms, flakes",,A0152 A0467 A0641 A0663 A0722 A0735 A0829 B1218 C0240 E0139 F0001 G0034 H0148 H0166 H0184 H0227 H0259 H0367 J0001 K0003 M0001 N0001 P0024 R0212 R0497 Z0109 Z0112 Z0205,,,,,,,,,,,1.000000,BEDCA2,0,g,1620,kJ,4.5,g,10.3,g,8.3,g,75.2,g,1.7,g,,,,,,,0,mg,,,,,,,,,,,,,,,,,,,,,,g,0.1,g,,g,,,0,ug,0,ug,4.7,mg,0.2,mg,0.17,mg,0.18,mg,3.1,ug,0.02,ug,0.02,mg,27,mg,0,ug,0,mg,45.5,mg,,,2.6,mg,1.8,ug,1885.9,mg,94.1,mg,1049.7,mg,161.6,mg,5.9,ug,1.2,mg
2415,Rábano,Radish,Raphanus sativus,A0705 A0731 A0826 A1010 A1227 A1281 B1315 C0305 E0150 F0003 G0003 H0003 J0003 K0003 M0001 N0001 P0024 R0212 Z0204,,,,,,,,,,,0.810000,BEDCA2,0,g,65.5,kJ,0.3,g,0.6,g,94.8,g,2.6,g,1.2,g,,,0.0464,g,,,0,mg,,,,,,,,,,,,,,,,,,,,,,g,,g,,g,,,,,50,ug,0.3,mg,,,0.04,mg,0.03,mg,2,ug,0,ug,0.1,mg,23,mg,0,ug,,mg,20,mg,,,0.8,mg,1.2,ug,243,mg,7,mg,12,mg,18,mg,2,ug,0.2,mg
2416,"Remolacha, en conserva","beetroot, canned",Beta vulgaris,A0152 A0731 A0826 B1309 C0240 E0151 F0014 G0014 H0148 H0367 J0123 K0010 M0194 M0210 N0001 P0024 Z0112 Z0205,,,,,,,,,,,1.000000,BEDCA2,0,g,123,kJ,0.2,g,1.2,g,90.5,g,5.6,g,2.5,g,0.3,g,4.4,g,,,0,mg,,,,,,,,,,,,,,,,,,,,,,g,0.1,g,,g,,,,,2,ug,0.3,mg,,,0.03,mg,0.02,mg,,ug,0,ug,0.04,mg,2.8,mg,0,ug,,mg,19,mg,,,0.5,mg,0.1,ug,190,mg,13,mg,120,mg,17,mg,,ug,0.3,mg
2417,Repollo,Cabbage,Brasica oleracea,A0152 A0705 A0731 A0825 A1010 A1227 B1281 C0150 E0150 F0003 G0003 H0003 J0003 K0003 M0172 N0036 P0188 Z0154,,,,,,,,,,,0.740000,BEDCA2,0,g,108.3,kJ,0.4,g,1.8,g,89.3,g,3.7,g,3.1,g,,,,,,,0,mg,,,,,,,,,,,,,,,,,,,,,,g,0.3,g,0.1,g,,,,,78,ug,0.3,mg,,,0.02,mg,0.12,mg,4,ug,0,ug,0.2,mg,49,mg,0,ug,0.2,mg,57,mg,,,0.6,mg,2,ug,270,mg,6,mg,16,mg,46,mg,1,ug,0.4,mg
2418,Rúcula,Arugula,Eruca vesicaria,A0705 A0731 A0825 A1006 A1227 A1281 B3372 C0150 E0150 F0003 G0003 H0003 J0003 K0003 M0172 N0036 P0188 R0358 Z0204,A00LN,19,A00FJ,Vegetables and vegetable products,67,A00KR,Leafy vegetables,,,,1.000000,BEDCA2,0,g,130.33,kJ,0.66,g,2.58,g,91.71,g,3.65,g,1.6,g,,,,,,,0,mg,,,,,,,,,,,,,,,,,,,,,0.049,g,0.319,g,0.086,g,,,,,97,ug,0.305,mg,,,0.086,mg,0.044,mg,596,ug,0,ug,0.073,mg,15,mg,0,ug,0.43,mg,160,mg,,,1.46,mg,,,369,mg,47,mg,27,mg,52,mg,0.3,ug,0.47,mg
2419,Seta,Mushroom,Agaricus spp,A0650 A0705 A0731 A0826 A1012 A1281 B1467 C0296 E0150 F0003 G0003 H0003 J0131 K0004 M0128 M0177 M0391 N0035 N0036 P0024 R0001 Z0215,,,,,,,,,,,0.800000,BEDCA2,0,g,109.7,kJ,0.3,g,1.8,g,91.4,g,4,g,2.5,g,,g,,,,,0,mg,,,,,,,,,,,,,,,,,,,,,,g,0.17,g,0.07,g,,,,,23,ug,4.6,mg,,,0.41,mg,0.1,mg,0,ug,0,ug,0.1,mg,4,mg,0,ug,0.12,mg,9,mg,,,1,mg,3,ug,325,mg,14,mg,5,mg,74,mg,9,ug,0.1,mg
2420,"Seta, plancha","Mushroom, griddle",,A0467 A0705 A0825 A1010 A1235 A1281 B1467 C0247 E0150 F0014 G0035 J0003 K0003 M0001 N0001 P0024 R0212 Z0109 Z0204,,,,,,,,,,,1.000000,BEDCA2,0,g,54.68,kJ,0.49,g,1.76,g,92.6,g,0.39,g,1.7,g,,,,,,,0,mg,,,,,,,,,,,,,,,,,,,,,0,g,0.3,g,0.1,g,,,,,28.6,ug,2.98,mg,,,0.26,mg,0.07,mg,0,ug,0,ug,0.14,mg,0.68,mg,0,ug,0.12,mg,5.88,mg,,,0.59,mg,2.94,ug,313.6,mg,8.82,mg,4.9,mg,78.4,mg,8.82,ug,0.39,mg
2421,Tomate,Tomato,Lycopersicum esculentum,A0705 A0731 A0826 A1006 A1227 A1281 B1276 C0140 E0150 F0003 G0003 H0003 J0003 K0003 M0003 N0003 P0024 R0212 Z0154,A00HQ,19,A00FJ,Vegetables and vegetable products,65,A00HN,Fruiting vegetables,,,,0.950000,BEDCA2,0,g,78.5,kJ,0.1,g,0.9,g,93.9,g,3.5,g,1.1,g,,,0,g,,,0,mg,,,,,0.027,g,0.01,g,0.038,g,0.122,g,0.001,g,,,,,,,,g,0.11,g,,g,,,,,29,ug,0.8,mg,,,0.04,mg,0.06,mg,82,ug,0,ug,0.1,mg,19,mg,0,ug,0.89,mg,11,mg,,,0.5,mg,2.2,ug,236,mg,10,mg,18,mg,22,mg,0.99,ug,0.2,mg
2422,"Tomate, asado","Tomato, roasted",,A0705 A0731 A0826 A1006 A1227 A1281 B1276 C0140 E0150 F0014 G0005 H0001 J0003 K0003 M0003 N0003 P0024 R0212 Z0154,,,,,,,,,,,1.000000,BEDCA2,0,g,79.04,kJ,0.11,g,0.98,g,93.99,g,3.43,g,1.4,g,,,,,,,0,mg,,,,,,,,,,,,,,,,,,,,,,g,0.11,g,,g,,,,,19.44,ug,1.57,mg,,,0.03,mg,0.06,mg,86.95,ug,0,ug,0.1,mg,17.96,mg,0,ug,0.87,mg,10.39,mg,,,0.69,mg,1.96,ug,245,mg,8.13,mg,5.88,mg,26.46,mg,0,ug,0.16,mg
2423,"Tomate, maduro, pelado y triturado, enlatado","tomato, ripe, peeled and ground, canned",lycopersicum esculentum l,A0152 A0731 A0826 B1276 C0230 E0134 F0014 G0001 H0367 J0123 K0003 M0001 N0001 P0024 Z0052 Z0112,,,,,,,,,,,1.000000,BEDCA2,0,g,151.95,kJ,0.5,g,2.3,g,90.4,g,5.55,g,1.204,g,,,,,,,0,mg,,,,,,,,,,,,,,,,,,,,,0.077,g,0.202,g,0.071,g,,,,,11,ug,0.998,mg,,,0.058,mg,0.093,mg,207,ug,0,ug,0.18,mg,9,mg,0,ug,0.83,mg,60,mg,,,1,mg,2.2,ug,1160,mg,32,mg,590,mg,34,mg,0.6,ug,0.27,mg
2424,"Zanahoria, cruda","Carrot, raw",,A0705 A0731 A0826 A1006 A1227 A1281 B1227 C0305 E0150 F0003 G0003 H0003 J0003 K0003 M0001 N0001 P0024 R0212 Z0154,,,,,,,,,,./foodimages/Zanahorai2-620x400.jpg,1.000000,BEDCA2,0,g,143.7,kJ,0.3,g,0.8,g,87.8,g,7,g,2.6,g,,,4.19,g,,,0,mg,,,,,,,,,,,,,,,,,,,,,0.02,g,0.12,g,0.05,g,,,,,30,ug,0.6,mg,,,0.05,mg,0.1,mg,1346,ug,0,ug,0.2,mg,7,mg,0,ug,0.5,mg,42,mg,,,0.3,mg,6.5,ug,286,mg,10,mg,70,mg,16,mg,1.3,ug,0.2,mg
2425,Agua de la red,Tap water,,A0709 A0734 A0844 B3323 C0005 E0123 F0003 G0003 H0001 J0001 K0001 M0003 N0003 P0026,,,,,,,,,,,1.000000,BEDCA2,0,g,0,kJ,0,g,0,g,100,g,0,g,0,g,,,,,,,0,mg,,,,,,,,,,,,,,,,,,,,,0,g,0,g,0,g,,,,,0,ug,0,mg,,,0,mg,0,mg,0,ug,0,ug,0,mg,0,mg,0,ug,0,mg,,mg,,,,mg,,ug,,mg,0,mg,,mg,,mg,,ug,,mg
2426,"Agua mineral, mineralización debil",Mineral water,,A0709 A0734 A0844 A0923 B1217 C0005 E0123 F0003 G0003 H0001 J0001 K0001 M0172 N0036,,,,,,,,,,,1.000000,BEDCA2,0,g,0,kJ,0,g,0,g,100,g,0,g,0,g,,,,,,,0,mg,,,,,,,,,,,,,,,,,,,,,0,g,0,g,0,g,,,,,0,ug,0,mg,,,0,mg,0,mg,0,ug,0,ug,0,mg,0,mg,0,ug,0,mg,5,mg,,,,mg,0,ug,,mg,2,mg,1,mg,0,mg,,ug,0,mg
2427,Aguardiente,Aguardiente,,A0277 A0465 A0639 A0713 A0734 A0850 B1347 C0174 E0123 F0001 G0003 H0232 H0270 J0001 K0003 M0001 N0001 P0024 R0212 R0495 Z0170 Z0215,,,,,,,,,,,1.000000,BEDCA2,34,g,986,kJ,,g,,g,67,g,,g,0,g,0,g,,,,,0,mg,,,,,,,,,,,,,,,,,,,,,0,g,0,g,0,g,,,,,0,ug,0,mg,,,0,mg,0,mg,0,ug,0,ug,0,mg,0,mg,0,ug,0,mg,,mg,,,,mg,,ug,,mg,,mg,,mg,,mg,,ug,,mg
2428,Licor de crema 15-17% vol.,Cream liqueur 15-17% volume,,A0465 A0712 A0734 A0849 A0886 A1284 B3324 C0005 E0109 F0014 G0001 H0270 K0003 M0130 N0040 P0188 R0212 Z0112,,,,,,,,,,,1.000000,BEDCA2,12,g,1348.5,kJ,14.8,g,0,g,52.3,g,20.9,g,,g,,,,,,,0.04,mg,,,,,,,,,,,,,,,,,,,,,3.8,g,0.6,g,8,g,,,,,2,ug,0.75,mg,,,0.06,mg,0.01,mg,180.7,ug,0.08,ug,0.01,mg,0.2,mg,0,ug,0.5,mg,16.5,mg,,,,mg,,ug,17.4,mg,1.8,mg,80,mg,34.9,mg,0,ug,0.2,mg
2429,Bebida energética,Energy drink,,A0465 A0709 A0734 A0843 A0922 A1284 B1288 C0001 E0123 F0003 G0003 H0136 H0148 H0159 H0163 H0175 H0210 J0003 K0003 M0182 N0042 P0188 Z0112,A03GA,20,A03DJ,Water and water-based beverages,75,A04PY,Water based beverages,,,,1.000000,BEDCA2,0,g,19.11,kJ,0.08,g,0.25,g,98.35,g,0.7,g,0,g,,,,,,,0,mg,,,,,,,,,,,,,,,,,,,,,0,g,0,g,0,g,,,,,1.995,ug,8.5,mg,,,0.575,mg,0.025,mg,0,ug,1.99,ug,1.9,mg,0,mg,0,ug,0,mg,13,mg,,,0.02,mg,0.4,ug,3,mg,3,mg,39,mg,0,mg,0.2,ug,0,mg
2430,Bebida isotónica,Sport drink,,A0709 A0734 A0843 A0912 A1284 B1217 C0005 E0123 F0014 G0001 H0196 H0400 H0430 H0491 H0532 H0589 H0643 H0671 H0749 J0123 K0004 M0172 M0175 N0036 N0042 P0024 R0001,,,,,,,,,,,1.000000,BEDCA2,0,g,134.3,kJ,0,g,0,g,92.1,g,7.9,g,0,g,,,,,,,0,mg,,,,,,,,,,,,,,,,,,,,,0,g,0,g,0,g,,,,,0,ug,0.9,mg,,,0,mg,0,mg,0,ug,0,ug,0.1,mg,0,mg,0,ug,0.5,mg,0.8,mg,,,,mg,1,ug,2.2,mg,5,mg,24,mg,1,mg,,ug,,mg
2431,"Cacao, en polvo, azucarado, bajo en calorías","Soluble cocoa, with sugar, powder, light",Theobroma cacao l,A0272 A0467 A0662 A0710 A0733 A0839 B1012 C0108 E0106 F0001 G0003 H0138 H0158 H0227 H0231 H0247 J0116 K0003 M0001 N0001 P0024 P0034 R0212 R0497 Z0089 Z0112,,,,,,,,,,,1.000000,BEDCA2,0,g,1607,kJ,8.1,g,9.8,g,13,g,67.1,g,0.8,g,,,,,,,6,mg,,,,,,,,,,,,,,,,,,,,,2.56,g,0.25,g,4.47,g,,,,,15,ug,1.08,mg,,,1.4,mg,0.267,mg,0,ug,0,ug,0.318,mg,0,mg,0,ug,0.43,mg,40,mg,,,4.96,mg,3.1,ug,550,mg,208,mg,200,mg,210,mg,16.7,ug,3.44,mg
2432,"Café, en polvo, soluble","Soluble coffee, powder",Coffea arabica l,A0268 A0465 A0639 A0662 A0710 A0734 A0845 B1305 C0155 E0117 F0014 G0003 H0138 H0169 J0116 K0003 M0001 N0001 P0024 R0212 R0497 Z0112,,,,,,,,,,./foodimages/kaffee-gemahlen.gif,1.000000,BEDCA2,0,g,501.5,kJ,,g,18.5,g,46,g,11,g,20.7,g,4.5,g,,,,,0,mg,,,,,,,,,,,,,,,,,,,,,0.041,g,0.2,g,0.19,g,,,,,,ug,24.9,mg,,,0.11,mg,0,mg,0,ug,0,ug,0.03,mg,0,mg,0,ug,,mg,160,mg,,,4.4,mg,,ug,4000,mg,390,mg,41,mg,350,mg,,ug,0.5,mg
2433,"Café, infusión","Coffee, brewed",,A0710 A0734 A0845 A0891 A1243 A1284 B1324 C0158 E0123 F0014 G0003 H0003 J0003 K0003 M0003 N0003 P0188 R0212,,,,,,,,,,,1.000000,BEDCA2,0,g,8.7,kJ,0.18,g,0.12,g,97.8,g,0,g,0,g,,,,,,,0,mg,,,,,,,,,,,,,,,,,,,,,0,g,0.092,g,0.092,g,,,,,1,ug,5.207,mg,,,0.177,mg,0.001,mg,0,ug,0,ug,0.002,mg,0.2,mg,0,ug,0.01,mg,2,mg,,,0.13,mg,,ug,115,mg,80,mg,14,mg,7,mg,0,ug,0.05,mg
2434,"Café, infusión, descafeinado","Coffee, brewed, decaffeinated",,A0710 A0734 A0845 A0891 A1243 A1284 B1324 C0158 E0123 F0014 G0003 H0003 J0003 K0003 M0003 N0003 P0118 P0188 R0212,,,,,,,,,,,1.000000,BEDCA2,0,g,8.7,kJ,0.18,g,0.12,g,97.8,g,0,g,0,g,,,,,,,0,mg,,,,,,,,,,,,,,,,,,,,,0,g,0.092,g,0.092,g,,,,,1,ug,5.207,mg,,,0.177,mg,0.001,mg,0,ug,0,ug,0.002,mg,0.2,mg,0,ug,0.01,mg,2,mg,,,0.13,mg,,ug,115,mg,80,mg,14,mg,7,mg,0,ug,0.05,mg
2435,"Café, sucedáneo, soluble","Coffee, substitute, instant",Coffea arabica l,A0268 A0465 A0639 A0662 A0710 A0734 A0845 B1305 C0132 E0117 F0014 G0005 H0138 H0169 H0229 J0116 K0003 M0001 N0001 P0024 R0212 R0497 Z0089 Z0112,,,,,,,,,,,1.000000,BEDCA2,0,g,1710.2,kJ,3.4,g,12.3,g,3.3,g,80.9,g,0.1,g,,,,,,,0,mg,,,,,,,,,,,,,,,,,,,,,0.37,g,1.77,g,0.63,g,,,,,0,ug,17.47,mg,,,0.1,mg,0.01,mg,0,ug,0,ug,0.22,mg,0,mg,0,ug,,mg,250,mg,,,2,mg,0,ug,1840,mg,244,mg,73,mg,450,mg,14.8,ug,0.5,mg
2436,Cava,"Sparkling wine, ""cava"" type",,A0713 A0734 A0848 A0876 A1284 B1329 C0165 E0123 F0014 G0012 H0232 H0749 H0751 J0104 K0004 M0130 N0040 P0188 R0212 Z0112,A03NA,2,A03LZ,Alcoholic beverages,5,A03MS,Wine and wine-like drinks,,,,1.000000,BEDCA2,9.1,g,292.8,kJ,0,g,0.2,g,89.2,g,1.5,g,0,g,,,,,,,0,mg,,,,,,,,,,,,,,,,,,,,,0,g,0,g,0,g,,,,,,ug,0.2,mg,,,,mg,,mg,0,ug,0,ug,0.02,mg,0,mg,0,ug,0,mg,10,mg,,,0.8,mg,0.01,ug,48,mg,6,mg,4,mg,7,mg,,ug,,mg
2437,Cerveza con alcohol,Beer,,A0711 A0734 A0847 A0882 A1284 B1230 C0203 E0123 F0003 G0003 H0232 H0430 H0640 H0754 J0121 K0004 M0175 M0210 N0040 N0042 P0188 R0001 Z0112,,,,,,,,,,,1.000000,BEDCA2,3.96,g,176.38,kJ,0,g,0.5,g,92.4,g,3.12,g,0,g,,,,,,,0,mg,,,,,,,,,,,,,,,,,,,,,0,g,0,g,0,g,,,,,6.3,ug,0.43,mg,,,0.033,mg,0.003,mg,,ug,0.15,ug,0.062,mg,0,mg,0,ug,0,mg,8,mg,,,0.01,mg,8,ug,37,mg,9.6,mg,4.4,mg,55,mg,1.2,ug,0.006,mg
2438,Cerveza sin alcohol,Non-alcoholic beer,,A0711 A0734 A0842 A0912 A1284 B1230 C0203 E0123 F0003 G0003 H0232 H0286 H0491 H0754 J0121 K0004 M0175 M0210 N0040 N0042 P0188 R0001 Z0112,A03MG,2,A03LZ,Alcoholic beverages,2,A03MA,Beer and beer-like beverage,,,,1.000000,BEDCA2,0.33,g,107.745,kJ,0,g,0.375,g,93.9,g,5.4,g,0,g,,,,,,,0,mg,,,,,,,,,,,,,,,,,,,,,0,g,0,g,0,g,,,,,15,ug,0.7,mg,,,0.0055,mg,0.006,mg,0,ug,0.1,ug,0.034,mg,0,mg,0,ug,0,mg,5,mg,,,0.02,mg,1,ug,40,mg,7.7,mg,2.6,mg,20,mg,1.2,ug,0.008,mg
2439,"Cerveza, baja en alcohol","Beer, low alcohol",Lupulus humulos,A0195 A0465 A0639 A0662 A0711 A0734 A0847 B1230 C0102 E0123 F0001 G0003 H0229 H0232 H0246 H0287 J0001 K0003 M0001 N0001 P0024 R0212 R0497 Z0112,,,,,,,,,,,1.000000,BEDCA2,3.5,g,140.6,kJ,0,g,0.2,g,97.7,g,2.1,g,0,g,0,g,,,,,0,mg,,,,,,,,,,,,,,,,,,,,,0,g,0,g,0,g,,,,,3,ug,0.7,mg,,,0.02,mg,,mg,,ug,,ug,0.05,mg,0,mg,0,ug,0,mg,10,mg,,,,mg,1,ug,34,mg,6,mg,7,mg,20,mg,,ug,,mg
2440,Cubata,Ron with soft drink,,A0713 A0734 A0843 A0875 A1284 B3324 C0005 E0123 F0003 G0003 H0100 H0109 H0136 H0200 K0001 M0130 N0001 P0026 Z0109,,,,,,,,,,,1.000000,BEDCA2,11.4,g,455.55,kJ,0,g,0,g,82.65,g,7.35,g,0,g,,,,,,,0,mg,,,,,,,,,,,,,,,,,,,,,0,g,0,g,0,g,,,,,0,ug,0,mg,,,0,mg,0,mg,0,ug,0,ug,0,mg,0,mg,0,ug,0,mg,2.8,mg,,,0.03,mg,0,ug,0.6,mg,1.6,mg,7.3,mg,8.5,mg,0,ug,0,mg
2441,Ginebra,Gin,,A0713 A0734 A0846 A0876 A1284 B1230 C0165 E0123 F0014 G0003 H0148 H0232 H0270 J0104 K0001 M0134 N0040 P0188 R0001 Z0112,A03PG,2,A03LZ,Alcoholic beverages,4,A04QF,Unsweetened spirits and liqueurs,,,,1.000000,BEDCA2,31.6,g,916.4,kJ,0,g,0,g,68.4,g,0,g,0,g,,,,,,,0,mg,,,,,,,,,,,,,,,,,,,,,0,g,0,g,0,g,,,,,0,ug,0,mg,,,0,mg,0,mg,0,ug,0,ug,0,mg,0,mg,0,ug,0,mg,0,mg,,,0.1,mg,0,ug,0,mg,0,mg,2,mg,0,mg,0,ug,0,mg
2442,Horchata,Tigger nut milk drink,,A0465 A0709 A0734 A0842 A0912 A1284 B2159 C0165 E0139 F0014 H0148 H0158 J0123 K0003 M0172 N0036 P0188 R0212 Z0112,A04PR,10,A039K,Fruit and vegetable juices and nectars,25,A04PQ,Vegetable juices,,,,1.000000,BEDCA2,0,g,409.3,kJ,2.7,g,1.2,g,79,g,17,g,0.1,g,,,,,,,0,mg,,,,,,,,,,,,,,,,,,,,,2,g,0.3,g,0.4,g,,,,,2,ug,0.13,mg,,,,mg,0.02,mg,0,ug,,ug,,mg,0.03,mg,0,ug,0,mg,29,mg,,,1.2,mg,,ug,52,mg,15,mg,9,mg,26,mg,,ug,1,mg
2443,Infusión,Infusion,,A0734 A0845 A0891 A1241 A1284 B1013 C0148 E0123 F0014 G0003 H0138 J0116 K0003 M0415 N0045 P0188,A03LG,4,A03GG,"Coffee, cocoa, tea and infusions",8,A03JZ,"Coffee, cocoa, tea and herbal drinks",,,,1.000000,BEDCA2,0,g,0,kJ,0,g,,g,99.9,g,,g,,g,,,,,,,0,mg,,,,,,,,,,,,,,,,,,,,,0,g,0,g,0,g,,,,,5,ug,0.1,mg,,,,mg,0,mg,0,ug,0,ug,0,mg,0,mg,0,ug,0,mg,,mg,,,,mg,1,ug,19,mg,1,mg,,mg,1,mg,,ug,0,mg
2444,Licor apricot,Apricot liqueur,,A0240 A0465 A0639 A0663 A0713 A0734 A0850 B1306 C0300 E0123 F0003 G0003 H0117 H0158 H0160 H0232 J0104 K0003 M0121 N0040 P0024 R0212 R0497 Z0112,,,,,,,,,,,1.000000,BEDCA2,18,g,1035.57,kJ,,g,0.21,g,69.8,g,30,g,0,g,,,,,,,0,mg,,,,,,,,,,,,,,,,,,,,,0,g,0,g,0,g,,,,,5.15,ug,0.11,mg,,,0.01,mg,0.03,mg,1.02,ug,0,ug,0.02,mg,12.65,mg,0,ug,0.06,mg,5.6,mg,,,0.09,mg,0,ug,53,mg,4.08,mg,11.2,mg,6.45,mg,0,ug,0.05,mg
2445,Licor benedictine,Benedictine liqueur,,A0240 A0465 A0639 A0663 A0713 A0734 A0850 B1179 C0139 E0123 F0001 G0003 H0100 H0158 H0160 H0232 J0001 J0104 K0003 M0130 N0040 P0024 R0212 R0497 Z0112,,,,,,,,,,,1.000000,BEDCA2,18,g,1083,kJ,0,g,0,g,67,g,33,g,0,g,,,,,,,0,mg,,,,,,,,,,,,,,,,,,,,,0,g,0,g,0,g,,,,,0,ug,0,mg,,,0,mg,0,mg,0,ug,0,ug,0,mg,0,mg,0,ug,0,mg,0,mg,,,0,mg,0,ug,0,mg,0,mg,0,mg,0,mg,0,ug,0,mg
2446,Licor curaçao,Curaçao liqueur,,A0240 A0465 A0639 A0663 A0713 A0734 A0850 B1347 C0139 E0123 F0001 G0003 H0100 H0158 H0160 H0232 J0001 J0104 K0003 M0130 N0040 P0024 R0212 R0497 Z0112,,,,,,,,,,,1.000000,BEDCA2,27.9,g,1319.1,kJ,,g,0,g,70,g,30,g,0,g,,,,,,,0,mg,,,,,,,,,,,,,,,,,,,,,0,g,0,g,0,g,,,,,0,ug,0,mg,,,0,mg,0,mg,0,ug,0,ug,0,mg,0,mg,0,ug,0,mg,0,mg,,,0,mg,0,ug,0,mg,0,mg,0,mg,0,mg,0,ug,0,mg
2447,Licor de café,Coffee liqueur,,A0240 A0465 A0639 A0663 A0713 A0734 A0850 B1347 C0001 E0123 F0001 G0003 H0100 H0158 H0160 H0232 J0104 K0003 M0130 N0040 P0024 R0212 R0497 Z0112,,,,,,,,,,,1.000000,BEDCA2,21.7,g,1435.63,kJ,0.29,g,0,g,0.1,g,46.8,g,0,g,,,,,,,0,mg,,,,,,,,,,,,,,,,,,,,,,g,0.1,g,0.1,g,,,,,0,ug,0,mg,,,0,mg,0,mg,0,ug,0,ug,0,mg,0,mg,0,ug,0,mg,0,mg,,,0.06,mg,0,ug,28.74,mg,2.87,mg,8.62,mg,5.75,mg,0,ug,0.03,mg
2448,Licores de frutas,Fruits liqueur,,A0709 A0734 A0850 A0912 A1284 B1140 C0005 E0123 F0014 G0003 H0285 H0362 H0491 H0606 H0646 H0670 H0749 J0003 K0004 M0130 N0040 P0188 R0001 Z0112,,,,,,,,,,,1.000000,BEDCA2,12,g,944.7,kJ,0,g,0.1,g,52.9,g,35,g,0,g,,,,,,,0,mg,,,,,,,,,,,,,,,,,,,,,0,g,0,g,0,g,,,,,0,ug,0,mg,,,0.02,mg,0,mg,0,ug,0,ug,0,mg,0,mg,0,ug,0,mg,6,mg,,,0.07,mg,0,ug,35,mg,6,mg,5,mg,20,mg,0,ug,0,mg
2449,Limonada,Lemonade,,A0708 A0732 A0834 A0918 A1222 A1279 B1275 C0230 E0123 F0014 G0003 H0136 J0123 K0003 M0172 N0036 P0024 Z0112,,,,,,,,,,,1.000000,BEDCA2,0,g,48.2,kJ,0.2,g,0.5,g,94.6,g,1.9,g,2.8,g,,,,,,,0,mg,,,,,,,,,,,,,,,,,,,,,0.019,g,0.055,g,0.022,g,,,,,10,ug,0.25,mg,,,0.02,mg,0.021,mg,1.67,ug,0,ug,0.04,mg,44,mg,0,ug,0.8,mg,13,mg,,,0.2,mg,1.5,ug,82,mg,8,mg,2,mg,11,mg,0.4,ug,0.11,mg
2450,"Refresco ""tipo gaseosa""","Soft drink, soda type",,A0709 A0734 A0843 A1284 B1217 C0005 E0123 F0003 G0003 H0136 H0484 J0001 K0001 M0172 N0036 P0188,,,,,,,,,,,1.000000,BEDCA2,0,g,0,kJ,0,g,,g,99.5,g,,g,0,g,,,,,,,0,mg,,,,,,,,,,,,,,,,,,,,,0,g,0,g,0,g,,,,,0,ug,0,mg,,,,mg,,mg,0,ug,0,ug,0,mg,0,mg,0,ug,0,mg,3,mg,,,,mg,,ug,3,mg,1,mg,25,mg,,mg,0,ug,,mg
2451,"Refresco con gas, sabor cola, sin cafeina","Cola drink, carbonated, decaffeinated",,A0241 A0465 A0639 A0709 A0734 A0843 B1217 C0005 E0123 F0003 G0003 H0109 H0136 H0140 H0150 H0200 H0227 J0001 K0003 M0194 N0001 P0024 R0212 R0497 Z0112,,,,,,,,,,,1.000000,BEDCA2,0,g,182.75,kJ,0,g,0,g,89.3,g,10.75,g,0,g,,,,,,,0,mg,,,,,,,,,,,,,,,,,,,,,0,g,0,g,0,g,,,,,0,ug,0,mg,,,0,mg,0,mg,0,ug,0,ug,0,mg,0,mg,0,ug,0,mg,3,mg,,,0.03,mg,,ug,1,mg,1,mg,4,mg,12,mg,0.1,ug,0.01,mg
2452,"Refresco con gas, sabor cola, sin cafeina, bajo en calorías","Cola drink, light, carbonated, decaffeinated",,A0241 A0465 A0639 A0709 A0734 A0843 B1217 C0005 E0123 F0003 G0003 H0108 H0109 H0140 H0150 H0200 H0227 J0001 K0003 M0194 N0001 P0024 P0033 P0132 R0212 R0497 Z0112,,,,,,,,,,,1.000000,BEDCA2,0,g,0.8,kcal,0,g,0.1,g,99.8,g,0.1,g,0,g,,,,,,,0,mg,,,,,,,,,,,,,,,,,,,,,0,g,0,g,0,g,,,,,0,ug,0,mg,,,0.023,mg,0.005,mg,0,ug,0,ug,0,mg,0,mg,0,ug,0,mg,4,mg,,,0.03,mg,,ug,0,mg,1,mg,6,mg,9,mg,0.1,ug,0.08,mg
2453,Refresco de té,Tea soft drink,,A0709 A0734 A0843 A1284 B1217 C0005 E0123 F0003 G0003 H0136 H0484 J0001 K0028 M0214 N0040 P0003 Z0091,,,,,,,,,,,1.000000,BEDCA2,0,g,156.23,kJ,,g,0.1,g,91.18,g,9.09,g,0,g,,,,,,,0,mg,,,,,,,,,,,,,,,,,,,,,,g,,g,,g,,,,,,ug,0.1,mg,,,0.01,mg,,mg,,ug,0,ug,,mg,0,mg,0,ug,,mg,3,mg,,,,mg,,ug,19,mg,1,mg,21,mg,36,mg,,ug,0.06,mg
2454,"Refresco de té, bajo en calorías",Tea soft drink light,,A0709 A0734 A0843 A1284 B1217 C0005 E0123 F0003 G0003 H0136 H0266 H0484 J0001 K0028 M0214 N0040 P0003 Z0091,,,,,,,,,,,1.000000,BEDCA2,0,g,1.7,kJ,,g,0.1,g,91.18,g,0,g,0,g,,,,,,,0,mg,,,,,,,,,,,,,,,,,,,,,,g,,g,,g,,,,,,ug,0.1,mg,,,0.01,mg,,mg,,ug,0,ug,,mg,0,mg,0,ug,,mg,3,mg,,,,mg,,ug,19,mg,1,mg,21,mg,36,mg,,ug,0.06,mg
2455,"Refresco tipo ""tónica""","Soft drink, tonic water type",,A0465 A0709 A0734 A0843 A0912 A1284 B1288 C0005 E0109 F0001 G0003 H0109 H0136 H0200 H0229 J0001 K0003 M0132 N0040 P0188 R0212 Z0112,,,,,,,,,,,1.000000,BEDCA2,0,g,156.4,kJ,0,g,0,g,90.5,g,9.2,g,0,g,,,,,,,0,mg,,,,,,,,,,,,,,,,,,,,,0,g,0,g,0,g,,,,,0,ug,0.01,mg,,,0.02,mg,0.01,mg,,ug,0,ug,0,mg,,mg,0,ug,0.01,mg,2,mg,,,,mg,,ug,0,mg,0,mg,2,mg,0,mg,0,ug,,mg
2456,"Refresco, con gas, sabor naranja","Soft drink, carbonated, orange flavoured",,A0709 A0734 A0843 A0875 A1284 B1217 C0005 E0123 F0003 G0003 H0100 H0109 H0136 H0200 K0001 M0182 N0042 P0026 Z0112,,,,,,,,,,,1.000000,BEDCA2,0,g,183.6,kJ,,g,,g,89.2,g,10.8,g,0,g,,,,,,,0,mg,,,,,,,,,,,,,,,,,,,,,,g,,g,,g,,,,,1,ug,,mg,,,,mg,,mg,16,ug,0,ug,,mg,1,mg,0,ug,,mg,4,mg,,,,mg,1,ug,18,mg,4,mg,6,mg,1,mg,,ug,,mg
2457,"Refresco, sabor cola","Soft drink, cola flavoured",,A0709 A0734 A0843 A0922 A1245 A1284 B1217 C0005 E0123 F0001 G0001 H0206 H0611 H0612 H0749 J0003 K0004 M0172 N0036 P0024 R0001 Z0112,,,,,,,,,,,1.000000,BEDCA2,0,g,184.45,kJ,0,g,0,g,89.2,g,10.85,g,0,g,,,,,,,0,mg,,,,,,,,,,,,,,,,,,,,,0,g,0,g,0,g,,,,,0,ug,0,mg,,,0,mg,0,mg,0,ug,0,ug,0,mg,0,mg,0,ug,0,mg,4,mg,,,0.03,mg,0,ug,1,mg,1,mg,8,mg,15,mg,0.1,ug,0.01,mg
2458,"Refresco, sabor cola, bajo en calorías","Soft drink, cola flavoured, light",,A0709 A0734 A0843 A0922 A1245 A1284 B1217 C0005 E0123 F0001 G0001 H0202 H0206 H0433 H0458 H0491 H0611 H0612 H0670 J0003 K0004 M0172 N0036 P0024 R0001 Z0112,,,,,,,,,,,1.000000,BEDCA2,0,g,1.7,kJ,0,g,0,g,99.9,g,0.1,g,0,g,,,,,,,0,mg,,,,,,,,,,,,,,,,,,,,,0,g,0,g,0,g,,,,,0,ug,0,mg,,,0,mg,0,mg,0,ug,0,ug,0,mg,0,mg,0,ug,0,mg,4,mg,,,0.03,mg,0,ug,4,mg,1,mg,7,mg,12,mg,0.1,ug,0.03,mg
2459,Sangría,Sangria,,A0712 A0734 A0849 A0887 A1284 B3324 C0001 E0123 F0014 G0001 H0136 H0147 H0175 J0003 K0003 M0172 N0036 P0188 R0212 Z0112,A03PT,2,A03LZ,Alcoholic beverages,3,A04QD,Mixed alcoholic drinks and fortified wines,,,,1.000000,BEDCA2,7.9,g,297.1,kJ,,g,0.2,g,87.6,g,3.8,g,,g,,,,,,,0,mg,,,,,,,,,,,,,,,,,,,,,,g,,g,,g,,,,,0,ug,0.07,mg,,,0.01,mg,0.01,mg,1,ug,,ug,,mg,4,mg,,ug,0.01,mg,7,mg,,,0.5,mg,0,ug,78,mg,10,mg,3,mg,9,mg,0,ug,0.3,mg
2460,Sidra,Sidra,,A0663 A0713 A0734 A0848 A0890 A1284 B1245 C0167 E0123 F0014 G0013 H0148 J0104 K0004 M0130 N0040 P0188 R0001 Z0112,A03ND,2,A03LZ,Alcoholic beverages,5,A03MS,Wine and wine-like drinks,,,,1.000000,BEDCA2,3.7,g,209.3,kJ,0,g,,g,90.3,g,6,g,0,g,,,,,,,0,mg,,,,,,,,,,,,,,,,,,,,,0,g,0,g,0,g,,,,,0.1,ug,0.01,mg,,,0.01,mg,0.01,mg,,ug,0,ug,0.01,mg,0,mg,0,ug,,mg,8,mg,,,0.49,mg,0,ug,72,mg,3,mg,7,mg,3,mg,,ug,,mg
2461,Tequila,Tequila,,A0465 A0712 A0734 A0850 A0884 A1284 B1535 C0174 E0123 F0014 G0022 H0232 H0270 J0001 K0003 M0214 N0040 P0188 R0212 Z0112,A03PL,2,A03LZ,Alcoholic beverages,4,A04QF,Unsweetened spirits and liqueurs,,,,1.000000,BEDCA2,38,g,1102,kJ,0,g,0,g,62,g,0,g,0,g,,,,,,,0,mg,,,,,,,,,,,,,,,,,,,,,0,g,0,g,0,g,,,,,0,ug,0,mg,,,0,mg,0,mg,0,ug,0,ug,0,mg,0,mg,0,ug,0,mg,0,mg,,,0.1,mg,0,ug,0,mg,0,mg,2,mg,10,mg,0,ug,0,mg
2462,Vino blanco,White wine,,A0712 A0734 A0849 A0886 A1284 B1329 C0137 E0150 F0014 G0012 H0232 J0003 K0004 M0278 N0040 P0188 R0212 Z0112,A03MV,2,A03LZ,Alcoholic beverages,5,A03MS,Wine and wine-like drinks,,,,1.000000,BEDCA2,8.58,g,252.22,kJ,0,g,0.1,g,91.2,g,0.1,g,0,g,,,,,,,0,mg,,,,,,,,,,,,,,,,,,,,,0,g,0,g,0,g,,,,,,ug,0.08,mg,0.022,mg,0.05,mg,0.01,mg,,ug,0,ug,0.02,mg,0,mg,0,ug,0,mg,9,mg,,,0.6,mg,0,ug,82,mg,10,mg,2,mg,15,mg,0.3,ug,0.07,mg
2463,"Vino dulce, tipo oporto","Sweet wine, ""oporto"" type",,A0224 A0465 A0639 A0712 A0734 A0849 B1329 C0140 E0123 F0003 G0003 H0232 H0332 J0003 K0003 M0130 N0040 P0024 R0212 R0497 Z0112 Z0205,,,,,,,,,,,1.000000,BEDCA2,10.2,g,550,kJ,0.3,g,0.3,g,69,g,14,g,0,g,0,g,,,,,0,mg,,,,,,,,,,,,,,,,,,,,,0,g,0,g,0,g,,,,,0.1,ug,0.08,mg,,,0.01,mg,0,mg,0,ug,,ug,0.01,mg,,mg,0,ug,0,mg,4,mg,,,0.4,mg,0,ug,97,mg,11,mg,4,mg,10,mg,,ug,0.07,mg
2464,Vino rosado,"Wine, rose",,A0299 A0465 A0639 A0712 A0734 A0849 B1329 C0140 E0123 F0003 G0003 H0232 J0104 K0003 M0001 N0001 P0024 R0212 R0497 Z0112 Z0205,A03MY,2,A03LZ,Alcoholic beverages,5,A03MS,Wine and wine-like drinks,,,,1.000000,BEDCA2,8.7,g,277.8,kJ,0,g,0.1,g,89.8,g,1.4,g,0,g,,,,,,,0,mg,,,,,,,,,,,,,,,,,,,,,0,g,0,g,0,g,,,,,,ug,0.07,mg,,,0.01,mg,0.004,mg,,ug,0.01,ug,0.02,mg,0,mg,0,ug,0,mg,12,mg,,,0.95,mg,0,ug,75,mg,7,mg,4,mg,6,mg,0.2,ug,0.04,mg
2465,Vino tinto,Red wine,,A0712 A0734 A0849 A0886 A1284 B3324 C0140 E0109 F0001 G0001 H0128 J0104 K0001 M0214 N0040 P0024 R0001 Z0082,A03MX,2,A03LZ,Alcoholic beverages,5,A03MS,Wine and wine-like drinks,,,,1.000000,BEDCA2,9.82,g,293.79,kJ,0,g,0.23,g,89.7,g,0.3,g,0,g,,,,,,,0,mg,,,,,,,,,,,,,,,,,,,,,0,g,0,g,0,g,,,,,1,ug,0.09,mg,0.04,mg,0.02,mg,0.005,mg,,ug,0.01,ug,0.02,mg,0,mg,0,ug,0,mg,7.6,mg,,,0.9,mg,0,ug,93,mg,11,mg,4,mg,14,mg,0.2,ug,0.05,mg
2466,Whisky,Whisky,,A0713 A0734 A0850 A0885 A1284 B1230 C0158 E0123 F0014 G0013 H0148 J0104 K0004 M0130 N0040 P0188 R0001 Z0112,A03PF,2,A03LZ,Alcoholic beverages,4,A04QF,Unsweetened spirits and liqueurs,,,,1.000000,BEDCA2,35.2,g,1022.67,kJ,0,g,0,g,64.7,g,0.11,g,0,g,,,,,,,0,mg,,,,,,,,,,,,,,,,,,,,,0,g,0,g,0,g,,,,,0,ug,0.05,mg,0,mg,,mg,0.01,mg,0,ug,0,ug,0,mg,0,mg,0,ug,0,mg,,mg,,,0.02,mg,0.1,ug,2.8,mg,,mg,,mg,5,mg,0,ug,0.1,mg
2467,Zumo de manzana,Apple juice,,A0708 A0732 A0834 A0992 A1222 A1279 B1245 E0123 F0018 G0003 H0136 J0135 K0003 M0172 N0036 P0026 Z0154,A039M,10,A039K,Fruit and vegetable juices and nectars,23,A04PM,Fruit juices and nectars,,,,1.000000,BEDCA2,0,g,188.7,kJ,,g,0.1,g,87.4,g,11,g,,g,,,2.04,g,,,0,mg,,,,,,,,,,,,,,,,,,,,,0,g,0,g,0,g,,,,,1,ug,0.15,mg,,,0.02,mg,0.02,mg,,ug,0,ug,0.1,mg,,mg,0,ug,,mg,6,mg,,,0.3,mg,1,ug,120,mg,5,mg,2,mg,7,mg,0.1,ug,,mg
2468,Zumo de naranja,Orange juice,,A0708 A0732 A0834 A0992 A1222 A1279 B1339 E0123 F0018 G0003 H0136 J0135 K0003 M0172 N0036 P0026 Z0154,A03AM,10,A039K,Fruit and vegetable juices and nectars,23,A04PM,Fruit juices and nectars,,,,1.000000,BEDCA2,0,g,172.3,kJ,0.2,g,0.7,g,88.8,g,9,g,0.1,g,,,4.71,g,,,0,mg,,,,,,,,,,,,,,,,,,,,,,g,,g,,g,,,,,20,ug,0.24,mg,,,0.02,mg,0.07,mg,73,ug,0,ug,0.04,mg,39,mg,0,ug,0.17,mg,7,mg,,,0.1,mg,2,ug,105,mg,8,mg,20,mg,8,mg,1,ug,,mg
2469,Zumo de piña,Pineapple juice,,A0708 A0732 A0834 A0992 A1222 A1279 B1246 E0123 F0018 G0003 H0136 J0135 K0003 M0172 N0036 P0026 Z0154,A03AF,10,A039K,Fruit and vegetable juices and nectars,23,A04PM,Fruit juices and nectars,,,,1.000000,BEDCA2,0,g,192.4,kJ,0.1,g,0.4,g,86.2,g,10.7,g,0.1,g,,,0.99,g,,,0,mg,,,,,,,,,,,,,,,,,,,,,,g,,g,,g,,,,,10,ug,0.25,mg,,,0.02,mg,0.05,mg,2,ug,0,ug,0.1,mg,9,mg,0,ug,0.03,mg,13,mg,,,0.2,mg,,ug,112,mg,12,mg,2,mg,6,mg,0.1,ug,0.1,mg
2470,"Raya, cruda","Ray, raw",Raja clavatta,A0717 A0727 A0747 A0802 A1265 A1285 B1340 C0243 E0150 F0003 G0003 H0003 J0142 K0003 M0172 N0036 P0024 R0212 Z0153,,,,,,,,,,,0.550000,BEDCA2,0,g,409.74,kJ,1.26,g,20.56,g,77.4,g,0.8,g,0,g,,,,,,,65,mg,,,,,,,,,,,0.003,g,0.001,g,0.133,g,0.031,g,0.22,g,0.286,g,0.532,g,0.286,g,,,,,3,ug,5.85,mg,,,0.01,mg,0.02,mg,3,ug,6,ug,0.37,mg,0,mg,,ug,0,mg,38,mg,,,0.75,mg,3,ug,250,mg,30,mg,90,mg,155,mg,36.5,ug,0.98,mg
2471,Pulpo,Octopus,Octopus vulgaris,A0717 A0727 A0802 A1131 A1265 A1285 B1514 C0173 E0150 F0003 G0003 H0003 J0003 K0003 M0003 N0003 P0024 R0001,A02JE,7,A026T,"Fish, seafood, amphibians, reptiles and invertebrates",18,A02GM,Molluscs,,,,0.790000,BEDCA2,0,g,379.9,kJ,1.4,g,17.9,g,79.3,g,1.4,g,0,g,,,,,,,48,mg,,,0.01,g,0.11,g,0.05,g,0.02,g,0,g,0.01,g,0.05,g,0.09,g,0.14,g,0.2,g,0.5,g,0.3,g,,,,,13,ug,6.8,mg,,,0.04,mg,0.07,mg,70,ug,3,ug,0.36,mg,0,mg,,ug,2.1,mg,144,mg,,,1.2,mg,64,ug,230,mg,28,mg,363,mg,170,mg,44.8,ug,1.7,mg
2473,Albahaca,Basil,Ocimum basilicum l,A0853 A1166 A1248 A1272 B1145 C0001 E0117 F0003 G0003 H0003 H0138 J0116 K0003 M0172 N0036 P0024 Z0204,A00VV,19,A00FJ,Vegetables and vegetable products,62,A00VQ,"Aromatic herbs or flowers, fresh",,,,1.000000,BEDCA2,0,g,740.56,kJ,3.98,g,14.4,g,6.4,g,20.5,g,40.5,g,,,,,,,0,mg,,,,,,,,,,,,,,,,,,,,,0.45,g,2.17,g,0.24,g,,,,,247,ug,6.95,mg,,,0.32,mg,0.15,mg,264,ug,0,ug,2.32,mg,61.2,mg,0,ug,7.48,mg,154,mg,,,42,mg,,ug,3433,mg,422,mg,34,mg,490,mg,2.8,ug,5.82,mg
2474,Albondigas en conserva,"Meatball, canned",,A0459 A0722 A0735 A0799 A1061 A1258 B1134 C0270 E0107 F0014 G0014 H0191 H0212 J0123 K0003 M0182 N0042 P0024 R0212 Z0112,,,,,,,,,,,1.000000,BEDCA2,0,g,590.84,kJ,9.72,g,6.8,g,71.6,g,6.8,g,5.05,g,,,,,,,90,mg,,,,,,,,,,,,,,,,,,,,,3.91,g,2.73,g,2.828,g,,,,,34.08,ug,5,mg,,,0.13,mg,0.06,mg,9.55,ug,24.84,ug,0.12,mg,0,mg,0.23,ug,1.43,mg,124,mg,,,6.3,mg,6.7,ug,614.3,mg,89.4,mg,929.3,mg,243.2,mg,8.2,ug,0.43,mg
2475,Azafrán,Saffron,Crocus sativus.,A0113 A0463 A0637 A0653 A0722 A0731 A0857 B1459 C0237 E0151 F0014 G0010 H0138 J0116 K0003 M0001 N0001 P0024 R0212 R0497 Z0112 Z0205,A01AR,12,A011X,"Legumes, nuts, oilseeds and spices",38,A016S,Spices,,,./foodimages/saffron.jpg,1.000000,BEDCA2,0,g,1457.6,kJ,5.9,g,11.4,g,11.9,g,61.5,g,3.9,g,19.1,g,,,,,0,mg,,,,,,,,,,,,,,,,,,,,,0.429,g,2.067,g,1.586,g,,,,,0,ug,1.46,mg,,,0.267,mg,0.115,mg,27,ug,0,ug,1.01,mg,0,mg,0,ug,,,110,mg,,,11.1,mg,,,1720,mg,264,mg,150,mg,250,mg,5.6,ug,1.09,mg
2476,Bocadillo,Sandwich,,A0467 A0722 A0735 A0820 B0001 C0005 E0147 F0003 G0001 H0001 J0003 K0003 M0001 N0001 P0024 R0212 Z0109,,,,,,,,,,,1.000000,BEDCA2,0,g,938.74,kJ,4.08,g,11.06,g,47.21,g,35.28,g,2.38,g,,,,,,,,mg,,,,,,,,,,,,,,,,,,,,,1.37,g,0.64,g,1.34,g,,,,,0.9,ug,2.09,mg,,,0.08,mg,0.13,mg,9.72,ug,0.14,ug,0.09,mg,0,mg,8,ug,0,mg,57.8,mg,,,1.46,mg,4.79,ug,116.48,mg,20.89,mg,536.79,mg,83.03,mg,0,ug,0.95,mg
2477,"Canela, en polvo","Cinnamon, powder",cinnamomum verum,A0133 A0463 A0637 A0722 A0735 A0765 A0857 B1472 C0264 E0106 F0001 G0003 H0001 J0001 K0001 M0001 N0001 P0024 R0212 R0497 Z0112 Z0205,,,,,,,,,,,1.000000,BEDCA2,0,g,1554.73,kJ,3.2,g,3.9,g,10.58,g,80.59,g,54.3,g,,,,,,,0,mg,,,,,,,,,,,,,,,,,,,,,0.48,g,0.53,g,0.65,g,,,,,29,ug,1.3,mg,,,0.14,mg,0.08,mg,25.8,ug,0,ug,0.25,mg,28.5,mg,0,ug,0.01,mg,1228,mg,,,38.1,mg,,,500,mg,55.6,mg,26.3,mg,61.4,mg,15,ug,1.97,mg
2478,Canelones,Canneloni,,A0172 A0722 A0735 A0861 A1099 B1347 C0001 E0134 F0014 G0005 J0136 K0003 M0287 N0042 R0212 Z0112,,,,,,,,,,,1.000000,BEDCA2,0,g,799.3,kJ,12,g,11.2,g,65,g,9.7,g,0.5,g,,,,,,,40,mg,,,,,,,,,,,,,,,,,,,,,5.1,g,2.4,g,4,g,,,,,10,ug,1.9,mg,,,0.08,mg,0.15,mg,37,ug,0.3,ug,0.2,mg,2,mg,0.2,ug,2.6,mg,47,mg,,,1.5,mg,28.5,ug,210,mg,19,mg,272,mg,84,mg,7.5,ug,0.5,mg
2479,Arroz con leche,Rice with milk,,A0164 A0699 A0724 A0781 A1046 B1322 C0165 E0119 F0014 G0039 H0158 H0184 H0321 J0123 K0003 M0172 N0036 P0024 R0212 Z0112,A041E,5,A03VA,Composite dishes,10,A03VB,"Dishes, incl. Ready to eat meals (excluding soups and salads)",,,,1.000000,BEDCA2,0,g,383,kJ,1.3,g,3.3,g,78.9,g,16.4,g,0.1,g,,,,,,,9,mg,,,,,,,,,,,,,,,,,,,,,0.31,g,0.08,g,0.77,g,,,,,5,ug,0.81,mg,,,0.13,mg,0.04,mg,18,ug,0.24,ug,0.09,mg,0,mg,0.1,ug,0.15,mg,109,mg,,,0.2,mg,6.3,ug,138,mg,14,mg,38,mg,96,mg,1.9,ug,0.3,mg
2480,Batido de chocolate,"Milk shake, chocolate",,A0719 A0724 A0778 A1042 A1259 A1271 B1201 C0113 E0130 F0014 G0012 H0144 H0231 H0487 H0493 H0496 H0749 J0123 J0131 K0004 M0186 M0355 N0017 N0034 R0001 Z0112,,,,,,,,,,,1.000000,BEDCA2,0,g,345.7,kJ,3.6,g,2.7,g,83.1,g,9.8,g,0.8,g,,,,,,,13,mg,0.025,g,0.088,g,0.302,g,0.146,g,0.202,g,0.022,g,0.003,g,0.001,g,,,,,1,g,0.1,g,2.3,g,0.0318,g,,,5,ug,0.75,mg,,,0.09,mg,0.04,mg,36.17,ug,0.36,ug,0.04,mg,1,mg,0,ug,0.09,mg,111,mg,,,0.3,mg,7.2,ug,192,mg,22,mg,49,mg,95,mg,1.9,ug,0.4,mg
2481,Batido de fresa,"Milk shake, strawberry",,A0719 A0724 A0780 A1042 A1259 A1271 B1201 C0235 E0130 F0014 G0012 H0487 H0493 H0496 J0123 J0131 K0004 M0172 N0017 N0039 N0042 P0024 R0001 Z0112,,,,,,,,,,,1.000000,BEDCA2,0,g,275,kJ,1,g,2.8,g,84.2,g,11.2,g,0.8,g,,,,,,,12,mg,0.025,g,0.088,g,0.302,g,0.146,g,0.202,g,0.022,g,0.003,g,0.001,g,,,,,2.9,g,0.7,g,0.62,g,0.0318,g,,,1.72,ug,0.74,mg,,,0.19,mg,0.04,mg,22.8,ug,0.2,ug,0.04,mg,0.09,mg,0.01,ug,0.04,mg,110,mg,,,0.09,mg,7.2,ug,183,mg,11.31,mg,95,mg,90,mg,2.3,ug,0.39,mg
2482,Batido de soja,Soya shake,,A0719 A0724 A0778 A1042 A1284 B1452 C0155 E0102 F0014 G0001 H0148 H0162 H0252 H0257 J0123 K0003 M0159 N0039 P0024 R0212 Z0112,,,,,,,,,,,1.000000,BEDCA2,0,g,343.7,kJ,5.2,g,5,g,85.9,g,3.9,g,0,g,,,,,,,0,mg,,,,,,,,,,,,,,,,,,,,,1,g,2.6,g,0.6,g,,,,,19,ug,0.1,mg,,,0.03,mg,0.07,mg,0,ug,0,ug,0.07,mg,0.47,mg,0,ug,0.74,mg,100,mg,,,0.4,mg,0,ug,120,mg,15,mg,32,mg,47,mg,1.3,ug,0.2,mg
2483,Crema catalana,Catalan creme,,A0452 A0721 A0724 A0789 A1034 A1259 B1201 C0235 E0119 F0014 G0014 H0158 H0186 H0320 J0003 K0003 M0001 N0001 P0024 R0212 Z0109,,,,,,,,,,,1.000000,BEDCA2,0,g,433.36,kJ,2.9,g,3.7,g,77.9,g,15.48,g,,g,,,,,,,10,mg,,,,,,,,,,,,,,,,,,,,,0.76,g,0.06,g,1.89,g,,,,,5,ug,1,mg,,,0.18,mg,0.04,mg,63,ug,0.5,ug,0.06,mg,1,mg,0.83,ug,0.1,mg,130,mg,,,0.1,mg,8.3,ug,160,mg,13,mg,81,mg,110,mg,2.7,ug,0.4,mg
2484,Cremoso san millan,"""san millan"" creamy cheese",,A0720 A0724 A0786 A1050 A1259 A1271 B1201 C0235 E0119 F0014 G0012 H0367 H0748 J0131 K0004 M0172 N0036 P0024 R0001 Z0112,,,,,,,,,,,1.000000,BEDCA2,0,g,1089.9,kJ,25,g,6.7,g,63,g,3,g,0,g,,,,,,,65,mg,,,,,,,,,,,,,,,,,,,,,6.6,g,0.7,g,14.3,g,,,,,3.5,ug,0.12,mg,,,,mg,0.05,mg,203.8,ug,0.22,ug,0.08,mg,,mg,0.65,ug,0.24,mg,95,mg,,,0.2,mg,29,ug,98,mg,25,mg,457,mg,67,mg,6,ug,2.1,mg
2485,Cuajada,Curdled milk,,A0721 A0724 A0781 A1046 A1259 A1271 B1201 C0245 E0119 F0014 G0012 H0101 H0122 H0184 H0296 H0408 J0104 J0131 K0001 M0172 N0036 P0024 R0001 Z0112,A02NT,14,A02LR,Milk and dairy products,47,A02MZ,Fermented milk or cream,,,,1.000000,BEDCA2,0,g,362.6,kJ,4.7,g,4.5,g,84.2,g,6.6,g,0,g,,,,,,,6.6,mg,,,,,,,,,,,,,,,,,,,,,1.3,g,0.2,g,2.9,g,,,,,5,ug,1,mg,,,0.22,mg,0.05,mg,42,ug,0.3,ug,0.12,mg,0,mg,0.21,ug,0.23,mg,178,mg,,,0.1,mg,9,ug,218,mg,16,mg,64,mg,129,mg,9,ug,0.5,mg
2486,Flan de huevo,Egg custard,,A0452 A0724 A0778 A1046 A1259 A1271 B0001 C0235 E0119 F0014 G0001 H0136 H0184 H0186 H0748 J0123 K0003 M0172 N0036 P0024 R0212 Z0112,,,,,,,,,,,1.000000,BEDCA2,0,g,554.2,kJ,3.4,g,4.8,g,70,g,20.4,g,,g,,,,,,,147,mg,,,,,,,,,,,,,,,,,,,,,1.82,g,0.53,g,2.03,g,,,,,9,ug,0.43,mg,,,0.17,mg,0.05,mg,95,ug,0.6,ug,0.1,mg,0,mg,0.58,ug,0.23,mg,91,mg,,,0.7,mg,33,ug,122,mg,13,mg,63,mg,107,mg,4.6,ug,0.6,mg
2487,Helado de chocolate,Chocolate ice cream,,A0721 A0724 A0789 A1042 A1259 A1271 B1201 C0235 E0151 F0018 G0003 H0148 H0157 H0168 H0231 H0263 H0403 H0425 H0539 H0557 H0749 J0136 K0004 M0137 N0036 P0024 R0001 Z0112,,,,,,,,,,,1.000000,BEDCA2,0,g,951,kJ,11,g,3.8,g,55.7,g,28.2,g,1.2,g,,,,,,,34,mg,3.191,g,1.235,g,0.84,g,0.9,g,0.4,g,0.172,g,0.003,g,,,,,,,3.21,g,0.41,g,6.8,g,0.05,g,,,16,ug,0.226,mg,,,0.194,mg,0.042,mg,10.4,ug,0.29,ug,0.055,mg,0.7,mg,0.2,ug,0.3,mg,109,mg,,,0.93,mg,,ug,249,mg,29,mg,76,mg,107,mg,2.5,ug,0.58,mg
2488,Helado de fresa,Strawberry ice cream,,A0721 A0724 A0789 A1042 A1259 A1271 B1201 C0235 E0151 F0018 G0003 H0145 H0271 H0297 H0395 H0436 H0491 H0539 H0557 H0749 J0136 K0004 M0137 N0036 P0024 R0001 Z0112,,,,,,,,,,,1.000000,BEDCA2,0,g,834.4,kJ,8.4,g,3.2,g,60,g,27.6,g,0.9,g,,,,,,,29,mg,3.191,g,1.235,g,0.84,g,0.9,g,0.4,g,0.172,g,0.003,g,,,,,,,,g,,g,5.19,g,0.05,g,,,12,ug,0.17,mg,,,0.255,mg,0.045,mg,96,ug,0.3,ug,0.05,mg,7.7,mg,,ug,,mg,120,mg,,,0.21,mg,,ug,188,mg,14,mg,60,mg,100,mg,1.9,ug,0.34,mg
2489,Helado de nata,Cream ice cream,,A0721 A0724 A0789 A1042 A1259 A1271 B1201 C0235 E0151 F0018 G0003 H0165 H0263 H0297 H0487 H0492 H0539 H0557 H0749 J0136 K0004 M0137 N0036 P0024 R0001 Z0112,,,,,,,,,,,1.000000,BEDCA2,0,g,880.7,kJ,10.8,g,3.9,g,60,g,24.4,g,0,g,,,,,,,30,mg,3.191,g,1.235,g,0.84,g,0.9,g,0.4,g,0.172,g,0.003,g,,,,,,,2.8,g,0.3,g,7.3,g,0.05,g,,,2,ug,1,mg,,,0.23,mg,0.04,mg,112.3,ug,0.5,ug,0.02,mg,1.3,mg,0.1,ug,0.5,mg,146,mg,,,0.1,mg,15,ug,190,mg,14,mg,44,mg,120,mg,3.5,ug,0.5,mg
2490,Leche de almendra,Almond milk,,A0719 A0724 A0778 A1042 A1284 B1272 C0155 E0102 F0014 G0001 H0148 H0162 J0123 K0003 M0159 N0039 P0024 R0212 Z0112,,,,,,,,,,,1.000000,BEDCA2,0,g,1470,kJ,5.5,g,14.5,g,97.05,g,60,g,6,g,,,,,,,0,mg,,,,,,,,,,,,,,,,,,,,,0.76,g,1.02,g,0.43,g,,,,,,ug,0.075,mg,,,0.15,mg,6,mg,120,ug,,ug,,mg,,mg,5,ug,0.09,mg,200,mg,,,2,mg,,ug,420,mg,60,mg,18,mg,280,mg,,ug,,mg
2491,Bebida de soja,Soya drink,,A0719 A0724 A0778 A1042 A1284 B1452 C0155 E0102 F0014 G0001 H0148 H0162 H0257 J0123 K0003 M0159 N0039 P0024 R0212 Z0112,A03TJ,15,A03RQ,"Products for non-standard diets, food imitates and food supplements or fortifying agents",52,A03TD,Meat and dairy imitates,,,,1.000000,BEDCA2,0,g,220.4,kJ,1.84,g,3.2,g,87.9,g,5.76,g,1.3,g,,,,,,,0,mg,,,,,,,,,,,,,,,,,,,,,0.314,g,0.802,g,0.206,g,,,,,1,ug,0.883,mg,,,0.42,mg,0.12,mg,2,ug,0,ug,0.062,mg,0,mg,0,ug,0.74,mg,100,mg,,,0.8,mg,0,ug,191,mg,28,mg,3,mg,47,mg,1.3,ug,0.39,mg
2492,"Leche de vaca, desnatada, condensada, con azúcar","Milk, skimmed, condensed, with sugar",Gorditus apetitositus,A0148 A0452 A0626 A0719 A0724 A0740 A0779 B1201 C0235 E0139 F0018 G0003 H0136 H0138 H0248 J0135 K0003 M0001 N0001 P0024 R0212 R0497 Z0112,,,,,,,,,,,1.000000,BEDCA2,0,g,1197.44,kJ,0.201,g,10,g,29.8,g,60,g,0,g,,,,,,,1,mg,,,,,,,,,,,,,,,,,,,,,0.1,g,,g,0.1,g,,,,,16,ug,2.6,mg,,,0.51,mg,0.11,mg,31.33,ug,0.9,ug,0.09,mg,5,mg,0.85,ug,0.04,mg,330,mg,,,0.33,mg,89,ug,450,mg,33,mg,150,mg,270,mg,3,ug,1.2,mg
2493,"Leche de vaca, entera",Whole milk,,A0719 A0724 A0778 A1042 A1259 A1271 B1201 C0235 E0123 F0014 G0003 H0001 J0147 K0004 M0130 M0156 N0017 N0039 N0040 P0024 R0001 Z0112,,,,,,,,,,,1.000000,BEDCA2,0,g,272.52,kJ,3.8,g,3.06,g,88.4,g,4.7,g,0,g,,,,,,,14,mg,0.118,g,0.371,g,1.07,g,0.35,g,0.73,g,0.078,g,0.009,g,0.006,g,0.0016,g,,,1.1,g,0.13,g,2.3,g,0.179,g,,,5.5,ug,0.73,mg,,,0.19,mg,0.04,mg,46,ug,0.3,ug,0.04,mg,1.4,mg,0.03,ug,0.1,mg,124,mg,,,0.09,mg,9,ug,157,mg,11.6,mg,48,mg,92,mg,1.4,ug,0.38,mg
2494,Leche materna,human milk,,A0148 A0452 A0626 A0719 A0724 A0740 A0780 B1087 C0235 E0123 F0003 G0003 H0003 J0001 K0003 M0001 N0001 P0024 R0212 R0497 Z0112,,,,,,,,,,,1.000000,BEDCA2,0,g,287.66,kJ,4.03,g,1.15,g,87.8,g,7,g,0,g,,,,,,,16,mg,,,,,,,,,,,,,,,,,,,,,1.523,g,0.435,g,2.031,g,,,,,8,ug,0.517,mg,,,0.038,mg,0.015,mg,69.5,ug,0.05,ug,0.014,mg,6.5,mg,0.07,ug,0.278,mg,29,mg,,,0.058,mg,5.1,ug,47,mg,3.2,mg,13,mg,15,mg,3.3,ug,0.134,mg
2495,Preparado lácteo con omega 3,Dairy product with omega 3,,A0719 A0724 A0778 A1042 A1284 B1201 C0235 E0102 F0014 G0001 H0162 H0263 J0123 K0003 M0159 N0039 P0024 R0212 Z0112,,,,,,,,,,,1.000000,BEDCA2,0,g,220.05,kJ,1.95,g,3.5,g,88,g,5.2,g,,g,,,,,,,,mg,,,0.018,g,0.186,g,0.157,g,1.471,g,0.203,g,,,,,0.019,g,0.026,g,1.4,g,0.27,g,0.23,g,,,,,30,ug,,mg,,,,mg,,mg,120,ug,0.4,ug,0.3,mg,,mg,0.75,ug,1.5,mg,132,mg,,,,mg,,ug,,mg,,mg,,mg,,mg,,ug,,mg
2496,Mousse de chocolate,Chocolate mousse,,A0158 A0699 A0724 A0781 A1046 B0001 C0158 E0119 F0014 G0001 H0186 H0231 H0355 J0123 K0003 M0172 N0036 P0024 R0212 Z0112,A02PV,14,A02LR,Milk and dairy products,45,A02PT,Dairy dessert and similar,,,,1.000000,BEDCA2,0,g,1029,kJ,8.1,g,5.1,g,41.9,g,37.8,g,2.3,g,,,,,,,35,mg,,,,,,,,,,,,,,,,,,,,,2.59,g,0.25,g,4.79,g,,,,,4,ug,0.24,mg,,,0.16,mg,0.03,mg,57,ug,0.2,ug,0.1,mg,0,mg,0.15,ug,0.19,mg,132,mg,,,0.5,mg,0.45,ug,201,mg,19,mg,63,mg,101,mg,6.1,ug,0.3,mg
2497,Natillas sabor vainilla,"Custard, vainilla flavored",,A0719 A0724 A0780 A1045 A1259 A1271 B1201 C0235 E0123 F0014 G0001 H0145 H0165 H0296 H0317 H0367 H0403 H0487 H0496 H0748 H0749 J0131 K0004 M0156 M0172 N0036 N0039 P0024 R0001 Z0112,,,,,,,,,,,1.000000,BEDCA2,0,g,433.36,kJ,2.9,g,3.7,g,77.9,g,15.48,g,,g,,,,,,,10,mg,0.1532,g,0.466,g,1.392,g,0.3144,g,0.9788,g,0.1184,g,0.0124,g,,g,,g,,g,0.76,g,0.06,g,1.89,g,0.02,g,,,5,ug,1,mg,,,0.18,mg,0.04,mg,63,ug,0.5,ug,0.06,mg,1,mg,0.03,ug,0.1,mg,130,mg,,,0.1,mg,8.3,ug,160,mg,13,mg,81,mg,110,mg,2.7,ug,0.4,mg
2498,Queso azul,Blue cheese,,A0138 A0720 A0724 A0784 A1030 A1259 B1201 C0245 E0119 F0014 G0003 H0200 H0208 H0298 H0329 H0367 J0131 K0003 M0172 N0036 P0024 Z0112,A030B,14,A02LR,Milk and dairy products,44,A02QE,Cheese,,,,0.950000,BEDCA2,0,g,1461.81,kJ,29.8,g,21.13,g,43.65,g,,g,0,g,,,,,,,88,mg,,,,,,,,,,,,,,,,,,,,,8.24,g,0.768,g,17.55,g,,,,,40,ug,3.517,mg,,,0.5,mg,0.043,mg,290,ug,0.59,ug,0.18,mg,,mg,0.23,ug,0.77,mg,526,mg,,,0.18,mg,9,ug,128,mg,39,mg,787,mg,362,mg,2,ug,4.1,mg
2499,Queso brie,Brie cheese,,A0138 A0720 A0724 A0784 A1030 A1259 B1201 C0245 E0119 F0014 G0003 H0200 H0208 H0298 H0367 J0131 K0003 M0172 N0036 P0024 Z0112,A02RV,14,A02LR,Milk and dairy products,44,A02QE,Cheese,,,,1.000000,BEDCA2,0,g,1428.3,kJ,30.7,g,17.2,g,50.5,g,,g,,g,,,,,,,80,mg,,,,,,,,,,,,,,,,,,,,,8.59,g,0.89,g,19.35,g,,,,,,,5.8,mg,,,0.5,mg,0.06,mg,320,ug,1.7,ug,0.2,mg,0,mg,0.2,ug,0.5,mg,256,mg,,,0.6,mg,4,ug,119,mg,27,mg,593,mg,303,mg,14.5,ug,2,mg
2500,"Queso cabra, curado","Goat cheese, cured",,A0138 A0720 A0724 A0784 A1030 A1259 B2245 C0245 E0147 F0014 G0003 H0200 H0208 H0253 H0298 H0367 J0131 K0003 M0172 N0036 P0024 Z0112,,,,,,,,,,,1.000000,BEDCA2,0,g,1934.4,kJ,39.6,g,27.6,g,29.08,g,,g,0,g,,,,,,,100,mg,,,,,,,,,,,,,,,,,,,,,10.602,g,2.4,g,25.4,g,,,,,53,ug,7.233,mg,,,1.2,mg,0.14,mg,437,ug,1.5,ug,0.1,mg,0,mg,0.2,ug,0.9,mg,190,mg,,,1.1,mg,2,ug,114,mg,26,mg,790,mg,796,mg,5.5,ug,2.9,mg
2501,Queso cabrales,Cabrales cheese,,A0720 A0724 A0784 A1030 A1259 B1201 C0245 E0147 F0014 G0003 H0200 H0203 H0208 H0298 H0329 H0367 J0131 K0003 M0172 N0036 P0026,,,,,,,,,,,0.950000,BEDCA2,0,g,1571.7,kJ,32.6,g,21.5,g,41.8,g,,g,,g,,,,,,,90,mg,,,,,,,,,,,,,,,,,,,,,10.1,g,1.2,g,19.38,g,,,,,20,ug,6.3,mg,,,0.3,mg,0.03,mg,388,ug,1.5,ug,0.1,mg,0,mg,0.25,ug,0.6,mg,358,mg,,,0.5,mg,2,ug,95,mg,16,mg,1067,mg,379,mg,14.5,ug,2.3,mg
2502,"Queso curado, genérico",Cured cheese,,A0168 A0720 A0724 A0784 A1030 A1259 B1201 C0245 E0147 F0014 G0003 H0200 H0208 H0253 H0293 H0298 H0367 J0131 K0003 M0172 N0036 P0024 Z0112,,,,,,,,,,,1.000000,BEDCA2,0,g,1874.76,kJ,34,g,35.77,g,27,g,0.51,g,0,g,,,,,,,74.4,mg,,,,,,,,,,,,,,,,,,,,,9.9,g,1,g,21.3,g,,,,,21.8,ug,8.2,mg,,,0.33,mg,0.04,mg,234,ug,1.5,ug,0.2,mg,0,mg,0.9,ug,0.61,mg,848,mg,,,0.75,mg,4.1,ug,82,mg,33.5,mg,620,mg,470,mg,12,ug,3.2,mg
2503,Queso de bola,Cheese,,A0720 A0724 A0784 A1030 A1259 B2974 C0235 E0147 F0014 G0003 H0102 H0200 H0298 H0367 J0131 K0003 M0172 N0036 P0024 R0212 Z0112,A02TV,14,A02LR,Milk and dairy products,44,A02QE,Cheese,,,,1.000000,BEDCA2,,g,1399,kJ,28.3,g,20.7,g,42.3,g,,g,,g,,,,,,,80,mg,,,,,,,,,,,,,,,,,,,,,7.92,g,0.91,g,17.3,g,,,,,20,ug,6.3,mg,,,0.4,mg,0.04,mg,238,ug,1.5,ug,0.1,mg,0,mg,0.18,ug,0.8,mg,746,mg,,,0.6,mg,1.7,ug,64,mg,73,mg,778,mg,462,mg,14.5,ug,2.6,mg
2504,Queso edam,"Cheese, edam type",,A0138 A0720 A0724 A0784 A1030 A1259 B1201 C0245 E0147 F0014 G0003 H0200 H0208 H0298 H0367 J0131 K0003 M0172 N0036 P0026 Z0148,A02TV,14,A02LR,Milk and dairy products,44,A02QE,Cheese,,,,0.950000,BEDCA2,0,g,1399,kJ,28.3,g,20.7,g,42.3,g,,g,,g,,,,,,,80,mg,,,,,,,,,,,,,,,,,,,,,7.92,g,0.91,g,17.3,g,,,,,20,ug,6.1,mg,,,0.4,mg,0.04,mg,238,ug,1.5,ug,0.1,mg,0,mg,0.18,ug,0.8,mg,746,mg,,,0.6,mg,45,ug,746,mg,30,mg,440,mg,462,mg,20.5,ug,2.6,mg
2505,Queso emmental,Emmental cheese,,A0138 A0720 A0724 A0784 A1030 A1259 B1201 C0245 E0147 F0014 G0003 H0200 H0208 H0253 H0298 H0367 J0131 K0003 M0172 N0036 P0024 P0026 Z0112,,,,,,,,,,,0.940000,BEDCA2,0,g,1529.7,kJ,28.8,g,27.3,g,36.7,g,,g,,g,,,,,,,110,mg,0.989,g,3.577,g,9.288,g,3.426,g,7.908,g,0.489,g,0.276,g,,,,,,,8.9,g,1,g,17.3,g,,,,,9,ug,7.1,mg,,,0.34,mg,0.05,mg,231,ug,2.2,ug,0.1,mg,0,mg,0.3,ug,0.35,mg,1029,mg,,,0.8,mg,2,ug,98,mg,45,mg,275,mg,746,mg,11,ug,2.3,mg
2506,Queso en porciones,"Processed cheese, portions",,A0720 A0724 A0776 A0786 A1050 A1271 B1201 C0235 E0115 F0014 G0012 H0184 H0271 H0472 H0557 H0646 H0693 H0746 H0748 J0131 K0004 M0156 M0190 N0039 N0042 P0024 R0001 Z0112,,,,,,,,,,,1.000000,BEDCA2,0,g,1292,kJ,25.5,g,18,g,54,g,2.5,g,0,g,0,g,,,,,94,mg,0.778,g,2.537,g,7.415,g,3.256,g,4.95,g,0.589,g,0.102,g,0.033,g,0.005,g,,,10.1,g,1.05,g,14.24,g,1.448,g,,,5,ug,4.2,mg,,,0.3,mg,0.03,mg,299,ug,0.3,ug,0.01,mg,0,mg,0.28,ug,1,mg,276,mg,,,0.1,mg,38.5,ug,150,mg,30,mg,935,mg,535,mg,14.5,ug,0.5,mg
2507,Queso fresco de burgos,"Soft cheese, ""burgos"" type",,A0720 A0724 A0784 A1030 A1259 B1201 C0245 E0147 F0014 G0003 H0200 H0208 H0298 H0367 J0131 K0003 M0172 N0036 P0026,,,,,,,,,,,1.000000,BEDCA2,0,g,823.1,kJ,15.4,g,12.4,g,68.4,g,2.5,g,0,g,,,,,,,14.5,mg,,,,,,,,,,,,,,,,,,,,,4.28,g,0.74,g,9.46,g,,,,,14,ug,4.1,mg,,,0.17,mg,0.02,mg,194,ug,0.66,ug,0.08,mg,0,mg,0,ug,0.56,mg,338,mg,,,0.5,mg,4.8,ug,121,mg,16,mg,272,mg,170,mg,14.5,ug,1.3,mg
2508,Queso manchego,"Cheese ""manchego"" type",,A0168 A0720 A0724 A0784 A1030 A1259 B1201 C0245 E0147 F0014 G0003 H0200 H0208 H0253 H0293 H0298 H0367 J0131 K0003 M0172 N0036 P0024 R0212 Z0112,A02ZR,14,A02LR,Milk and dairy products,44,A02QE,Cheese,,,,0.950000,BEDCA2,0,g,1622.39,kJ,30.4,g,28.77,g,40.3,g,0.5,g,0,g,,,,,,,87.8,mg,0.034,g,0.061,g,0.1925,g,0.051,g,0.1384,g,0.0136,g,0.155,g,0.055,g,,,,,9,g,0.763,g,18.9,g,1.47,g,,,21.3,ug,4.6,mg,,,0.3,mg,0.04,mg,360,ug,1.5,ug,0.2,mg,0,mg,0.28,ug,0.62,mg,765,mg,,,0.64,mg,34,ug,100,mg,36,mg,670,mg,520,mg,1.6,ug,4,mg
2510,Queso mozzarella,Mozzarella cheese,,A0720 A0724 A0784 A1030 A1259 B0001 C0245 E0136 F0014 G0003 H0200 H0208 H0298 H0367 J0131 K0003 M0172 N0036 P0026,,,,,,,,,,,1.000000,BEDCA2,0,g,927.2,kJ,16.1,g,19.5,g,64.4,g,0,g,0,g,,,,,,,78,mg,,,,,,,,,,,,,,,,,,,,,4.01,g,0.4,g,8.67,g,,,,,10,ug,0.14,mg,,,0.27,mg,0.03,mg,,ug,,ug,0.6,mg,0,mg,,ug,,mg,632,mg,,,0.2,mg,,ug,67,mg,24,mg,373,mg,428,mg,14.5,ug,,mg
2511,Queso para untar,Chesee spread,,A0720 A0724 A0784 A1030 A1259 B1201 C0245 E0119 F0014 G0003 H0200 H0208 H0221 H0298 H0367 J0131 K0003 M0172 N0036 P0026,,,,,,,,,,,1.000000,BEDCA2,0,g,1503.61,kJ,32.4,g,15.63,g,47.7,g,2.3,g,0,g,,,,,,,94.1,mg,,,,,,,,,,,,,,,,,,,,,9.9,g,1,g,19.6,g,,,,,15.1,ug,4.167,mg,,,0.34,mg,0.03,mg,299,ug,0.28,ug,0.08,mg,0,mg,0.28,ug,1,mg,420,mg,,,0.1,mg,38.5,ug,149,mg,32.3,mg,925,mg,754,mg,2.7,ug,0.54,mg
2512,Queso parmesano,Parmesan cheese,,A0720 A0724 A0784 A1030 A1259 B2974 C0235 E0117 F0014 G0003 H0102 H0200 H0298 H0367 J0131 K0003 M0172 N0036 P0024 R0212 Z0112,A02ZS,14,A02LR,Milk and dairy products,44,A02QE,Cheese,,,,1.000000,BEDCA2,,g,1529.6,kJ,26.5,g,32.3,g,30.5,g,,g,,g,,,,,,,80,mg,1.001,g,3.215,g,8.448,g,2.655,g,6.696,g,0.6364,g,0.1454,g,,,,,,,7.7,g,0.58,g,16.7,g,,,,,20,ug,7.7,mg,,,0.33,mg,0.02,mg,368,ug,1.5,ug,0.1,mg,0,mg,0.46,ug,0.9,mg,1275,mg,,,0.7,mg,2,ug,113,mg,46,mg,839,mg,782,mg,23.9,ug,5.3,mg
2513,"Queso rallado, genérico",Grated cheese,,A0290 A0312 A0720 A0724 A0784 A1030 A1259 B1201 C0245 E0106 F0014 G0003 H0200 H0208 H0253 H0298 H0367 J0131 K0003 M0172 N0036 P0024 Z0112,,,,,,,,,,,1.000000,BEDCA2,0,g,1645.34,kJ,32.1,g,26.92,g,36.7,g,,g,0,g,,,,,,,120,mg,,,,,,,,,,,,,,,,,,,,,9.3,g,1.73,g,17.12,g,,,,,10,ug,6.4,mg,,,0.319,mg,0.018,mg,240.17,ug,2,ug,0.128,mg,0,mg,0.26,ug,0.8,mg,881,mg,,,0.349,mg,2,ug,86,mg,33,mg,588,mg,581,mg,1.6,ug,4.1,mg
2514,Queso roquefort,Roquefort cheese,,A0720 A0724 A0784 A1030 A1259 B1183 C0245 E0147 F0014 G0003 H0200 H0208 H0298 H0367 J0131 K0003 M0172 N0036 P0026,A030K,14,A02LR,Milk and dairy products,44,A02QE,Cheese,,,,1.000000,BEDCA2,,g,1475.4,kJ,32.8,g,15.4,g,41.6,g,,g,,g,,,,,,,100,mg,,,,,,,,,,,,,,,,,,,,,9.1,g,1.4,g,20.6,g,,,,,49,ug,5.6,mg,,,0.7,mg,0.2,mg,309,ug,0.6,ug,0.1,mg,0,mg,0.2,ug,0.77,mg,600,mg,,,0.5,mg,2,ug,600,mg,25,mg,1522,mg,445,mg,14.5,ug,2,mg
2515,"Queso semicurado, genérico",Semi-cured cheese,,A0168 A0312 A0720 A0724 A0784 A1030 A1259 B1201 C0245 E0147 F0014 G0003 H0200 H0208 H0253 H0292 H0298 H0367 J0131 K0003 M0172 N0036 P0024 Z0112,,,,,,,,,,,1.000000,BEDCA2,0,g,1626.3,kJ,30.4,g,29,g,38,g,0.5,g,0,g,,,,,,,87.8,mg,,,,,,,,,,,,,,,,,,,,,9,g,0.72,g,18.9,g,,,,,21.3,ug,6.7,mg,,,0.3,mg,0.04,mg,360,ug,1.5,ug,0.8,mg,0,mg,0.28,ug,0.62,mg,765,mg,,,0.64,mg,34.1,ug,100,mg,36,mg,670,mg,520,mg,1.6,ug,4,mg
2516,"Queso tierno, genérico",Fresh cheese,,A0138 A0720 A0724 A0784 A1030 A1259 B1201 C0245 E0147 F0014 G0003 H0200 H0208 H0289 H0298 H0367 J0131 K0003 M0172 N0036 P0024 Z0112,,,,,,,,,,,1.000000,BEDCA2,0,g,1381.8,kJ,25.4,g,26,g,47,g,,g,0,g,,,,,,,70,mg,,,,,,,,,,,,,,,,,,,,,7.28,g,0.73,g,13.68,g,,,,,20,ug,5.2,mg,,,0.3,mg,0.02,mg,218,ug,1.4,ug,0.2,mg,0,mg,0.18,ug,0.6,mg,470,mg,,,0.9,mg,34,ug,100,mg,28,mg,670,mg,520,mg,1.6,ug,3,mg
2517,Requesón,Cottage cheese,,A0720 A0724 A0776 A0787 A1032 A1271 B1201 C0235 E0147 F0022 G0012 H0130 J0104 K0001 M0128 N0036 P0026 R0001,A02QL,14,A02LR,Milk and dairy products,44,A02QE,Cheese,,,,1.000000,BEDCA2,0,g,424.47,kJ,4.3,g,12.31,g,80.1,g,3.3,g,0,g,,,,,,,13,mg,,,,,,,,,,,,,,,,,,,,,1.16,g,0.14,g,2.045,g,,,,,27,ug,2.917,mg,,,0.25,mg,0.029,mg,22.3,ug,0.78,ug,0.08,mg,0,mg,0.03,ug,0.07,mg,95,mg,,,0.3,mg,2,ug,88,mg,9,mg,230,mg,150,mg,4,ug,0.6,mg
2518,"Leche fermentada, bifidobacterium, entera, natural","Fermented milk, plain",,A0719 A0724 A0783 A1046 A1259 B1201 C0235 E0119 F0014 G0003 H0152 H0208 H0298 H0748 J0131 K0003 M0172 N0036 P0026,,,,,,,,,,,1.000000,BEDCA2,0,g,261.8,kJ,3.4,g,3.6,g,88.6,g,4.4,g,0,g,,,,,,,3,mg,0.061,g,0.187,g,0.489,g,0.146,g,0.296,g,0.009,g,0.006,g,,,,,,,0.9,g,0.1,g,2.2,g,,,,,5,ug,0.42,mg,,,0.18,mg,0.04,mg,33.5,ug,0.3,ug,0.09,mg,1,mg,0.2,ug,0.3,mg,141,mg,,,0.1,mg,4,ug,180,mg,13,mg,51,mg,107,mg,1,ug,0.4,mg
2519,Batido fermentado de soja,Soy yogurt,,A0719 A0724 A0783 A1046 A1259 B1201 C0235 E0119 F0014 G0003 H0152 H0208 H0298 H0338 H0748 J0131 K0003 M0172 N0036 P0026,,,,,,,,,,,1.000000,BEDCA2,0,g,373.63,kJ,1.18,g,2.35,g,78.18,g,17.06,g,0.6,g,,,,,,,0,mg,,,,,0.4176,g,0.2088,g,0.7772,g,1.264,g,0.1305,g,,,,,,,1,g,2.6,g,0,g,,,,,19,ug,0.1,mg,,,0.03,mg,0.07,mg,0,ug,0,ug,,mg,17.6,mg,0,ug,0,mg,176,mg,,,0.64,mg,0,ug,120,mg,15,mg,15,mg,47,mg,1.3,ug,0.2,mg
2520,Yogur griego,Strained yogurt,,A0101 A0724 A0778 B1201 C0235 E0134 F0018 G0003 H0296 H0748 J0135 K0003 M0188 N0036 N0042 P0024 Z0112,,,,,,,,,,,1.000000,BEDCA2,0,g,578,kJ,10.2,g,6.4,g,78,g,5.4,g,0,g,0,g,,,,,11,mg,0.1228,g,0.35,g,0.9062,g,0.3726,g,0.5722,g,0.009,g,0.03,g,0.015,g,0.01,g,0.015,g,2.46,g,0.28,g,6.8,g,,,,,6,ug,1.6,mg,,,0.36,mg,0.03,mg,121,ug,0.2,ug,0.05,mg,,mg,0.05,ug,0.38,mg,150,mg,,,0.3,mg,4,ug,150,mg,12,mg,71,mg,130,mg,2,ug,0.5,mg
2521,"Yogur líquido, ""tipo actimel""","Yoghurt liquid, ""type actimel""",,A0719 A0724 A0783 A1046 A1259 A1284 B1201 C0235 E0139 F0014 G0003 H0208 H0298 H0748 J0131 K0003 M0172 N0036 P0026,,,,,,,,,,,1.000000,BEDCA2,0,g,261.8,kJ,3.4,g,3.6,g,87.5,g,4.4,g,,g,,,,,,,3,mg,,,,,,,,,,,,,,,,,,,,,0.9,g,0.1,g,2.2,g,,,,,5,ug,0.42,mg,,,0.18,mg,0.04,mg,33,ug,0.3,ug,0.1,mg,1,mg,0.2,ug,0.3,mg,146,mg,,,0.1,mg,4,ug,183,mg,12,mg,55,mg,103,mg,1,ug,0.4,mg
2524,"Yogur, desnatado, con cereales, manzana y ciruela","Yogurt, skimmed, with cereals, apple and plum",,A0101 A0452 A0626 A0721 A0724 A0776 A0778 B1201 C0235 E0134 F0014 G0003 H0101 H0147 H0184 H0248 H0318 H0319 H0320 H0395 J0123 K0003 M0188 N0036 N0042 P0024 R0212 R0497 Z0112,,,,,,,,,,,1.000000,BEDCA2,0,g,294.7,kJ,0.2,g,3.8,g,81.8,g,13.1,g,1.1,g,,,,,,,0.3,mg,,,,,,,,,,,,,,,,,,,,,0.1,g,0,g,0.1,g,,,,,16,ug,0.43,mg,,,0.19,mg,0.03,mg,10.7,ug,0.4,ug,0.42,mg,,mg,,ug,0,mg,105,mg,0.031,mg,0.155,mg,14.4,ug,117.1,mg,9.8,mg,35.2,mg,95,mg,1,ug,0.341,mg
2525,"Yogur, desnatado, con ciruela, albaricoque y fibra","Yogurt, skimmed, with plum, apricot and fiber",,A0101 A0452 A0626 A0721 A0724 A0776 A0778 B1201 C0235 E0134 F0014 G0003 H0101 H0147 H0158 H0184 H0227 H0248 H0319 H0337 J0123 K0003 M0188 N0036 N0042 P0024 R0212 R0497 Z0112,,,,,,,,,,,1.000000,BEDCA2,0,g,241.7,kJ,0.1,g,4.1,g,85.9,g,9.9,g,1.3,g,,,,,,,1.2,mg,,,,,,,,,,,,,,,,,,,,,,g,,g,,g,,,,,3.8,ug,0.8,mg,,,0.16,mg,0.03,mg,160,ug,0.3,ug,0.05,mg,1.4,mg,1,ug,2.4,mg,111.4,mg,0.022,mg,0.221,mg,16.8,ug,126.2,mg,11.5,mg,44.6,mg,,,2.4,ug,0.34,mg
2526,"Yogur, desnatado, con fresa, grosella y fibra","Yogurt, skimmed, with strawberry, redcurrant and fiber",,A0101 A0452 A0626 A0721 A0724 A0776 A0778 B1201 C0235 E0134 F0014 G0003 H0101 H0145 H0147 H0158 H0168 H0184 H0227 H0248 H0319 H0322 H0337 J0123 K0003 M0187 N0036 N0042 P0024 R0212 R0497 Z0112,,,,,,,,,,,1.000000,BEDCA2,0,g,241.7,kJ,0.1,g,4.1,g,85.9,g,9.9,g,1.3,g,,,,,,,1.2,mg,,,,,,,,,,,,,,,,,,,,,,g,,g,,g,,,,,3.8,ug,0.8,mg,,,0.16,mg,0.03,mg,160,ug,0.3,ug,0.05,mg,1.4,mg,1,ug,2.4,mg,110.6,mg,0.021,mg,0.172,mg,16.8,ug,129.9,mg,11.8,mg,46,mg,79.1,mg,2.4,ug,0.354,mg
2527,"Yogur, desnatado, con frutas","Yogurt, skimmed, with fruits",,A0101 A0724 A0778 B1201 C0235 E0134 F0014 G0003 H0101 H0147 H0168 H0184 H0227 H0248 J0123 K0003 M0187 N0036 N0042 P0024 Z0112,,,,,,,,,,,1.000000,BEDCA2,0,g,295.221,kJ,0.2003,g,3.83,g,81.8,g,13.1,g,1.1,g,,,,,,,0.3,mg,,,,,,,,,,,,,,,,,,,,,0.1,g,0,g,0.1,g,,,,,16,ug,0.43,mg,,,0.19,mg,0.03,mg,10.67,ug,0.4,ug,0.42,mg,,mg,,ug,0,mg,112.13,mg,,,0.16,mg,14.35,ug,210,mg,12.78,mg,64,mg,95,mg,1,ug,0.33,mg
2528,"Yogur, desnatado, con melocotón, frambuesa y fibra","Yogurt, skimmed, with peach, raspberry and fiber",,A0101 A0452 A0626 A0721 A0724 A0776 A0778 B1201 C0235 E0134 F0014 G0003 H0101 H0147 H0168 H0184 H0248 J0123 K0003 M0188 N0036 N0042 P0024 R0212 R0497 Z0112,,,,,,,,,,,1.000000,BEDCA2,0,g,241.7,kJ,0.1,g,4.1,g,85.9,g,9.9,g,1.3,mg,,,,,,,1.2,mg,,,,,,,,,,,,,,,,,,,,,,g,,g,,g,,,,,3.8,ug,0.8,mg,,,0.16,mg,0.03,mg,160,ug,0.3,ug,0.05,mg,1.4,mg,1,ug,2.4,mg,110.2,mg,0.02,mg,0.144,mg,16.8,ug,118.8,mg,10.3,mg,43.4,mg,79.1,mg,2.4,ug,0.347,mg
2530,"Yogur, desnatado, sabor natural","Yogurt, skimmed, plain flavour",,A0101 A0724 A0778 B1201 C0235 E0119 F0014 G0003 H0101 H0184 H0248 J0123 K0003 M0188 N0036 N0042 P0024 Z0112,,,,,,,,,,,1.000000,BEDCA2,0,g,192.04,kJ,0.32,g,4.3,g,89.1,g,6.3,g,0,g,0,g,,,,,1,mg,,,,,,,,,,,,,,,,,,,,,0.15,g,0,g,0.11,g,,,,,4.7,ug,1.2,mg,,,0.19,mg,0.04,mg,0.8,ug,0.4,ug,0.08,mg,1.6,mg,0,ug,,mg,140,mg,,,0.09,mg,5.3,ug,187,mg,13.7,mg,57,mg,109,mg,1,ug,0.44,mg
2531,"Yogur, desnatado, sabor natural, azucarado","Yogurt, skimmed, plain flavour, sweetened",,A0101 A0724 A0778 B1201 C0235 E0119 F0014 G0003 H0101 H0158 H0184 H0248 H0748 J0123 K0003 M0187 N0036 P0024 Z0112,,,,,,,,,,,1.000000,BEDCA2,0,g,322.2,kJ,0.3,g,4.5,g,81.4,g,13.8,g,0,g,0,g,,,,,1,mg,,,,,,,,,,,,,,,,,,,,,0.1,g,0,g,0.11,g,,,,,5,ug,0.86,mg,,,0.19,mg,0.04,mg,0.8,ug,0.3,ug,0.1,mg,4,mg,,ug,0.03,mg,149,mg,,,0.1,mg,5,ug,191,mg,17,mg,66,mg,123,mg,1,ug,0.4,mg
2532,"Yogur, desnatado, aromatizado sabor s/e","Yogurt , skimmed, flavoured n/e",,A0101 A0452 A0626 A0721 A0724 A0776 A0778 B1201 C0235 E0119 F0014 G0003 H0101 H0184 H0228 H0248 J0123 K0003 M0188 N0036 N0042 P0024 R0212 R0497 Z0112,,,,,,,,,,,1.000000,BEDCA2,0,g,268.3,kJ,1.6,g,5.3,g,86.1,g,7,g,0,g,0,g,,,6,g,6,mg,,,,,,,,,,,,,,,,,,,,,0.43,g,,g,1,g,,,0,ug,11,ug,0.115,mg,0.59,mg,0.21,mg,0.04,mg,16,ug,0.56,ug,0.085,mg,0.8,mg,0.01,ug,0.04,mg,183,mg,0.01,mg,0.08,mg,5,ug,234,mg,17,mg,70,mg,144,mg,3.3,ug,0.89,mg
2533,"Yogur, entero, con cereales y fresas","Yogurt, whole milk, with cereals and strawberry",,A0101 A0452 A0626 A0721 A0724 A0776 A0778 B1201 C0235 E0134 F0014 G0003 H0101 H0147 H0184 H0227 H0247 H0318 H0319 H0320 H0748 J0123 K0003 M0188 N0036 N0042 P0024 R0212 R0497 Z0112,,,,,,,,,,,1.000000,BEDCA2,0,g,382.2,kJ,3.3,g,3.5,g,80.7,g,11.8,g,0.5,g,,,,,,,13,mg,,,,,,,,,,,,,,,,,,,,,0.9,g,0.1,g,2.1,g,,,,,23,ug,0.124,mg,,,0.163,mg,0.036,mg,28.1,ug,0.15,ug,0.042,mg,0.1,mg,0.093,ug,0.084,mg,98.9,mg,0.043,mg,0.361,mg,24.3,ug,138.1,mg,13.9,mg,52.8,mg,95,mg,1.3,ug,0.415,mg
2534,"Yogur, entero, con frutas del bosque","Yogurt, whole milk, with fruits of the forest",,A0101 A0452 A0626 A0721 A0724 A0776 A0778 B1201 C0235 E0134 F0014 G0003 H0101 H0147 H0184 H0227 H0247 H0748 J0123 K0003 M0188 N0036 N0042 P0024 R0212 R0497 Z0112,,,,,,,,,,,1.000000,BEDCA2,0,g,376.8,kJ,3.2,g,3.3,g,80.6,g,11.9,g,0.5,g,,,,,,,13,mg,,,,,,,,,,,,,,,,,,,,,0.9,g,0.1,g,2.1,g,,,,,23,ug,0.124,mg,,,0.163,mg,0.036,mg,27.2,ug,0.15,ug,0.042,mg,0,mg,0.092,ug,0.082,mg,100.9,mg,0.027,mg,0.346,mg,24.3,ug,120.9,mg,10.1,mg,35.6,mg,88,mg,1.3,ug,0.319,mg
2535,"Yogur, líquido, entero, con fresas","Drinking yogurt, whole milk, with strawberry",,A0101 A0452 A0626 A0721 A0724 A0776 A0778 B1201 C0235 E0114 F0014 G0003 H0117 H0147 H0242 H0247 J0123 J0131 K0003 M0187 N0036 P0024 R0212 R0497 Z0112,,,,,,,,,,,1.000000,BEDCA2,0,g,378.2,kJ,3.1,g,3.3,g,81.3,g,12.2,g,0.5,g,,,,,,,12,mg,,,,,,,,,,,,,,,,,,,,,0.8,g,0.1,g,2,g,,,,,23,ug,0.124,mg,,,0.163,mg,0.036,mg,26.4,ug,0.15,ug,0.042,mg,0,mg,0.091,ug,0.079,mg,105.5,mg,0.02,mg,0.086,mg,24.3,ug,91,mg,9,mg,36.2,mg,88,mg,1.3,ug,0.295,mg
2536,"Yogur, líquido, entero, con frutas","Drinking yogurt, whole milk, with fruits",,A0101 A0724 A0778 B1201 C0235 E0121 F0014 G0003 H0101 H0136 H0147 H0158 H0184 H0247 H0362 J0123 K0003 M0187 N0036 P0024,,,,,,,,,,,1.000000,BEDCA2,0,g,376.8,kJ,3.2,g,3.3,g,80.6,g,11.9,g,0.5,g,,,,,,,13,mg,,,,,,,,,,,,,,,,,,,,,0.9,g,0.1,g,2.1,g,,,,,23,ug,0.42,mg,,,0.163,mg,0.036,mg,27.2,ug,0.15,ug,0.042,mg,0,mg,0.092,ug,0.082,mg,118,mg,,,0.085,mg,24.3,ug,152,mg,,,41,mg,88,mg,1.3,ug,0.469,mg
2537,"Yogur, líquido, entero, sabor fresa","Drinking yogurt, whole milk, strawberry flavoured",,A0101 A0452 A0626 A0721 A0724 A0776 A0778 B1201 C0235 E0102 F0014 G0003 H0101 H0158 H0184 H0247 H0395 J0123 K0003 M0187 N0036 N0042 P0024 R0212 R0497 Z0112,,,,,,,,,,,1.000000,BEDCA2,0,g,482.8,kJ,3.4,g,5.4,g,75.6,g,15.6,g,0,g,,,,,,,11,mg,,,,,,,,,,,,,,,,,,,,,0.97,g,0.08,g,2.1,g,,,,,13.5,ug,0.44,mg,,,0.17,mg,0.03,mg,27.4,ug,0.17,ug,0.05,mg,0.94,mg,0.05,ug,0.08,mg,92.2,mg,0.013,mg,0.046,mg,6,ug,103.2,mg,8.6,mg,29.7,mg,140,mg,1,ug,0.294,mg
2538,"Yogur, líquido, entero, sabor fresa y plátano","Drinking yogurt, whole milk, strawberry and banana flavoured",,A0101 A0452 A0626 A0721 A0724 A0776 A0778 B1201 C0235 E0139 F0014 G0003 H0101 H0158 H0247 H0362 H0395 J0123 K0003 M0187 N0036 P0024 R0212 R0497 Z0112,,,,,,,,,,,1.000000,BEDCA2,0,g,482.8,kJ,3.4,g,5.4,g,75.6,g,15.6,g,0,g,,,,,,,11,mg,,,,,,,,,,,,,,,,,,,,,0.97,g,0.08,g,2.1,g,,,,,13.5,ug,0.44,mg,,,0.17,mg,0.03,mg,27.4,ug,0.17,ug,0.05,mg,0.94,mg,0.05,ug,0.08,mg,92.8,mg,0.014,mg,0.05,mg,6,ug,99.9,mg,9.1,mg,27.9,mg,140,mg,1,ug,0.301,mg
2539,"Yogur, líquido, entero, sabor frutas del bosque","Drinking yogurt, whole milk, fruits of the forest flavoured",,A0101 A0452 A0626 A0721 A0724 A0776 A0778 B1201 C0235 E0102 F0014 G0003 H0101 H0158 H0184 H0247 H0362 H0395 J0123 K0003 M0187 N0036 P0024 R0212 R0497 Z0112,,,,,,,,,,,1.000000,BEDCA2,0,g,482.8,kJ,3.4,g,5.4,g,75.6,g,15.6,g,0,g,,,,,,,11,mg,,,,,,,,,,,,,,,,,,,,,0.97,g,0.08,g,2.1,g,,,,,13.5,ug,0.44,mg,,,0.17,mg,0.03,mg,27.4,ug,0.17,ug,0.05,mg,0.94,mg,0.05,ug,0.08,mg,88.7,mg,0.014,mg,0.043,mg,6,ug,106.7,mg,7.9,mg,31.2,mg,140,mg,1,ug,0.287,mg
2540,"Yogur, líquido, entero, sabor piña y coco","Drinking yogurt, whole milk, pineapple and coconut flavoured",,A0101 A0452 A0626 A0721 A0724 A0776 A0778 B1201 C0235 E0102 F0014 G0003 H0101 H0157 H0158 H0184 H0247 H0395 J0123 K0003 M0187 N0036 N0042 P0024 R0212 R0497 Z0112,,,,,,,,,,,1.000000,BEDCA2,0,g,482.8,kJ,3.4,g,5.4,g,75.6,g,15.6,g,0,g,,,,,,,11,mg,,,,,,,,,,,,,,,,,,,,,0.97,g,0.08,g,2.1,g,,,,,13.5,ug,0.44,mg,,,0.17,mg,0.03,mg,27.4,ug,0.17,ug,0.05,mg,0.94,mg,0.05,ug,0.08,mg,88.4,mg,0.015,mg,0.05,mg,6,ug,102.1,mg,9.1,mg,27.9,mg,140,mg,1,ug,0.296,mg
2541,Aceite de girasol,Sunflower oil,,A0453 A0700 A0728 A0806 A1059 A1239 A1274 B1547 C0134 E0139 F0003 G0001 H0197 H0206 J0121 K0003 M0172 N0036 P0024 R0212 Z0112,A037D,3,A036M,Animal and vegetable fats and oils,7,A036N,"Vegetable fats and oils, edible",,,,1.000000,BEDCA2,0,g,3696.3,kJ,99.9,g,,g,,g,0,g,0,g,,,,,,,0,mg,,,0.09,g,6.34,g,3.31,g,28.06,g,57.53,g,1.6,g,,,0.04,g,,,25.38,g,63.5,g,10.62,g,0.27,g,,,0,ug,,mg,,,,mg,,mg,0,ug,,ug,,mg,0,mg,,ug,56,mg,0,mg,,,,mg,0,ug,0,mg,0,mg,0,mg,0,mg,0,ug,,mg
2542,Aceite de lino,Flaxseed oil,,A0453 A0700 A0728 A0806 A1059 A1239 A1274 B1700 C0134 E0139 F0014 G0001 H0197 H0206 J0121 K0003 M0172 N0036 P0024 R0212 Z0112,,,,,,,,,,,1.000000,BEDCA2,0,g,3700,kJ,100,g,0,g,0,g,0,g,0,g,,,,,,,0,mg,,,0,g,5.16,g,4.08,g,19.5,g,15.69,g,55.47,g,,,,,,,20.2,g,66,g,9.4,g,,,,,0,ug,0,mg,,,0,mg,0,mg,0,ug,0,ug,0,mg,0,mg,0,ug,17.5,mg,0,mg,,,0,mg,0,ug,0,mg,0,mg,0,mg,0,mg,0,ug,0,mg
2543,Aceite de oliva,Olive oil,,A0806 A0700 A1274 A0627 B1140 C0297 E0139 F0003 G0003 H0003 J0003 M0172 N0036 R0355,,,,,,,,,,,1.000000,BEDCA2,0,g,3696.3,kJ,99.9,g,0,g,0.1,g,0,g,0,g,,,,,,,0,mg,,,0.01,g,14,g,2.75,g,69.16,g,11.28,g,0.69,g,,,,,,,71,g,11.93,g,17.06,g,0.11,g,,,0,ug,0,mg,,,0,mg,0,mg,3,ug,0,ug,0,mg,0,mg,0,ug,12,mg,0,mg,,,0,mg,0,ug,0,mg,0,mg,0,mg,0,mg,0,ug,0,mg
2544,Aceite de oliva virgen extra,Extra virgin olive oil,,A0453 A0700 A0728 A0806 A1059 A1239 A1274 B1299 C0140 E0139 F0003 G0003 H0003 J0003 K0003 M0292 N0042 P0188 R0212 Z0154,A036Q,3,A036M,Animal and vegetable fats and oils,7,A036N,"Vegetable fats and oils, edible",D.O. Poniente de Granada,,,1.000000,BEDCA2,0,g,3700,kJ,100,g,,g,,g,0,g,0,g,,,,,,,0,mg,0,g,0.01,g,10.4,g,2.2,g,78.2,g,6.8,g,0.7,g,0,g,0,g,0,g,78.2,g,7.5,g,14.21,g,,g,,,,ug,,mg,,,,mg,,mg,34,ug,0,ug,0,mg,0,mg,0,ug,18.34,mg,,mg,,,,mg,0,ug,,mg,,mg,,mg,,mg,0,ug,,mg
2545,"Aceite de oliva virgen extra, producción ecologica","Extra virgin olive oil, organic ",,A0453 A0700 A0728 A0806 A1059 A1239 A1274 B1299 C0140 E0139 F0003 G0003 H0003 J0003 K0003 M0292 N0042 P0188 R0212 Z0154 Z0210,,,,,,,,,,,1.000000,BEDCA2,0,g,3700,kJ,100,g,,g,,g,0,g,0,g,,,,,,,0,mg,,,,,10.56,g,3.04,g,81.61,g,3.68,g,0.41,g,,,,,,,,,,,,,,,,,,ug,,mg,,,,mg,,mg,34,ug,0,ug,,mg,0,mg,0,ug,19.76,mg,,mg,,,,mg,0,ug,,mg,,mg,,mg,,mg,0,ug,,mg
2546,Aceite de soja,"Soye, oil",,A0453 A0700 A0728 A0806 A1059 A1239 A1274 B1452 C0134 E0139 F0014 G0001 H0197 H0206 J0121 K0003 M0172 N0036 P0024 R0212 Z0112,A036X,3,A036M,Animal and vegetable fats and oils,7,A036N,"Vegetable fats and oils, edible",,,,1.000000,BEDCA2,0,g,3699.63,kJ,99.99,g,0,g,0.01,g,0,g,0,g,,,,,,,0,mg,,,0.07,g,10.05,g,3.79,g,25.14,g,49.54,g,9,g,,,,,,,27.13,g,58.47,g,14.4,g,,,,,0,ug,0,mg,,,,mg,,mg,0,ug,0,ug,,mg,0,mg,0,ug,16.75,mg,0,mg,,,0,mg,,ug,0,mg,0,mg,0,mg,0,mg,,ug,,mg
2547,Grasa de pollo,Chiken fat,,A0714 A0726 A0793 A1015 A1258 A1275 B1457 C0253 E0001 F0003 G0001 H0003 J0003 K0032 M0172 N0036 P0024 R0212 Z0154,A038F,3,A036M,Animal and vegetable fats and oils,6,A037T,"Animal fats and oils, processed",,,,1.000000,BEDCA2,0,g,3692.6,kJ,99.8,g,0,g,0.2,g,0,g,0,g,,,,,,,85,mg,,,1,g,21,g,,,,,,,,,,,,,,,44.7,g,20.9,g,29.8,g,,,,,0,ug,0,mg,,,0,mg,0,mg,0,ug,0,ug,0,mg,0,mg,4.8,ug,0,mg,0,mg,,,0,mg,0,ug,0,mg,0,mg,0,mg,0,mg,0.2,ug,0,mg
2548,Lecitina de soja,Soy lecithin,,A0722 A0735 A0852 B1452 C0001 E0001 F0003 G0003 H0003 J0003 K0003 M0001 N0001 P0003 Z0112,,,,,,,,,,,1.000000,BEDCA2,0,g,2097,kJ,53,g,0,g,0,mg,8,g,0,g,,,,,,,0,mg,,,,,,,,,,,,,,,,,,,,,5,g,35,g,13,g,,,,,0,ug,0,mg,,,0,mg,0,mg,0,ug,0,ug,0,mg,0,mg,0,ug,8.18,mg,0,mg,,,0,mg,0,ug,1.2,mg,0,mg,0,mg,3.1,mg,0,ug,0,mg
2549,Manteca,Pork lard,,A0702 A0728 A0809 A1028 A1264 A1274 B1136 C0253 E0151 F0003 G0003 H0367 J0131 K0004 M0137 N0036 P0024 R0001 Z0112,,,,,,,,,,,1.000000,BEDCA2,0,g,3663,kJ,99,g,0,g,1,g,0,g,0,g,,,,,,,93,mg,,,,,,,,,,,,,,,,,,,,,43,g,9.8,g,40.6,g,1.114,g,,,0,ug,0,mg,,,,mg,,mg,0,ug,0,ug,,mg,0,mg,0,ug,1.6,mg,1,mg,,,0.1,mg,,ug,1,mg,1,mg,1,mg,3,mg,,ug,0,mg
2550,"Mantequilla, baja en calorías","Butter, light",,A0453 A0702 A0728 A0808 A1026 A1238 A1274 B1201 C0179 E0119 F0018 H0208 H0324 H0367 J0135 K0003 M0172 N0036 P0024 R0212 Z0112,,,,,,,,,,,1.000000,BEDCA2,0,g,2094.8,kJ,55.1,g,3.3,g,42.1,g,0,g,0,g,,,,,,,106,mg,,,,,,,,,,,,,,,,,,,,,15.927,g,2.046,g,34.321,g,,,,,1,ug,0.02,mg,,,0.07,mg,0.01,mg,509.4,ug,0.13,ug,0.01,mg,0,mg,12,ug,1.58,mg,48,mg,,,1.09,mg,,ug,71,mg,5,mg,450,mg,34,mg,1,ug,0.26,mg
2551,Margarina de maíz,Corn margarine,,A0231 A0453 A0627 A0663 A0701 A0728 B1379 C0190 E0119 F0014 G0003 H0174 H0306 J0100 K0003 M0001 N0001 P0024 R0212 R0497 Z0112,,,,,,,,,,,1.000000,BEDCA2,0,g,2990.6,kJ,80,g,0.9,g,18.2,g,0.9,g,0,g,,,,,,,0,mg,0.28,g,0.39,g,10.77,g,2.7,g,42.87,g,20.34,g,4.05,g,0,g,0,g,0,g,32.7,g,31.95,g,13.75,g,4.832,g,,,1,ug,0.67,mg,,,1.6,mg,0.01,mg,731,ug,0.1,ug,0.009,mg,0.2,mg,3.8,ug,7.5,mg,30,mg,,,0,mg,26,ug,42,mg,3,mg,198,mg,23,mg,0,ug,0,mg
2552,"Margarina, baja en calorías","Margarine, light",,A0453 A0702 A0728 A0807 A1026 A1238 A1274 B1347 C0179 E0119 F0018 H0208 H0324 H0367 J0135 K0003 M0172 N0036 P0024 R0212 Z0112,,,,,,,,,,,1.000000,BEDCA2,0,g,1514.34,kJ,40,g,1.62,g,58,g,0.4,g,0,g,,,,,,,0,mg,,,,,,,,,,,,,,,,,,,,,13.52,g,13.85,g,11.29,g,,,,,1,ug,0.36,mg,,,0.022,mg,0.006,mg,584,ug,0.06,ug,0.005,mg,0.1,mg,2.5,ug,6,mg,12,mg,,,0.06,mg,26,ug,7,mg,0.5,mg,390,mg,8,mg,0,ug,0,mg
2553,Mayonesa con aceite de girasol,Mayonnaise sunflower oil,,A0700 A0728 A0806 A1055 A1238 A1274 B1547 C0165 E0135 F0003 G0001 H0185 H0367 H0491 H0749 J0131 K0004 M0130 M0184 N0036 N0040 P0024 R0001 Z0112,,,,,,,,,,,1.000000,BEDCA2,0,g,2917.9,kJ,75.6,g,1.3,g,16.32,g,5.8,g,0,g,,,1.7,g,,,100,mg,,g,,g,4.522,g,2.108,g,24.452,g,36.678,g,0.56,g,,g,,g,,g,18.19,g,43.9,g,11.42,g,0.4,g,,,10,ug,1,mg,,,0.05,mg,0.02,mg,36.17,ug,0.48,ug,0.1,mg,0,mg,0.25,ug,15.5,mg,12,mg,,,0.4,mg,35,ug,18,mg,4,mg,580,mg,48,mg,0,ug,0.1,mg
2554,"Mayonesa, baja en calorías",Mayonnaise light,,A0453 A0700 A0728 A0806 A1056 A1238 A1274 B1547 C0165 E0135 F0003 G0001 H0186 H0200 H0221 H0247 H0367 J0001 K0003 M0130 N0040 P0024 R0212 Z0112,,,,,,,,,,,1.000000,BEDCA2,0,g,1240.3,kJ,28.1,g,1,g,60.1,g,10.8,g,0,g,,,2.5,g,,,50,mg,,,,,,,,,,,,,,,,,,,,,6.88,g,15.7,g,4.19,g,,,,,10,ug,0.24,mg,,,0.05,mg,0.02,mg,0,ug,0.48,ug,0.1,mg,0,mg,0,ug,14,mg,10,mg,,,0.3,mg,35,ug,10,mg,10,mg,750,mg,1,mg,0,ug,0.1,mg
2555,Nata montada,Whipped cream,,A0453 A0721 A0728 A0810 A1034 A1259 A1274 B1201 C0001 E0139 F0014 G0003 H0202 J0123 K0003 M0001 N0001 P0024 R0212 Z0112,A02MM,14,A02LR,Milk and dairy products,49,A04NN,"Milk, whey and cream",,,,1.000000,BEDCA2,0,g,1268.61,kJ,31.7,g,2.36,g,62.7,g,3.27,g,0,g,,,,,,,109,mg,,,,,,,,,,,,,,,,,,,,,9.71,g,0.82,g,17.72,g,,,,,4,ug,0.617,mg,,,0.15,mg,0.025,mg,339,ug,0.4,ug,0.036,mg,1,mg,1.1,ug,0.712,mg,80,mg,,,0.03,mg,2.4,ug,112,mg,10,mg,34,mg,63,mg,1,ug,0.26,mg
2556,Vinagre de manzana,Apple vinegar,,A0302 A0722 A0735 A0852 A1200 B1245 C0167 E0123 F0014 G0014 H0148 J0104 K0004 M0102 M0130 N0036 N0040 P0024 R0001 Z0112,A044N,16,A042N,"Seasoning, sauces and condiments",53,A04QN,Condiments,,,,1.000000,BEDCA2,0,g,17,kJ,0,g,0.4,g,99,g,0.6,g,0,g,,,,,,,0,mg,,,,,,,,,,,,,,,,,,,,,0,g,0,g,0,g,,,,,0,ug,0,mg,,,0,mg,0,mg,0,ug,0,ug,0,mg,0,mg,0,ug,0,mg,15,mg,,,0.5,mg,0,ug,89,mg,22,mg,20,mg,32,mg,1,ug,0.1,mg
2557,Vinagre balsámico,Balsamic vinegar,,A0302 A0722 A0735 A0852 A1200 B1329 C0005 E0109 F0014 G0013 H0719 J0104 K0004 M0130 N0040 P0024 R0001 Z0112,,,,,,,,,,,1.000000,BEDCA2,0,g,297.84,kJ,0,g,0.49,g,76.5,g,17.03,g,0,g,,,,,,,0,mg,,,,,,,,,,,,,,,,,,,,,0,g,0,g,0,g,,,,,,ug,,mg,,,,mg,,mg,0,ug,0,ug,,mg,0,mg,0,ug,,mg,27,mg,,,0.72,mg,,ug,112,mg,12,mg,23,mg,19,mg,,ug,0.08,mg
2558,Vainilla,Vanilla,vanilla planifolia,A0300 A0735 A0855 B1355 C0167 E0150 F0001 G0001 H0001 J0001 K0001 M0001 N0001 P0024 Z0205 Z0215,,,,,,,,,,,1.000000,BEDCA2,0,g,219.14,kJ,0.06,g,0.06,g,87.2,g,12.7,g,0,g,0,g,,,,,0,mg,,,,,,,,,,,,,,,,,,,,,0.01,g,0.004,g,0.01,g,,,,,0,ug,0.43,mg,,,0.095,mg,0.011,mg,0,ug,0,ug,0.026,mg,0,mg,0,ug,0,mg,11,mg,,,0.12,mg,,,148,mg,12,mg,9,mg,6,mg,0,ug,0.11,mg
2559,"Tomillo, seco","Thyme, dried",Thymus vulgaris l.,A0853 A1166 A1248 A1272 B2134 C0001 E0117 F0003 G0003 H0003 H0138 J0116 K0003 M0172 N0036 P0024 Z0204,,,,,,,,,,,1.000000,BEDCA2,0,g,1399.2,kJ,7.4,g,9.1,g,7.8,g,57.1,g,18.6,g,,,,,,,,mg,,,,,,,,,,,,,,,,,,,,,,g,,g,,g,,,,,0,ug,4.94,mg,,,0.399,mg,0.513,mg,380,ug,0,ug,0,mg,0,mg,0,ug,0,mg,1890,mg,,,123.6,mg,,ug,814,mg,220,mg,55,mg,201,mg,,ug,,mg
2560,Tomate frito,"Tomato, fried",,A0663 A0705 A0731 A0825 A1009 A1281 B1276 C0165 E0144 F0003 G0003 H0212 H0221 H0367 J0003 K0004 M0156 N0042 P0024 R0001 Z0112,,,,,,,,,,,1.000000,BEDCA2,0,g,350.7,kJ,6.4,g,1.5,g,85.3,g,5.2,g,1.6,g,,,,,,,0,mg,,g,,g,0.26,g,0.15,g,1.021,g,2.133,g,,g,,g,,g,,g,1.1,g,3.3,g,0.62,g,0.02,g,,,17.1,ug,0.76,mg,,,0.02,mg,0.08,mg,53,ug,0,ug,0.11,mg,17.5,mg,0.27,ug,0.58,mg,12.6,mg,,,0.51,mg,1.4,ug,280,mg,12.5,mg,340,mg,39,mg,0.95,ug,0.2,mg
2561,Tabasco,"Tabasco, sauce",,A0853 A1166 A1248 A1272 B2061 C0001 E0109 F0003 G0003 H0003 H0138 J0116 K0003 M0172 N0036 P0024 Z0204,A044Q,16,A042N,"Seasoning, sauces and condiments",53,A04QN,Condiments,,,,1.000000,BEDCA2,0,g,63.65,kJ,0.76,g,1.29,g,95.17,g,0.8,g,0.6,g,,,,,,,0,mg,,,,,,,,,,,,,,,,,,,,,0.061,g,0.401,g,0.106,g,,,,,1,ug,0.178,mg,,,0.084,mg,0.032,mg,492,ug,0,ug,0.154,mg,4.5,mg,0,ug,0.01,mg,12,mg,,,1.16,mg,,ug,128,mg,12,mg,633,mg,23,mg,0.5,ug,0.16,mg
2562,Surimi,Surimi,,A0717 A0727 A0801 A1124 A1265 A1285 B1222 C0236 E0119 F0014 G0003 H0209 H0257 H0367 H0370 J0142 K0003 M0172 N0036 P0188 Z0112,A02KE,7,A026T,"Fish, seafood, amphibians, reptiles and invertebrates",16,A04NL,Fish and seafood processed,,,,1.000000,BEDCA2,0,g,379.5,kJ,0.7,g,14.7,g,76.8,g,6.1,g,,g,,,,,,,35,mg,,,,,,,,,,,,,,,,,,,,,0.15,g,0.13,g,0.18,g,,,,,1,ug,0.22,mg,,,0.04,mg,0.02,mg,0,ug,1,ug,,mg,,mg,,ug,0.85,mg,13,mg,,,0.3,mg,,,64,mg,14,mg,700,mg,60,mg,28.1,ug,0.1,mg
2563,Suplemento proteico,Protein supplement,,A0467 A0722 A0735 A0852 B1049 C0236 E0001 F0014 G0003 H0138 H0164 J0116 K0003 M0001 N0001 P0188 R0212 Z0112,,,,,,,,,,,1.000000,BEDCA2,0,g,1639.75,kJ,4,g,87.75,g,4.42,g,0,g,0,g,,,,,,,0,mg,,,,,,,,,,,,,,,,,,,,,0.671,g,1.729,g,0.871,g,,,,,200,ug,0.3,mg,,,0.1,mg,0.2,mg,0,ug,0,ug,,mg,0,mg,,ug,,mg,200,mg,,,16,mg,,ug,100,mg,40,mg,1188,mg,862,mg,,ug,4,mg
2564,"Sopa de sobre, sin reconstituir","Instant soup, dried",,A0467 A0722 A0735 A0865 A1061 B1217 C0001 E0149 F0014 G0014 H0138 H0152 H0171 H0212 J0116 K0001 M0172 N0036 P0024 R0212 Z0112,,,,,,,,,,,1.000000,BEDCA2,0,g,1337.49,kJ,4.34,g,10.99,g,11.29,g,58.24,g,2.2,g,,,,,,,74,mg,,,,,,,,,,,,,,,,,,,,,1.66,g,0.44,g,1.74,g,,,,,3.42,ug,0.3,mg,,,,mg,0.01,mg,11.79,ug,2.3,ug,0.13,mg,0,mg,0,ug,0.27,mg,27.3,mg,,,2.1,mg,6.9,ug,319.2,mg,34.2,mg,613.2,mg,194.4,mg,63.2,ug,1.8,mg
2565,Sopa de sobre maravilla,"Instant soup with pasta, ""maravilla"" type",,A0722 A0735 A0768 A0865 A1104 A1276 B1312 C0203 E0144 F0001 G0001 H0191 H0212 H0348 H0349 H0367 H0590 H0753 J0116 K0004 M0186 M0197 N0036 N0042 P0024 R0001 Z0112,,,,,,,,,,,1.000000,BEDCA2,0,g,1388.42,kJ,3.24,g,12.59,g,20,g,62.03,g,2.2,g,,,,,,,74,mg,,,,,,,,,,,,,,,,,,,,,1.31,g,0.63,g,1.29,g,,,,,2.43,ug,0.3,mg,,,,mg,0.01,mg,8.99,ug,3.91,ug,0.14,mg,0,mg,0,ug,0.1,mg,19.9,mg,,,2.17,mg,6.9,ug,118.9,mg,43.4,mg,312.9,mg,108.3,mg,63.2,ug,1.9,mg
2567,Pasta de sésamo,Tahini,Sesamum indicum l,A0853 A1166 A1248 A1272 B1179 C0001 E0101 F0003 G0003 H0003 H0138 J0116 K0003 M0172 N0036 P0024 Z0153 Z0204,,,,,,,,,,,1.000000,BEDCA2,0,g,2470.7,kJ,58,g,18.2,g,4.7,g,0.9,g,7.9,g,,,,,,,0,mg,,,,,,,,,,,,,,,,,,,,,21.7,g,25.5,g,8.3,g,,,,,97,ug,5,mg,,,0.17,mg,0.93,mg,12,ug,0,ug,0.75,mg,0,mg,0,ug,2.53,mg,670,mg,,,10.4,mg,,ug,570,mg,370,mg,20,mg,720,mg,,ug,5.3,mg
2568,Seitán,Seitan,,A0467 A0722 A0735 A0861 A1240 B1312 C0005 E0147 F0003 G0001 H0001 J0003 K0003 M0001 N0001 P0024 R0345,A03TE,15,A03RQ,"Products for non-standard diets, food imitates and food supplements or fortifying agents",52,A03TD,Meat and dairy imitates,,,,1.000000,BEDCA2,0,g,516,kJ,2,g,24,g,72,g,2,g,,,,,,,,,0,mg,,,,,,,,,,,,,,,,,,,,,,,,,,,,,,,,,,,,,,,,,,,,,,,,,,,,,,,,,,,,,,,,,,,,,,,,
2569,"San jacobo, congelado","Breadcrumbed fried loin, ham and cheese",,A0467 A0722 A0735 A0861 B0001 C0005 E0147 F0014 G0001 H0143 H0186 H0191 H0367 J0142 K0003 M0159 N0039 P0024 R0212 Z0112,,,,,,,,,,,1.000000,BEDCA2,0,g,991.68,kJ,13.34,g,4.14,g,52.8,g,25.16,g,4.52,g,,,,,,,31,mg,,,,,,,,,,,,,,,,,,,,,4.2,g,5.584,g,2.484,g,,,,,12.02,ug,4.9,mg,,,0.17,mg,0.42,mg,11.4,ug,13.41,ug,0.11,mg,0,mg,0.7,ug,0.67,mg,31.1,mg,,,0.97,mg,21.6,ug,214.3,mg,20.8,mg,493.3,mg,187.3,mg,10.2,ug,0.29,mg
2571,Comino,Cumin,Thymus vulgaris l.,A0853 A1166 A1248 A1272 B1274 C0001 E0117 F0003 G0003 H0003 H0138 J0116 K0003 M0172 N0036 P0024 Z0204,,,,,,,,,,,1.000000,BEDCA2,0,g,1747.8,kJ,18.2,g,17.8,g,8.1,g,45.4,g,10.5,g,,,,,,,,mg,,,,,,,,,,,,,,,,,,,,,,g,,g,,g,,,,,0,ug,4.579,mg,,,0.327,mg,0.628,mg,127,ug,0,ug,0,mg,7.71,mg,0,ug,0,mg,931,mg,,,66.35,mg,,ug,1788,mg,356,mg,168,mg,499,mg,,ug,,mg
2572,Complejo vitaminico,Vitamin complex,,A0722 A0735 A0852 B1041 C0001 E0001 F0003 G0003 H0003 J0003 K0003 M0001 N0001 P0003 Z0112,,,,,,,,,,,1.000000,BEDCA2,0,g,2361.22,kJ,45.93,g,20.15,g,,g,18.78,g,,g,,,,,,,,mg,,,,,,,,,,,,,,,,,,,,,8.16,g,26.71,g,11.03,g,,,,,11222,ug,1010.1,mg,,,89.78,mg,78.56,mg,44890,ug,56.12,ug,112.23,mg,3367,mg,561.16,ug,561.16,mg,,mg,,,785.63,mg,8417.5,ug,123.45,mg,,mg,,mg,,mg,2805.8,ug,1683.5,mg
2573,"Ajo, en polvo","Garlic, powder",,A0853 A1166 A1248 A1272 B1179 C0001 E0117 F0003 G0003 H0003 H0138 J0116 K0003 M0172 N0036 P0024 Z0204,,,,,,,,,,,1.000000,BEDCA2,0,g,1544.77,kJ,0.73,g,16.55,g,6.45,g,72.73,g,9,g,,,,,,,0,mg,,,,,,,,,,,,,,,,,,,,,0.115,g,0.178,g,0.249,g,,,,,47,ug,1.458,mg,,,0.267,mg,0.15,mg,53,ug,0,ug,1.654,mg,1.2,mg,0,ug,0.67,mg,646,mg,,,8.68,mg,2.7,ug,1193,mg,264,mg,60,mg,414,mg,23.9,ug,2.99,mg
2574,Corteza de trigo,Wheat crusts,,A0722 A0735 A0852 A1009 A1293 B1232 C0155 E0147 F0014 G0029 H0138 H0263 H0367 J0173 K0031 M0172 N0036 P0188 R0212 Z0112,,,,,,,,,,,1.000000,BEDCA2,0,g,2016.25,kJ,25.8,g,10.26,g,1.6,g,52.19,g,6.25,g,,,,,,,0,mg,,,,,,,,,,,,,,,,,,,,,10.782,g,2.885,g,10.73,g,,,,,10.29,ug,3.8,mg,,,0.1,mg,0.1,mg,3.37,ug,0.24,ug,0.12,mg,0,mg,0,ug,1.74,mg,61.2,mg,,,15.3,mg,10,ug,349.5,mg,60.3,mg,1234.3,mg,199.7,mg,17.1,ug,1.9,mg
2575,Salsa de soja,"Soya, sauce",,A0722 A0735 A0859 A1276 B1452 C0005 E0139 F0001 G0003 H0338 J0110 K0001 M0187 N0036 P0024 R0001,A044R,16,A042N,"Seasoning, sauces and condiments",53,A04QN,Condiments,,,,1.000000,BEDCA2,0,g,265.5,kJ,0.1,g,8.7,g,65.08,g,6.7,g,1.6,g,,,,,,,0,mg,,,,,,,,,,,,,,,,,,,,,0.017,g,0.044,g,0.011,g,,,,,11,ug,4.8,mg,,,0.13,mg,0.05,mg,0,ug,0,ug,0.2,mg,0,mg,0,ug,0,mg,19,mg,,,2.7,mg,,ug,360,mg,43,mg,5720,mg,210,mg,0.8,ug,0.2,mg
2577,Salsa de queso,cheese sauce,,A0286 A0735 A0862 B1201 C0235 E0119 F0014 G0001 H0143 H0148 H0227 H0263 H0367 J0123 K0001 M0001 N0001 P0024 Z0109,A043Y,16,A042N,"Seasoning, sauces and condiments",54,A04QL,Sauces,,,,1.000000,BEDCA2,0,g,458.6,kJ,6.1,g,5.3,g,77.03,g,8.4,g,0.5,g,,,,,,,29,mg,,,,,,,,,,,,,,,,,,,,,1.704,g,1.202,g,2.568,g,,,,,5,ug,1.4,mg,,,0.23,mg,0.04,mg,67,ug,0.5,ug,0.07,mg,1,mg,0.09,ug,0.29,mg,160,mg,,,0.1,mg,14.8,ug,170,mg,14,mg,460,mg,170,mg,3.2,ug,0.6,mg
2579,Salsa boloñesa,Bolognese sauce,,A0286 A0735 A0862 B1276 C0167 E0119 F0014 G0025 H0158 H0191 H0212 H0227 H0367 J0123 K0003 M0001 N0001 P0024 Z0109,,,,,,,,,,,1.000000,BEDCA2,0,g,604.5,kJ,11.1,g,8,g,76.4,g,3.4,g,1.1,g,,,,,,,25,mg,,,,,,,,,,,,,,,,,,,,,4.7,g,2.6,g,3.1,g,,,,,7,ug,3.2,mg,,,0.11,mg,0.07,mg,212.5,ug,0.8,ug,0.16,mg,4,mg,,ug,1.93,mg,23,mg,,,1.4,mg,4,ug,310,mg,14,mg,430,mg,79,mg,2,ug,1.7,mg
2580,Salsa bechamel,bechamel sauce,,A0286 A0735 A0862 B1201 C0235 E0119 F0014 G0014 H0146 H0184 H0227 H0367 J0123 K0003 M0001 N0001 P0024 Z0109,,,,,,,,,,,1.000000,BEDCA2,0,g,634.4,kJ,10.3,g,4.1,g,74.5,g,10.8,g,0.3,g,,,,,,,26,mg,,,,,,,,,,,,,,,,,,,,,3.5,g,1.8,g,4.4,g,,,,,4,ug,0.963,mg,,,0.18,mg,0.05,mg,127.83,ug,0.4,ug,0.06,mg,,mg,0.62,ug,0.71,mg,130,mg,,,0.2,mg,19,ug,160,mg,15,mg,400,mg,110,mg,1,ug,0.4,mg
2581,Salsa barbacoa,barbecue sauce,,A0286 A0735 A0862 B1276 C0159 E0119 F0014 G0001 H0148 H0158 H0166 H0200 H0212 H0227 H0367 J0123 K0001 M0001 N0001 P0024 Z0109,A045B,16,A042N,"Seasoning, sauces and condiments",53,A04QN,Condiments,,,,1.000000,BEDCA2,0,g,739.97,kJ,1.8,g,1.8,g,51,g,37.81,g,5.91,g,3.3,g,,,,,0,mg,,,,,,,,,,,,,,,,,,,,,0.8,g,0.7,g,0.3,g,,,,,3,ug,1.2,mg,,,0.02,mg,0.03,mg,86.7,ug,0,ug,0.08,mg,7,mg,0,ug,6.6,mg,19,mg,,,0.9,mg,5.3,ug,170,mg,19,mg,810,mg,20,mg,1.3,ug,0.2,mg
2583,Salsa al curry,Curry sauce,curcuma longa,A0286 A0735 A0862 B1347 C0159 E0119 F0014 G0001 H0117 H0148 H0227 H0263 H0367 J0123 K0001 M0001 N0001 P0024 Z0109,,,,,,,,,,,1.000000,BEDCA2,0,g,325.93,kJ,2.3,g,0.7,g,87.9,g,9.1,g,0.3,g,,,,,,,0,mg,,,,,,,,,,,,,,,,,,,,,0.7,g,0.1,g,1.3,g,,,,,6.9,ug,0.3,mg,,,0.03,mg,,mg,18.6,ug,0,ug,0.02,mg,,mg,0,ug,0.2,mg,30,mg,,,1.1,mg,1.6,ug,180,mg,18,mg,980,mg,31,mg,0.2,ug,0.2,mg
2584,Salsa agridulce,Sweet and sour sauce,,A0722 A0735 A0859 A1276 B0001 C0005 E0139 F0001 G0003 H0136 H0200 H0338 H0350 J0110 K0001 M0187 N0036 P0024 R0001,A045J,16,A042N,"Seasoning, sauces and condiments",53,A04QN,Condiments,,,,1.000000,BEDCA2,0,g,504.05,kJ,2.38,g,0.48,g,71.24,g,23.99,g,0.8,g,,,,,,,0,mg,,,,,,,,,,,,,,,,,,,,,0.695,g,1.142,g,0.37,g,,,,,2,ug,0.2,mg,,,0.015,mg,0.027,mg,0,ug,0,ug,0.044,mg,0,mg,0,ug,0,mg,18,mg,,,0.85,mg,0.53,ug,66,mg,7,mg,353,mg,9,mg,,ug,0.08,mg
2585,Sal yodada,Iodized salt,,A0134 A0463 A0722 A0852 A1165 B1655 C0005 E0143 F0003 G0001 H0189 H0368 J0003 K0003 M0001 N0001 P0024 R0212 Z0112,A042R,16,A042N,"Seasoning, sauces and condiments",55,A04QJ,Seasonings and extracts,,,,1.000000,BEDCA2,0,g,0,kJ,0,g,0,g,,g,0,g,0,g,,,,,,,0,mg,,,,,,,,,,,,,,,,,,,,,0,g,0,g,0,g,,,,,0,ug,0,mg,,,0,mg,0,mg,0,ug,0,ug,0,mg,0,mg,0,ug,0,mg,29,mg,,,0.2,mg,600,ug,,mg,290,mg,38850,mg,8,mg,0.1,ug,,mg
2586,Romero,Rosemary,Rosmarinus officinalis,A0853 A1166 A1248 A1272 B1495 C0001 E0117 F0003 G0003 H0003 H0138 J0116 K0003 M0172 N0036 P0024 Z0204,A00YF,19,A00FJ,Vegetables and vegetable products,62,A00VQ,"Aromatic herbs or flowers, fresh",,,,1.000000,BEDCA2,0,g,1436.2,kJ,15.2,g,5,g,9.3,g,46.4,g,24.1,g,,,,,,,,mg,,,,,,,,,,,,,,,,,,,,,3.014,g,2.34,g,7.37,g,,,,,0,ug,1,mg,,,0,mg,0.5,mg,313,ug,0,ug,0,mg,50,mg,0,ug,0,mg,317,mg,,,28.9,mg,,,550,mg,150,mg,50,mg,50,mg,,,0.93,mg
2587,Rollito de primavera,Chinese spring roll,,A0467 A0722 A0735 A0861 B0001 C0005 E0147 F0014 G0001 H0152 H0191 H0212 H0367 J0142 K0003 M0159 N0039 P0024 R0345 Z0112,,,,,,,,,,,1.000000,BEDCA2,0,g,1046.47,kJ,11.94,g,8.28,g,50.6,g,27.29,g,2.6,g,,,,,,,16,mg,,,,,,,,,,,,,,,,,,,,,3.036,g,5.601,g,2.116,g,,,,,8,ug,2.725,mg,,,0.077,mg,0.165,mg,1.2,ug,0.44,ug,0.167,mg,0,mg,0,ug,0.02,mg,40,mg,,,1.41,mg,2.7,ug,165,mg,18,mg,468,mg,85,mg,0,ug,0.62,mg
2588,Pudding de pasas,Raisin pudding,Vitis vinifera,A0285 A0735 A0864 B1312 C0208 E0134 F0014 G0014 H0147 H0158 H0184 H0186 H0229 H0271 H0319 J0120 J0131 K0003 M0116 N0001 P0024 Z0109,,,,,,,,,,,1.000000,BEDCA2,0,g,1239.5,kJ,9.7,g,4.6,g,35.5,g,47.2,g,3,g,,,,,,,45,mg,,,,,,,,,,,,,,,,,,,,,4,g,0.7,g,4.5,g,,,,,8,ug,1.7,mg,,,0.08,mg,0.08,mg,24.5,ug,0,ug,0.08,mg,,mg,0.2,ug,0.64,mg,79,mg,,,1.5,mg,2.8,ug,350,mg,27,mg,200,mg,76,mg,7,ug,0.5,mg
2589,"Pizza, precocinada","Pizza, precooked",,A0466 A0722 A0735 A0822 A1061 B1312 C0155 E0140 F0014 G0005 H0180 H0753 J0116 K0001 M0172 N0036 P0024 Z0112,,,,,,,,,,,1.000000,BEDCA2,0,g,879.4,kJ,9.8,g,8.2,g,56,g,22.2,g,1.7,g,,,,,,,16,mg,0.1764,g,0.5096,g,2.421,g,1.029,g,2.901,g,2.009,g,0.0392,g,,,,,,,3.21,g,1.99,g,4.12,g,0.3038,g,,,24,ug,1.4,mg,,,0.23,mg,0.25,mg,90,ug,0.3,ug,0.11,mg,3,mg,,ug,0.54,mg,118,mg,,,1.3,mg,7.1,ug,201,mg,19,mg,520,mg,179,mg,4.6,ug,0.9,mg
2590,"Pimienta, negra",Black pepper,Piper nigrum,A0133 A0735 A0853 B1191 C0137 E0131 F0001 G0003 H0001 J0001 K0003 M0001 N0001 P0024 Z0051 Z0215,,,,,,,,,,./foodimages/pimienta_molida.jpg,1.000000,BEDCA2,0,g,230,kcal,3.3,g,11,g,18,g,38.3,g,26.5,g,0,g,,,,,0,mg,,,,,,,,,,,,,,,,,,,,,1.01,g,1.13,g,0.98,g,,,,,10,ug,1.1,mg,,,0.24,mg,0.11,mg,19,ug,0,ug,0.34,mg,21,mg,0,ug,1.03,mg,437,mg,,,28.9,mg,,,1259,mg,194,mg,44,mg,173,mg,3,ug,1.42,mg
2591,"Pimienta, blanca",white pepper,Piper nigrum,A0133 A0735 A0853 B1141 C0138 E0131 F0001 G0003 H0138 J0116 K0003 M0001 N0001 P0024 Z0052 Z0215,,,,,,,,,,./foodimages/Pimienta_blanca-thumbnail.jpeg,1.000000,BEDCA2,0,g,232,kcal,2.1,g,10.4,g,17,g,42.4,g,26.2,g,0,g,,,,,0,mg,,,,,,,,,,,,,,,,,,,,,0.79,g,0.62,g,0.63,g,,,,,10,ug,0.2,mg,,,0.13,mg,0.02,mg,0,ug,0,ug,0.34,mg,21,mg,0,ug,2.5,mg,266,mg,,,14.3,mg,,,73,mg,90,mg,5,mg,176,mg,3,ug,1.1,mg
2592,"Pimentón, en polvo","paprika, powder",capsicum annuum.,A0113 A0735 A0858 B1353 C0139 E0106 F0001 G0003 H0138 J0116 K0003 M0001 N0001 P0024 Z0205 Z0215,,,,,,,,,,./foodimages/pimenton.jpg,1.000000,BEDCA2,0,g,1378.6,kJ,13,g,14.8,g,11.24,g,38,g,20,g,0,g,,,,,0,mg,,,,,,,,,,,,,,,,,,,,,1.695,g,7.766,g,2.14,g,,,,,0,ug,18.4,mg,,,1.74,mg,0.65,mg,6042,ug,0,ug,2.141,mg,0,mg,0,ug,9,mg,180,mg,,,23.6,mg,,,2340,mg,190,mg,34,mg,350,mg,4,ug,4.1,mg
2593,"Perejil, fresco","parsley, fresh",etroselinum crispum,A0113 A0731 A0826 B1550 C0144 E0150 F0003 G0003 H0003 J0001 K0003 M0001 N0001 P0024 Z0109 Z0205,,,,,,,,,,./foodimages/perejil.jpg,1.000000,BEDCA2,0,g,145,kJ,1.3,g,3,g,88,g,2.7,g,5,g,0.2,g,,,,,0,mg,,,,,,,,,,,,,,,,,,,,,,g,,g,,g,,,,,170,ug,1.5,mg,,,0.05,mg,0.23,mg,673,ug,0,ug,0.09,mg,190,mg,0,ug,1.7,mg,200,mg,,,7.7,mg,6,ug,760,mg,23,mg,33,mg,64,mg,1.4,ug,0.7,mg
2594,"Patatas, fritas, chips",Chips,,A0706 A0735 A0852 A1009 A1293 B1218 C0308 E0150 F0014 G0029 H0138 H0367 J0116 J0173 K0031 M0172 N0036 P0188 R0212 Z0112,,,,,,,,,,,1.000000,BEDCA2,0,g,2243.3,kJ,34.9,g,6.5,g,1.7,g,49.5,g,4,g,,,,,,,0,mg,0.035,g,0.141,g,6.371,g,1.901,g,10.243,g,14.819,g,1.302,g,,,,,,,11.08,g,14.52,g,7.7,g,0.3168,g,,,43,ug,4,mg,,,0.1,mg,0.17,mg,0,ug,0,ug,0.7,mg,10,mg,0,ug,4,mg,37,mg,,,2,mg,6,ug,1190,mg,50,mg,700,mg,130,mg,2.3,ug,0.7,mg
2596,Paella marinera,Seafood paella,,A0722 A0735 A0803 A1061 A1265 A1285 B1223 C0105 E0150 F0023 G0001 H0148 H0150 H0153 H0157 H0212 H0257 H0262 H0347 H0350 H0367 H0590 H0748 H0749 J0136 K0001 M0128 N0036 P0024 R0001 Z0112,,,,,,,,,,,1.000000,BEDCA2,0,g,510.5,kJ,0.62,g,3.55,g,68.7,g,25.13,g,2.03,g,,,,,,,17,mg,,,,,,,,,,,,,,,,,,,,,0.212,g,0.07,g,0.238,g,,,,,25.9,ug,3.01,mg,,,0.15,mg,0.18,mg,17.96,ug,21.3,ug,0.13,mg,2.8,mg,,ug,0.47,mg,20.3,mg,,,0.73,mg,11.2,ug,214.3,mg,23.2,mg,429.3,mg,204.2,mg,10.7,ug,0.19,mg
2597,Paella,Paella,,A0722 A0735 A0814 A1093 A1240 A1290 B1322 C0291 E0150 F0014 G0013 H0148 H0212 H0279 H0347 H0349 H0350 H0367 H0753 J0136 K0001 M0186 N0036 P0024 R0001,,,,,,,,,,,1.000000,BEDCA2,0,g,719.15,kJ,5.74,g,12.37,g,63.95,g,17.44,g,0.5,g,,,,,,,44.81,mg,,,,,,,,,,,,,,,,,,,,,2.98,g,0.75,g,1.1,g,,,,,11.75,ug,4.21,mg,,,0.1,mg,0.07,mg,11.12,ug,0.54,ug,0.25,mg,7.73,mg,,ug,0.63,mg,27.22,mg,,,1.28,mg,14.29,ug,123.81,mg,21.23,mg,47.83,mg,72.11,mg,0,ug,0.98,mg
2598,"Orégano, seco","oregano, dried",Origanum vulgare l,A0113 A0463 A0637 A0653 A0705 A0731 A0857 B1542 C0200 E0136 F0001 G0001 H0138 J0116 K0003 M0001 N0001 P0024 R0212 R0497 Z0112 Z0205,,,,,,,,,,,1.000000,BEDCA2,0,g,1739.74,kJ,10.3,g,11,g,9.93,g,68.92,g,42.8,g,40.1,g,,,,,0,mg,,,,,,,,,,,,,,,,,,,,,0.7,g,5.2,g,2.7,g,,,,,0,ug,6.2,mg,,,0.528,mg,0.177,mg,690,ug,0,ug,1.044,mg,0,mg,0,ug,18.9,mg,1580,mg,,,44,mg,,,1670,mg,270,mg,15,mg,200,mg,5.9,ug,4.4,mg
2599,Nuez moscada,Nutmeg,Myristica fragrans,A0113 A0455 A0703 A0730 A0824 B1214 C0101 E0150 F0003 G0003 H0001 J0001 K0001 M0001 N0001 P0024 R0212 R0497 Z0112 Z0205,A018J,12,A011X,"Legumes, nuts, oilseeds and spices",38,A016S,Spices,,,,1.000000,BEDCA2,0,g,2279.63,kJ,36.3,g,5.8,g,6.2,g,49.29,g,20.8,g,0,g,,,,,0,mg,,,,,,,,,,,,,,,,,,,,,3.2,g,0.35,g,25.9,g,,,,,76,ug,1.3,mg,,,0.06,mg,0.35,mg,10.2,ug,0,ug,0.3,mg,3,mg,0,ug,2.5,mg,184,mg,,,3,mg,,,350,mg,183,mg,16.2,mg,213,mg,1.6,ug,2.2,mg
2600,Mostaza,Mustard,,A0179 A0722 A0735 A0853 A1165 B2069 C0155 E0102 F0018 G0003 H0100 H0200 H0367 J0131 J0135 K0003 M0172 N0036 P0188 Z0112,A044G,16,A042N,"Seasoning, sauces and condiments",53,A04QN,Condiments,,,,1.000000,BEDCA2,0,g,555.3,kJ,10,g,5.9,g,75,g,5,g,1.3,g,,,0.34,g,,,0,mg,,,,,,,,,,,,,,,,,,,,,4.8,g,1.8,g,1.3,g,,,,,18,ug,0.8,mg,,,0.2,mg,0.1,mg,0,ug,0,ug,,mg,75,mg,0,ug,0.01,mg,93,mg,,,1.9,mg,3,ug,114,mg,76,mg,2245,mg,202,mg,27.8,ug,1,mg
2601,Mojo picon,"Sauce, ""mojo picón"" type",,A0722 A0735 A0859 A1276 B1017 C0302 E0139 F0001 G0003 H0200 H0212 H0367 K0001 M0187 P0024 R0001 R0212 Z0109,,,,,,,,,,,1.000000,BEDCA2,0,g,2965.54,kJ,78.9,g,0.94,g,30.3,g,1.78,g,0.16,g,,,,,,,0,mg,,,,,,,,,,,,,,,,,,,,,49.52,g,7.9,g,10,g,,,,,1.28,ug,0.27,mg,,,,mg,0.015,mg,0.8,ug,0,ug,0.042,mg,4.94,mg,0,ug,4.02,mg,3.97,mg,,,0.58,mg,0.33,ug,78.15,mg,4.84,mg,2.2,mg,21.9,mg,0.21,ug,0.12,mg
2602,Fritos de maíz,Corn chips,,A0703 A0730 A0823 A0975 A1240 A1290 B1380 C0165 E0131 F0022 G0025 H0263 H0367 H0590 J0003 K0004 M0172 M0197 N0036 P0024 R0001 Z0112,,,,,,,,,,,1.000000,BEDCA2,0,g,2359.67,kJ,37.31,g,6.6,g,0.19,g,51,g,4.9,g,,,,,,,0,mg,,,,,,,,,,,,,,,,,,,,,15.93,g,4.774,g,16.6,g,,,,,9.04,ug,1.95,mg,,,,mg,1.15,mg,2.07,ug,0.18,ug,0.11,mg,0,mg,0,ug,2.55,mg,63.2,mg,,,20.3,mg,1,ug,314.3,mg,74.3,mg,994.2,mg,243.2,mg,6.7,ug,2.3,mg
2603,"Laurel, hoja","bay, leaf",laurus nobilis l,A0133 A0455 A0629 A0678 A0705 A0731 A0826 B1197 C0200 E0131 F0001 G0001 H0001 J0001 K0003 M0001 N0001 P0024 R0212 R0497 Z0205 Z0215,,,,,,,,,,,1.000000,BEDCA2,0,g,1266.2,kJ,8.4,g,7.6,g,5.4,g,48.6,g,26.3,g,0,g,,,,,0,mg,,,,,,,,,,,,,,,,,,,,,1.64,g,2.29,g,2.28,g,,,,,0,ug,3.9,mg,,,0.42,mg,0.01,mg,618,ug,0,ug,1.74,mg,0,mg,0,ug,,,830,mg,,,43,mg,,,530,mg,120,mg,23,mg,113,mg,2.8,ug,3.7,mg
2604,Lasaña,Lasagne,,A0172 A0722 A0735 A0861 A1099 B1347 C0001 E0119 F0014 G0005 J0136 K0003 M0287 N0042 R0212 Z0112,,,,,,,,,,,1.000000,BEDCA2,0,g,574.5,kJ,7.9,g,6.3,g,73.7,g,10.3,g,0.8,g,,,,,,,21,mg,,,,,,,,,,,,,,,,,,,,,3.31,g,1.12,g,3.17,g,,,,,9,ug,1.25,mg,,,0.09,mg,0.05,mg,102,ug,0.42,ug,0.08,mg,2,mg,0.12,ug,0.86,mg,85,mg,,,0.7,mg,28.5,ug,159,mg,13,mg,181,mg,93,mg,7.5,ug,0.9,mg
2605,Ketchup,Ketchup,,A0722 A0735 A0859 A1276 B1276 C0138 E0139 F0014 G0003 H0136 H0200 H0367 J0110 K0001 M0187 N0036 P0024 R0001,A044P,16,A042N,"Seasoning, sauces and condiments",53,A04QN,Condiments,,,,1.000000,BEDCA2,0,g,434.1,kJ,0.2,g,3.4,g,66.7,g,21.7,g,0.9,g,,,0.185,g,,,0,mg,,g,,g,0.088,g,0.03,g,0.039,g,0.114,g,0.029,g,,g,,g,,g,0.05,g,0.13,g,0.04,g,,,,,10,ug,1,mg,,,0.06,mg,0.06,mg,100,ug,0,ug,0.16,mg,15,mg,0,ug,1.5,mg,19,mg,,,0.9,mg,45,ug,480,mg,19,mg,910,mg,40,mg,0.6,ug,0.1,mg
2606,Jengibre,Ginger,,A0853 A1166 A1248 A1272 B1265 C0001 E0117 F0003 G0003 H0003 H0138 J0116 K0003 M0172 N0036 P0024 Z0204,,,,,,,,,,,1.000000,BEDCA2,0,g,216.3,kJ,0.7,g,1.7,g,88.1,g,9.5,g,,g,,,,,,,,mg,,,,,,,,,,,,,,,,,,,,,,g,,g,,g,,,,,,ug,0.8,mg,,,0.03,mg,0.02,mg,5.8,ug,0,ug,0.16,mg,4,mg,0,ug,,mg,17,mg,,,0.6,mg,,ug,330,mg,35,mg,11,mg,27,mg,,ug,0.4,mg
2607,Hojaldre,Puff pastry,,A0691 A0729 A0820 A1240 A1290 B1312 C0155 E0147 F0014 H0148 H0262 H0319 H0367 H0751 J0003 K0003 M0001 N0001 P0024 R0212 Z0112,,,,,,,,,,,1.000000,BEDCA2,0,g,2301.7,kJ,38.5,g,7.4,g,8.4,g,44.2,g,1.5,g,,,,,,,1,mg,0.055,g,0.226,g,8.657,g,1.764,g,5.045,g,3.046,g,0.014,g,,,,,,,8.28,g,22.22,g,5.5,g,2.998,g,,,47,ug,5.217,mg,,,0.25,mg,0.32,mg,0,ug,0,ug,0.019,mg,0,mg,1,ug,2.37,mg,10,mg,,,2.6,mg,17.2,ug,62,mg,16,mg,253,mg,60,mg,24.5,ug,0.54,mg
2608,Hinojo,Fennel,,A0853 A1166 A1248 A1272 B1262 C0001 E0117 F0003 G0003 H0003 H0138 J0116 K0003 M0172 N0036 P0024 Z0204,A00XL,19,A00FJ,Vegetables and vegetable products,62,A00VQ,"Aromatic herbs or flowers, fresh",,,,1.000000,BEDCA2,0,g,14,kcal,,g,1.1,g,93.3,g,2.3,g,3.3,g,,,,,,,0,mg,,,,,,,,,,,,,,,,,,,,,,g,,g,,g,,,,,55,ug,0.68,mg,,,0.02,mg,0.08,mg,32,ug,0,ug,0.06,mg,8,mg,0,ug,0.9,mg,37,mg,,,0.5,mg,,ug,473,mg,12,mg,15,mg,38,mg,,ug,0.5,mg
2609,Gusanito,"Snack, ""gusanito"" type",,A0467 A0722 A0735 A0868 A1109 A1293 B1232 C0155 E0147 F0014 G0005 H0334 H0367 J0003 K0031 M0172 N0036 P0024 R0212 Z0112,,,,,,,,,,,1.000000,BEDCA2,0,g,1990.06,kJ,26.2,g,9.139,g,8.3,g,50.9,g,5.5,g,,,,,,,0,mg,,,,,,,,,,,,,,,,,,,,,11.5,g,2.99,g,11.7,g,,,,,10,ug,3.74,mg,,,0.04,mg,0.01,mg,0,ug,0,ug,0.116,mg,0,mg,0,ug,1.4,mg,147,mg,,,0.7,mg,2.6,ug,124,mg,50,mg,1790,mg,113,mg,5.8,ug,0.85,mg
2610,"Guindilla, picante",Chili or hot pepper,Capsicum annuum,A0152 A0455 A0629 A0650 A0705 A0731 A0826 B1643 C0169 E0150 F0003 G0003 H0003 J0001 K0003 M0001 N0001 P0024 R0212 R0497 Z0112 Z0205,,,,,,,,,,./foodimages/IMG_0823.JPG,1.000000,BEDCA2,0,g,186.39,kJ,1.1,g,1.87,g,88.8,g,6.7,g,1.5,g,,,,,,,0,mg,,,,,,,,,,,,,,,,,,,,,0.061,g,0.6,g,0.105,g,,,,,23,ug,1.677,mg,,,0.086,mg,0.072,mg,95.33,ug,0,ug,0.506,mg,143.7,mg,0,ug,0.69,mg,14,mg,,,1.03,mg,2.4,ug,322,mg,23,mg,9,mg,43,mg,0.5,ug,0.26,mg
2611,"Guindilla, en polvo","Chili or hotpepper, powder",Brassica nigra l,A0152 A0455 A0629 A0650 A0705 A0731 A0826 B1643 C0169 E0106 F0001 G0003 H0138 J0116 K0001 M0134 N0001 P0024 R0212 R0497 Z0112 Z0205,,,,,,,,,,./foodimages/shichimi2.jpg,1.000000,BEDCA2,0,g,1271.26,kJ,14.28,g,12,g,8.1,g,31.7,g,34.8,g,6.6,g,,,,,0,mg,,,,,,,,,,,,,,,,,,,,,3.211,g,8.006,g,2.462,g,,,,,0,ug,11.3,mg,,,0.92,mg,0.33,mg,6135,ug,0,ug,0.09,mg,0,mg,0,ug,,mg,150,mg,,,34.1,mg,2.4,ug,2010,mg,150,mg,30,mg,290,mg,4,ug,2,mg
2612,Gomasio,Gomasio,,A0134 A0463 A0722 A0852 A1165 B1226 C0005 E0143 F0003 G0001 H0367 H0368 J0003 K0003 M0001 N0001 P0024 R0212 Z0112,,,,,,,,,,,1.000000,BEDCA2,0,g,370.69,kJ,8.7,g,2.73,g,84.73,g,0.14,g,0,g,,,,,,,0,mg,,,,,,,,,,,,,,,,,,,,,3.26,g,3.83,g,1.25,g,,,,,14.5,ug,1.56,mg,,,0.03,mg,0.14,mg,0.15,ug,0,ug,0.11,mg,0,mg,0,ug,0.38,mg,101.6,mg,,,1.58,mg,0,ug,86.06,mg,56.2,mg,353,mg,108.01,mg,0,ug,0.8,mg
2613,Gelatina,Jelly,,A0209 A0722 A0735 A0864 B1134 C0219 E0119 F0014 G0013 H0122 H0145 H0150 H0158 H0165 J0131 K0003 M0172 N0036 P0024 R0212 Z0112,,,,,,,,,,,1.000000,BEDCA2,0,g,1434.8,kJ,0,g,84.4,g,15.6,g,0,g,0,g,,,0.091,g,,,0,mg,,,,,,,,,,,,,,,,,,,,,0,g,0,g,0,g,,,,,0,ug,0.103,mg,,,,mg,,mg,0,ug,0,ug,,mg,0,mg,0,ug,0,mg,11,mg,,,0,mg,6,ug,22,mg,11,mg,32,mg,0,mg,,ug,0.2,mg
2614,Gazpacho,"Cold vegetal soup, gazpacho",,A0705 A0731 A0826 A1006 A1227 A1281 B1140 C0005 E0139 F0003 G0003 H0003 H0212 H0221 H0367 J0131 K0027 M0172 N0036 P0024 R0212 Z0112 Z0154,A041S,5,A03VA,Composite dishes,11,A041K,Soups and salads,,,,1.000000,BEDCA2,0,g,141,kJ,2.8,g,0.6,g,94.8,g,1.6,g,0.2,g,,,,,,,0,mg,,,,,,,,,,,,,,,,,,,,,1.9,g,0.31,g,0.47,g,,,,,4,ug,0.51,mg,,,0.01,mg,0.02,mg,53,ug,0,ug,0.06,mg,2.9,mg,0,ug,0.19,mg,10,mg,,,0.4,mg,1.17,ug,92,mg,3,mg,303,mg,15,mg,1.5,ug,0.1,mg
2615,Flamenquín,"Pork loin, cheese and ham roll, breaded, fried, ""flamenquin"" type",,A0467 A0722 A0735 A0861 B0001 C0005 E0147 F0014 G0001 H0143 H0152 H0186 H0191 H0367 J0142 K0003 M0159 N0039 P0024 R0212 Z0112,,,,,,,,,,,1.000000,BEDCA2,0,g,961.01,kJ,15.13,g,19.2,g,60.79,g,4.4,g,0.31,g,,,,,,,69.3,mg,,,,,,,,,,,,,,,,,,,,,9.12,g,1.94,g,2.95,g,,,,,3.34,ug,2.88,mg,,,0.09,mg,0.32,mg,10.08,ug,1.004,ug,0.16,mg,1.7,mg,0.08,ug,0.195,mg,14.95,mg,,,1.73,mg,4.62,ug,152.23,mg,14.32,mg,172.6,mg,140.18,mg,0.44,ug,1.43,mg
2616,Fabada,"Bean, stew ""fabada"" type",,A0467 A0722 A0735 A0832 A1286 B1397 C0005 E0108 F0014 G0019 H0191 H0212 J0123 K0003 M0182 N0042 P0024 R0212 Z0112,,,,,,,,,,,1.000000,BEDCA2,0,g,657.5,kJ,8.82,g,6.06,g,63.9,g,13.42,g,7.8,g,,,,,,,20,mg,,,,,,,,,,,,,,,,,,,,,3.445,g,0.772,g,3.095,g,,,,,56.58,ug,9.34,mg,,,0.1,mg,0.12,mg,24.1,ug,10.59,ug,0.1,mg,0,mg,0,ug,0.35,mg,118.3,mg,,,7.8,mg,5.6,ug,1170,mg,174.3,mg,891,mg,309.9,mg,16.1,ug,0.63,mg
2617,Ensaladilla rusa,Russian salad,,A0467 A0722 A0735 A0861 A1117 A1281 B1579 C0005 E0108 F0014 G0014 H0186 H0233 J0003 K0003 M0001 N0001 P0024 R0212 Z0112,,,,,,,,,,,1.000000,BEDCA2,0,g,458.98,kJ,6.68,g,2.7,g,78.59,g,9.76,g,2.27,g,,,,,,,35.09,mg,,,,,,,,,,,,,,,,,,,,,3.64,g,1.19,g,1.07,g,,,,,28.06,ug,1.37,mg,,,0.09,mg,0.1,mg,321.21,ug,0.15,ug,0.19,mg,15.04,mg,0.14,ug,1.54,mg,25.68,mg,,,0.87,mg,5.22,ug,376.48,mg,19.77,mg,48.26,mg,58.61,mg,0,ug,0.35,mg
2618,"Eneldo, seco","Dill, dried",Anethum graveolens,A0853 A1166 A1248 A1272 B1277 C0001 E0117 F0003 G0003 H0003 H0138 J0116 K0003 M0172 N0036 P0024 Z0204,A00XH,19,A00FJ,Vegetables and vegetable products,62,A00VQ,"Aromatic herbs or flowers, fresh",,,,1.000000,BEDCA2,0,g,1218.5,kJ,4.4,g,19.9,g,7.3,g,42.2,g,37.6,g,,,,,,,,mg,,,,,,,,,,,,,,,,,,,,,,g,,g,,g,,,,,0,ug,0.28,mg,,,0.28,mg,0.42,mg,5543,ug,0,ug,1.46,mg,0,mg,0,ug,9.27,mg,1780,mg,,,48.8,mg,,ug,3310,mg,450,mg,210,mg,540,mg,,ug,3.3,mg
2619,Empanadilla,"Pasty, frozen, n/e",,A0467 A0722 A0735 A0861 B0001 C0005 E0147 F0014 G0001 H0186 H0212 H0367 J0142 K0003 M0159 N0039 P0024 R0212 Z0112,,,,,,,,,,,1.000000,BEDCA2,0,g,1031.61,kJ,12.03,g,4.76,g,48.1,g,29.74,g,5.37,g,,,,,,,48,mg,0.056,g,0.084,g,3.025,g,0.599,g,2.38,g,3.02,g,0.133,g,0.004,g,0.005,g,0.032,g,3.13,g,2.73,g,4.361,g,0.258,g,,,15.41,ug,8.1,mg,,,0.14,mg,0.17,mg,27.78,ug,13.09,ug,0.13,mg,0,mg,2.17,ug,1.95,mg,30.1,mg,,,1.07,mg,20.1,ug,204.3,mg,24.7,mg,713.2,mg,243.2,mg,39.1,ug,0.39,mg
2620,Empanada de carne,Meat pasty,,A0467 A0722 A0735 A0861 B1134 C0005 E0147 F0014 G0001 H0186 H0191 H0212 H0367 J0142 K0003 M0159 N0039 P0024 R0212 Z0112,,,,,,,,,,,1.000000,BEDCA2,0,g,1246.71,kJ,18.11,g,21.91,g,47.8,g,12.01,g,0.13,g,,,,,,,91,mg,0.056,g,0.084,g,3.025,g,0.599,g,2.38,g,3.02,g,0.133,g,0.004,g,0.005,g,0.032,g,7.5,g,4.16,g,4.81,g,0.258,g,,,9,ug,11.48,mg,,,0.18,mg,0.09,mg,35,ug,0.41,ug,0.35,mg,0,mg,0.19,ug,0.49,mg,37,mg,,,0.91,mg,6.72,ug,347,mg,23,mg,598,mg,188,mg,21.7,ug,0.95,mg
2621,Curry,Curry,,A0853 A1166 A1248 A1272 B3424 C0001 E0117 F0003 G0003 H0003 H0138 J0116 K0003 M0172 N0036 P0024 Z0204,,,,,,,,,,,1.000000,BEDCA2,0,g,1830,kJ,15,g,15,g,10,g,60,g,0,g,,,,,,,0,mg,,,,,,,,,,,,,,,,,,,,,7.9,g,3.9,g,2.8,g,,,,,0,ug,3.467,mg,,,0.281,mg,0.253,mg,100,ug,0,ug,0,mg,11.41,mg,0,ug,0,mg,500,mg,,,29.5,mg,1,ug,1550,mg,250,mg,50,mg,350,mg,0.7,ug,0.3,mg
2622,Cubito de caldo,Stock powder,,A0467 A0722 A0735 A0855 A1202 B1457 C0270 E0140 F0014 G0003 H0100 H0138 H0164 H0229 H0367 J0116 K0003 M0213 N0039 P0188 R0212 Z0112,A043F,16,A042N,"Seasoning, sauces and condiments",55,A04QJ,Seasonings and extracts,,,,1.000000,BEDCA2,0,g,1043.8,kJ,18.7,g,15.7,g,4.6,g,5,g,0.2,g,,,,,,,10,mg,0.147,g,0.225,g,5.359,g,2.031,g,3.377,g,0.209,g,0.014,g,,,,,,,7.61,g,0.7,g,9.09,g,2.31,g,,,32,ug,4.5,mg,,,0.24,mg,0.07,mg,15,ug,0.54,ug,0.57,mg,0,mg,0,ug,0,mg,60,mg,,,1.2,mg,,ug,446,mg,55.4,mg,16982,mg,320,mg,27.6,ug,0.8,mg
2623,"Rape, crudo","Monkfish, raw",Lophius piscatorius,A0717 A0727 A0747 A0802 A1265 A1285 B1248 C0243 E0150 F0003 G0003 H0003 J0142 K0003 M0172 N0036 P0024 R0212 Z0153,,,,,,,,,,,0.730000,BEDCA2,0,g,292.5,kJ,0.6,g,15.9,g,82.8,g,,g,,g,,,,,,,17,mg,,,0.016,g,0.109,g,0.03,g,0.033,g,0.005,g,0.001,g,0.02,g,0.022,g,0.084,g,0.12,g,0.16,g,0.13,g,,,,,7,ug,1.5,mg,,,0.06,mg,0.03,mg,0,ug,0.9,ug,0.2,mg,0,mg,,ug,0.85,mg,8,mg,,,0.3,mg,,,284,mg,21,mg,41,mg,330,mg,36.5,ug,0.5,mg
2624,"Rape, plancha","Monkfish, griddle",,A0717 A0727 A0747 A0802 A1265 A1285 B1248 C0243 E0150 F0014 G0008 H0003 J0142 K0003 M0172 N0036 P0024 R0212 Z0153,,,,,,,,,,,1.000000,BEDCA2,0,g,363,kJ,2,g,17,g,81,g,0,g,0,g,,,,,,,50,mg,,,,,,,,,,,,,,,,,,,,,0.16,g,1.03,g,0.51,g,,,,,13,ug,2,mg,,,0.1,mg,0.07,mg,0,ug,1,ug,0,mg,0.85,mg,0,ug,0,mg,64,mg,,,1,mg,,,274,mg,20,mg,109,mg,180,mg,36.5,ug,0.5,mg
2625,Rodaballo,Turbot,Psetta maxima,A0717 A0727 A0747 A0802 A1146 A1285 B2708 C0275 E0150 F0003 G0003 H0003 J0142 K0003 M0166 M0173 N0036 N0039 P0024 R0001 Z0215,A02BG,7,A026T,"Fish, seafood, amphibians, reptiles and invertebrates",15,A026V,Fish,,,,0.550000,BEDCA2,0,g,406.9,kJ,3.6,g,16.1,g,80.3,g,0,g,0,g,0,g,,,,,25,mg,0.001,g,0.073,g,0.284,g,0.058,g,0.195,g,0.121,g,0.015,g,0.022,g,0.205,g,0.303,g,0.83,g,1.19,g,1.12,g,,,,,10,ug,5.5,mg,,,0.14,mg,0.06,mg,14,ug,2,ug,0.15,mg,,mg,,ug,0,mg,22,mg,,,1,mg,16,ug,290,mg,20,mg,114,mg,192,mg,36.5,ug,0.5,mg
2626,Salmón,Salmon,Salmo salar,A0717 A0727 A0747 A0802 A1154 A1285 B2250 C0127 E0150 F0003 G0003 H0003 J0142 K0003 M0003 N0003 P0024 R0001,A028P,7,A026T,"Fish, seafood, amphibians, reptiles and invertebrates",15,A026V,Fish,,,,0.670000,BEDCA2,0,g,756.8,kJ,12,g,18.4,g,69.6,g,0,g,0,g,0,g,,,,,50,mg,,,0.14,g,0.84,g,0.24,g,1.58,g,0.44,g,0.08,g,0.04,g,0.524,g,0.956,g,5.43,g,3.1,g,2.16,g,,,,,26,ug,10.4,mg,,,0.15,mg,0.2,mg,13,ug,5,ug,0.75,mg,0,mg,8,ug,2,mg,27,mg,,,0.7,mg,28.3,ug,310,mg,26,mg,98,mg,250,mg,20,ug,0.8,mg
2627,Salmón ahumado,Smoked salmon,Salmo salar,A0717 A0727 A0747 A0802 A1143 A1285 B2250 C0173 E0122 F0014 G0004 H0172 H0211 H0367 J0004 K0004 M0137 N0036 P0024 R0001 Z0112,A02KF,7,A026T,"Fish, seafood, amphibians, reptiles and invertebrates",16,A04NL,Fish and seafood processed,,,,1.000000,BEDCA2,0,g,753.7,kJ,8.7,g,25.4,g,67.68,g,0,g,0,g,,,,,,,35,mg,,,,,,,,,,,,,,,,,,,,,3.39,g,1.44,g,1.36,g,,,,,2,ug,13.7,mg,,,0.17,mg,0.16,mg,15,ug,3,ug,0.28,mg,0,mg,19,ug,1.7,mg,19,mg,,,0.6,mg,28,ug,420,mg,32,mg,1880,mg,250,mg,32.4,ug,0.4,mg
2628,"Salmón, plancha","Salmon, griddle",,A0717 A0727 A0747 A0802 A1265 A1285 B2250 C0125 E0150 F0014 G0008 H0001 J0003 K0003 M0001 N0001 P0024 R0212 Z0109 Z0153,,,,,,,,,,,1.000000,BEDCA2,0,g,750.4,kJ,11,g,20.2,g,68.8,g,,g,0,g,,,,,,,50,mg,,,,,,,,,,,,,,,,,,,,,4.4,g,3.1,g,1.9,g,,,,,16,ug,7.2,mg,,,0.13,mg,0.2,mg,13,ug,4,ug,0.68,mg,0,mg,8,ug,1.91,mg,13,mg,,,0.4,mg,37,ug,360,mg,27,mg,45,mg,250,mg,0,ug,0.6,mg
2629,Salmonete,Mullet,Mullus surmuletus,A0717 A0727 A0747 A0802 A1146 A1285 B2567 C0275 E0150 F0003 G0003 H0003 J0142 K0003 M0166 M0173 N0036 N0039 P0024 R0001 Z0215,A02AD,7,A026T,"Fish, seafood, amphibians, reptiles and invertebrates",15,A026V,Fish,,,,0.740000,BEDCA2,0,g,376.6,kJ,3.7,g,14.1,g,82.2,g,0,g,0,g,0,g,,,,,49,mg,0.006,g,0.215,g,1.668,g,0.378,g,1.705,g,0.115,g,0.034,g,0,g,0.459,g,0.45,g,0.84,g,0.62,g,1.07,g,,,,,11,ug,1.9,mg,,,0.07,mg,0.05,mg,,ug,2,ug,0.42,mg,0,mg,0.8,ug,0.51,mg,30,mg,,,0.7,mg,190,ug,340,mg,25,mg,91,mg,220,mg,29,ug,0.5,mg
2630,Sardina,Sardine,Sardina pilchardus,A0717 A0727 A0747 A0802 A1146 A1285 B1558 C0173 E0150 F0003 G0003 H0003 J0142 K0003 M0003 N0003 P0188 R0001,A02DB,7,A026T,"Fish, seafood, amphibians, reptiles and invertebrates",15,A026V,Fish,,,,0.520000,BEDCA2,0,g,585.2,kJ,7.5,g,18.1,g,74.4,g,0,g,0,g,0,g,,,,,100,mg,,,0.143,g,0.54,g,0.192,g,0.373,g,0.056,g,0.026,g,0.046,g,0.254,g,0.676,g,1.8,g,2.28,g,2.64,g,,,,,8,ug,6.4,mg,,,0.38,mg,0.12,mg,64,ug,8.5,ug,0.96,mg,0,mg,8,ug,1.6,mg,43,mg,,,1.1,mg,16,ug,24,mg,29,mg,100,mg,475,mg,30,ug,0.5,mg
2631,"Sardina, asada","Sardine, roasted",Sardina pilchardus,A0717 A0727 A0747 A0802 A1265 A1285 B1392 C0173 E0150 F0014 G0008 H0001 J0003 K0003 M0001 N0001 P0024 R0212 Z0109 Z0153,,,,,,,,,,,0.520000,BEDCA2,0,g,1067.79,kJ,21.2,g,16.67,g,75.5,g,0,g,0,g,,,,,,,79.8,mg,,,,,,,,,,,,,,,,,,,,,2.8,g,2.9,g,2.6,g,,,,,6.09,ug,5.76,mg,,,0.26,mg,0.04,mg,56.61,ug,24.85,ug,0.82,mg,0,mg,7.11,ug,1.44,mg,83.3,mg,,,2.5,mg,26.83,ug,18.5,mg,23.85,mg,57.5,mg,245.1,mg,0,ug,0.82,mg
2632,"Sardina, enlatada, en aceite, escurrida","sardine, canned in oil, drained",,A0267 A0727 A0802 B2003 C0265 E0147 F0014 G0001 H0263 H0367 J0123 K0021 M0175 M0204 N0042 P0024 Z0061 Z0112 Z0219,,,,,,,,,,,1.000000,BEDCA2,0,g,989.56,kJ,15.75,g,23.93,g,58.88,g,0,g,0,g,,,,,,,65,mg,,,,,,,,,,,,,,,,,,,,,7.17,g,4.85,g,2.8,g,,,,,8.7,ug,12.57,mg,,,0.31,mg,0.04,mg,49,ug,29.6,ug,0.47,mg,0,mg,8.2,ug,0.3,mg,314,mg,,,2.9,mg,33.4,ug,388,mg,49.3,mg,366,mg,430,mg,50,ug,2.8,mg
2633,"Sardina, enlatada, en escabeche","Sardine, canned, pickled",,A0267 A0727 A0802 B2003 C0265 E0147 F0014 G0001 H0200 H0227 H0263 H0367 J0123 K0040 M0175 M0204 N0042 P0024 Z0061 Z0112,,,,,,,,,,,1.000000,BEDCA2,0,g,546.1,kJ,7.5,g,15,g,76.7,g,0.8,g,0,g,0,g,,,,,100,mg,,,,,,,,,,,,,,,,,,,,,1.8,g,2.28,g,2.64,g,,,,,7,ug,5.9,mg,,,0.34,mg,0.11,mg,58,ug,26,ug,0.96,mg,,mg,7,ug,1.6,mg,30,mg,,,0.9,mg,10,ug,260,mg,26,mg,760,mg,280,mg,30,ug,0.4,mg
2634,"Sargo, crudo","Annular seabream, raw",Diplodus sargus.,A0267 A0727 A0802 B1763 C0275 E0150 F0003 G0003 H0003 J0001 K0003 M0001 N0001 P0024 Z0061 Z0215,,,,,,,,,,,0.550000,BEDCA2,0,g,417.8,kJ,4.4,g,15,g,80.6,g,0,g,0,g,0,g,,,,,70,mg,0.004,g,0.1,g,0.546,g,0.194,g,0.461,g,0.019,g,0.003,g,0.117,g,0.136,g,0.221,g,0.85,g,2.5,g,0.57,g,,,,,5,ug,6,mg,,,0.08,mg,0.06,mg,48,ug,2.9,ug,0.19,mg,0,mg,,ug,0.4,mg,30,mg,,,1,mg,7,ug,350,mg,30,mg,77,mg,264,mg,45,ug,0.5,mg
2635,Sepia,Cuttlefish,Sepia officinalis,A0717 A0727 A0802 A1152 A1265 A1285 B1644 C0173 E0150 F0003 G0003 H0003 J0003 K0003 M0001 N0001 P0024 R0510,,,,,,,,,,,0.800000,BEDCA2,0,g,336.2,kJ,1,g,17.6,g,80.4,g,,g,0,g,,,,,,,152,mg,,,0.03,g,0.27,g,0.11,g,0.07,g,0.01,g,0.01,g,0.034,g,0.207,g,0.294,g,0.13,g,0.3,g,0.24,g,,,,,12,ug,3.15,mg,,,0.48,mg,0.04,mg,2,ug,2.5,ug,0.39,mg,,mg,,ug,2.4,mg,38,mg,,,2.4,mg,64,ug,427,mg,32,mg,378,mg,268,mg,65,ug,2.2,mg
2636,Trucha,Trout,Salmo trutta sp,A0717 A0727 A0745 A0802 A1146 A1265 B1258 C0127 E0150 F0003 G0003 H0003 J0142 K0003 M0003 N0003 P0188 R0001,A029F,7,A026T,"Fish, seafood, amphibians, reptiles and invertebrates",15,A026V,Fish,,,,0.520000,BEDCA2,0,g,377.9,kJ,3,g,15.7,g,81.3,g,0,g,0,g,0,g,,,,,80,mg,0.004,g,0.45,g,1.19,g,0.27,g,1.41,g,0.78,g,0.13,g,0.03,g,0.311,g,0.916,g,0.74,g,1.83,g,0.43,g,,,,,9.4,ug,5.1,mg,,,0.1,mg,0.08,mg,14,ug,5.2,ug,0.43,mg,0,mg,2.1,ug,1.5,mg,26,mg,,,1,mg,3,ug,250,mg,28,mg,58,mg,208,mg,25,ug,0.8,mg
2637,Vieira,Scallop,Pecten sp,A0717 A0727 A0801 A1154 A1265 A1285 B1489 C0173 E0150 F0003 G0003 H0003 J0142 K0004 M0128 M0166 M0173 M0213 N0036 N0039 N0046 P0024 R0001 Z0215,A02HN,7,A026T,"Fish, seafood, amphibians, reptiles and invertebrates",18,A02GM,Molluscs,,,,0.250000,BEDCA2,0,g,356.3,kJ,0.9,g,19,g,80.1,g,0,g,0,g,0,g,,,,,40,mg,,,,,,,,,,,,,,,,,,,,,0.09,g,0.23,g,0.23,g,,,,,17,ug,6.4,mg,,,0.1,mg,0.04,mg,,ug,1.8,ug,0.14,mg,,mg,,ug,0.4,mg,120,mg,,,2.4,mg,58,ug,480,mg,38,mg,270,mg,315,mg,51,ug,1.3,mg
2639,Zamburiñas,Variegated scallop,Chlamys varia,A0667 A0717 A0727 A0803 A1265 A1285 B1331 C0173 E0150 F0003,,,,,,,,,,,0.250000,BEDCA2,0,g,324.3,kJ,1,g,15.4,g,82.1,g,1.5,g,0,g,,,,,,,34,mg,,,,,,,,,,,,,,,,,,,,,0.2,g,0.2,g,0.3,g,,,,,16,ug,4.17,mg,,,0.21,mg,0.03,mg,90,ug,1.41,ug,0.14,mg,0,mg,0,ug,0.4,mg,46,mg,,,14,mg,27,ug,314,mg,51,mg,56,mg,169,mg,24.3,ug,1.2,mg
2640,Almeja,Clams,Tapes decussata,A0717 A0727 A0803 A1152 A1265 A1285 B1331 C0243 E0150 F0003 G0003 H0003 J0142 K0004 M0128 M0166 M0173 M0213 N0036 N0039 N0046 P0024 R0001 Z0215,A02HA,7,A026T,"Fish, seafood, amphibians, reptiles and invertebrates",18,A02GM,Molluscs,,,,0.560000,BEDCA2,0,g,200.4,kJ,1.61,g,10.7,g,88.8,g,0,g,0,g,0,g,,,,,40,mg,,,0.04,g,0.2,g,0.07,g,0.08,g,0.02,g,0.01,g,0.025,g,0.024,g,0.206,g,0.24,g,0.59,g,0.34,g,,,,,16,ug,4.1,mg,,,0.14,mg,0.04,mg,90,ug,,ug,0.14,mg,,mg,,ug,0.4,mg,75,mg,,,24,mg,160,ug,314,mg,51,mg,56,mg,130,mg,24.3,ug,1.3,mg
2641,Almejas en conserva,Canned clams,,A0717 A0727 A0801 A1148 A1265 A1285 B1331 C0125 E0150 F0014 G0013 H0148 H0367 J0123 K0017 M0173 M0175 N0042 P0024 R0001 Z0112,,,,,,,,,,,1.000000,BEDCA2,0,g,336.61,kJ,0.4,g,17.43,g,80.7,g,1.5,g,0,g,,,,,,,41,mg,,,,,,,,,,,,,,,,,,,,,0.04,g,0.121,g,0.1,g,,,,,12.8,ug,4.1,mg,,,0.14,mg,0.03,mg,89.8,ug,5,ug,0.03,mg,0,mg,,ug,0.37,mg,142.4,mg,,,25.6,mg,27.1,ug,314,mg,50.8,mg,56,mg,169,mg,24.3,ug,1.3,mg
2642,Azúcar blanca,"Sugar, white",,A0462 A0697 A0733 A0836 A0982 A1256 A1289 B1012 C0210 E0143 F0014 G0001 H0138 J0116 K0003 M0159 N0039 P0024 R0212 Z0112,A032J,18,A032F,"Sugar, confectionery and water-based sweet desserts",59,A04PA,Sugar and other sweetening ingredients (excluding intensive sweeteners),,,,1.000000,BEDCA2,0,g,1700,kJ,0,g,0,g,,g,100,g,0,g,,,,,,,0,mg,0,g,0,g,0,g,0,g,0,g,0,g,0,g,0,g,0,g,0,g,0,g,0,g,0,g,0,g,,,0,ug,0,mg,,,0,mg,0,mg,0,ug,0,ug,0,mg,0,mg,0,ug,0,mg,1,mg,,,0.1,mg,5,ug,2,mg,,mg,0,mg,,mg,0.5,ug,0.1,mg
2643,Miel,Honey,,A0462 A0697 A0733 A0836 A0982 A1256 A1289 B3010 C0188 E0139 F0003 G0001 K0003 M0172 N0036 P0024 R0212 Z0112,A033K,18,A032F,"Sugar, confectionery and water-based sweet desserts",59,A04PA,Sugar and other sweetening ingredients (excluding intensive sweeteners),,,,1.000000,BEDCA2,0,g,1314.1,kJ,0,g,0.5,g,17,g,76.8,g,0,g,,,1.08,g,,,0,mg,,,,,,,,,,,,,,,,,,,,,0,g,0,g,0,g,,,,,5,ug,0.2,mg,,,0.05,mg,0.01,mg,0,ug,0,ug,0.3,mg,2,mg,0,ug,0,mg,15,mg,,,0.7,mg,5,ug,54,mg,5,mg,23,mg,17,mg,0.5,ug,0.3,mg
2644,Harina de maíz,Corn flour,,A0693 A0729 A0813 A0969 A1240 A1290 B1232 C0165 E0150 F0001 G0003 H0138 J0116 M0159 N0039 P0024 Z0154,A002Q,11,A000J,Grains and grain-based products,29,A000K,Cereals and similar,,,,1.000000,BEDCA2,0,g,1372.37,kJ,2.82,g,8.29,g,13.2,g,66.3,g,9.42,g,,,0.64,g,,,0,mg,,,,,,,,,,,,,,,,,,,,,0.88,g,1.435,g,0.351,g,,,,,33,ug,0.82,mg,,,0.13,mg,0.44,mg,18,ug,0,ug,0.09,mg,0,mg,0,ug,0.45,mg,3,mg,,,2.4,mg,1,ug,120,mg,47,mg,0.7,mg,69,mg,0.8,ug,1.6,mg
2645,Caramelo,Candy,,A0228 A0698 A0735 A0835 A0982 C0108 E0143 F0014 H0106 H0136 H0138 H0228 J0116 K0003 M0172 N0036 P0188 Z0112,A034Z,18,A032F,"Sugar, confectionery and water-based sweet desserts",58,A04PE,Confectionery including chocolate,,,,1.000000,BEDCA2,0,g,1621.8,kJ,,g,0.4,g,4.6,g,95,g,0,g,,,0.064,g,,,0,mg,,,,,,,,,,,,,,,,,,,,,,g,,g,,g,,,,,0,ug,,mg,0.01,mg,,mg,0,mg,0,ug,0,ug,0,mg,0,mg,0,ug,0,mg,4,mg,0,mg,0.4,mg,0,ug,23,mg,3,mg,41,mg,8,mg,2.6,ug,0.2,mg
2647,Bombón,Chocolate,,A0158 A0699 A0733 A0839 A0982 B1318 C0158 E0147 F0014 G0001 H0184 H0231 H0355 J0123 K0003 M0172 N0036 P0024 R0212 Z0112,,,,,,,,,,,1.000000,BEDCA2,0,g,1988,kJ,21.2,g,4.8,g,7.2,g,66,g,0.8,g,,,,,,,28,mg,,,,,,,,,,,,,,,,,,,,,6.75,g,0.741,g,12.3,g,,,,,10,ug,1.85,mg,,,0.14,mg,0.06,mg,33.16,ug,0,ug,0.02,mg,,mg,0,ug,0.7,mg,121,mg,,,1.3,mg,6,ug,420,mg,43,mg,58,mg,120,mg,2.8,ug,1.7,mg
2648,"Cacao en polvo, azucarado","Soluble cocoa, with sugar, powder",,A0272 A0467 A0662 A0710 A0733 A0839 B1012 C0108 E0106 F0003 H0138 H0158 H0227 H0231 H0247 J0116 K0003 M0003 N0001 P0024 R0212 Z0112,,,,,,,,,,,1.000000,BEDCA2,0,g,1625.3,kJ,4,g,5.88,g,1.5,g,81.02,g,3.5,g,,,,,,,6,mg,0.001,g,0.003,g,0.648,g,0.743,g,0.541,g,0.289,g,,,,,,,,,1.32,g,0.12,g,2.5,g,0,g,,,15,ug,3.08,mg,,,0.56,mg,0.1,mg,1,ug,1.32,ug,0.11,mg,1.8,mg,0,ug,0.53,mg,141,mg,,,1.19,mg,3.1,ug,712,mg,83,mg,504,mg,315,mg,5,ug,1.46,mg
2649,"Chicle, sin azúcar",Chewing gum,,A0176 A0467 A0733 A0838 A0986 A1289 B1347 C0298 E0119 F0014 G0001 H0150 H0202 J0004 K0003 M0172 N0036 P0188 P0181 R0212 Z0112,,,,,,,,,,,1.000000,BEDCA2,0,g,11.1,kJ,0.3,g,0,g,3,g,0,g,0,g,,,,,,,0,mg,,,,,,,,,,,,,,,,,,,,,0.079,g,0.137,g,0.042,g,,,,,0,ug,0,mg,0.01,mg,0,mg,0,mg,0,ug,0,ug,0,mg,0,mg,0,ug,0,mg,0,mg,0,mg,0,mg,0,ug,4,mg,0,mg,6,mg,0,mg,0.6,ug,0,mg
2650,Chocolate blanco,White chocolate,,A0158 A0699 A0733 A0839 A0982 B0001 C0158 E0147 F0014 G0001 H0184 H0231 H0355 J0123 K0003 M0172 N0036 P0024 R0212 Z0112,A034P,18,A032F,"Sugar, confectionery and water-based sweet desserts",58,A04PE,Confectionery including chocolate,,,,1.000000,BEDCA2,0,g,2278.9,kJ,30.9,g,8,g,1.5,g,58.8,g,0.8,g,,,,,,,23,mg,,,,,,,,,,,,,,,,,,,,,9.9,g,1.1,g,18.2,g,,,,,10,ug,5.4,mg,0.59,mg,0.49,mg,0.08,mg,26,ug,,ug,0.07,mg,0,mg,,ug,1.14,mg,270,mg,0.45,mg,0.2,mg,6,ug,350,mg,26,mg,110,mg,230,mg,3,ug,0.9,mg
2651,Chocolate con leche,Milk chocolate,,A0158 A0699 A0733 A0839 A0982 B0001 C0158 E0147 F0014 G0001 H0136 H0184 H0231 H0355 J0123 K0003 M0172 N0036 P0024 R0212 Z0112,A034J,18,A032F,"Sugar, confectionery and water-based sweet desserts",58,A04PE,Confectionery including chocolate,,,,1.000000,BEDCA2,0,g,2241.43,kJ,31.5,g,9.19,g,2.9,g,54.1,g,0.8,g,,,,,,,28,mg,0.177,g,0.555,g,8.1,g,9.353,g,7.781,g,1.008,g,0.071,g,,,,,,,10.23,g,1.088,g,18.96,g,0.1984,g,,,10,ug,2.223,mg,0.9,mg,0.37,mg,0.11,mg,33.16,ug,,ug,0.11,mg,,mg,0,ug,0.7,mg,247,mg,0.45,mg,1.7,mg,5.5,ug,465,mg,71,mg,58,mg,261,mg,3,ug,1.7,mg
2652,"Gominola, genérica",Jelly,,A0228 A0698 A0735 A0835 A0982 C0108 E0119 F0014 H0106 H0136 H0138 H0228 J0116 K0003 M0172 N0036 P0188 Z0112,,,,,,,,,,,1.000000,BEDCA2,0,g,1115,kJ,0.02,g,4.63,g,12.86,g,69.95,g,1,g,,,,,,,0,mg,0,g,0,g,0.004,g,0.001,g,0.001,g,0.003,g,0.001,g,0,g,0,g,0,g,0.001,g,0.004,g,0.005,g,,,,,2,ug,0.036,mg,,,0.026,mg,0.001,mg,0,ug,0,ug,0.02,mg,0.9,mg,0,ug,0,mg,7,mg,,,0.19,mg,4,ug,54,mg,6,mg,30,mg,6,mg,0.4,ug,0.03,mg
2653,Jalea real,Royal jelly,,A0462 A0697 A0733 A0837 A0982 A1256 A1289 B3010 C0188 E0139 F0003 G0001 H0131 K0003 M0172 N0036 P0024 R0212 Z0112,A03SQ,15,A03RQ,"Products for non-standard diets, food imitates and food supplements or fortifying agents",51,A03SJ,Food supplements or fortifying agents,,,,1.000000,BEDCA2,0,g,1108.4,kJ,,g,0.2,g,34.8,g,65,g,,g,,,0.5,g,,,0,mg,,,,,,,,,,,,,,,,,,,,,,g,,g,,g,,,,,2,ug,0,mg,,,0.02,mg,0.02,mg,4,ug,0,ug,0,mg,4,mg,0,ug,0,mg,10,mg,,,0.2,mg,,ug,69,mg,,mg,12,mg,10,mg,2,ug,,mg
2654,"Mermelada de albaricoque y melocotón, baja en calorías","Marmalade, apricot and peach, light",,A0251 A0467 A0629 A0663 A0722 A0732 A0837 B1529 C0137 E0134 F0014 G0003 H0147 H0303 J0001 K0003 M0001 N0001 P0024 P0034 R0212 R0497 Z0112,,,,,,,,,,,1.000000,BEDCA2,0,g,923.1,kJ,0,g,0.7,g,45.8,g,53.6,g,2.8,g,,,,,,,0,mg,,,,,,,,,,,,,,,,,,,,,0,g,0,g,0,g,,,,,9,ug,0.103,mg,,,0.06,mg,0.04,mg,0,ug,0,ug,0.06,mg,5.74,mg,0,ug,0.57,mg,13.94,mg,0.1,mg,0.41,mg,2.7,ug,237.8,mg,9.84,mg,50,mg,19.68,mg,2,ug,0.08,mg
2655,Mermelada de frambuesa,"marmalade, raspberry",,A0251 A0467 A0629 A0663 A0722 A0732 A0837 B1494 C0137 E0134 F0014 G0003 H0136 J0001 K0003 M0001 N0001 P0024 R0212 R0497 Z0112,A01MP,9,A01BS,Fruit and fruit products,21,A01ML,Processed fruit products,,,,1.000000,BEDCA2,0,g,1054.05,kJ,0.3,g,0.45,g,37.2,g,60.9,g,1.2,g,,,,,,,0,mg,,,,,,,,,,,,,,,,,,,,,0.165,g,0,g,0.015,g,,,,,30,ug,0.103,mg,,,0.015,mg,0.009,mg,10,ug,0,ug,0.02,mg,2.7,mg,0,ug,0.16,mg,20,mg,0.1,mg,0.49,mg,2.7,ug,56,mg,4,mg,7,mg,16,mg,2,ug,0.06,mg
2656,Mermelada de fresa,"Marmalade, strawberry",,A0251 A0467 A0629 A0663 A0722 A0732 A0837 B1393 C0137 E0134 F0014 G0003 H0136 J0001 K0003 M0001 N0001 P0024 R0212 R0497 Z0112,A01MN,9,A01BS,Fruit and fruit products,21,A01ML,Processed fruit products,,,,1.000000,BEDCA2,0,g,1041.78,kJ,0.63,g,0.31,g,36.9,g,59.6,g,2.6,g,,,,,,,0,mg,,,,,,,,,,,,,,,,,,,,,0.33,g,0,g,0.03,g,,,,,33,ug,1.867,mg,,,0.02,mg,0.01,mg,21,ug,0,ug,0.02,mg,20,mg,0,ug,,mg,39,mg,0.1,mg,1,mg,2.7,ug,344,mg,30,mg,10,mg,8.6,mg,2,ug,0.1,mg
2657,"Mermelada de fresa, baja en calorías","marmalade, strawberry, light",,A0251 A0467 A0629 A0663 A0722 A0732 A0837 B1393 C0137 E0134 F0014 G0003 H0303 J0001 K0003 M0001 N0001 P0024 P0034 R0212 R0497 Z0112,,,,,,,,,,,1.000000,BEDCA2,0,g,923.1,kJ,0,g,0.7,g,45.8,g,53.6,g,2.3,g,,,,,,,0,mg,,,,,,,,,,,,,,,,,,,,,0,g,0,g,0,g,,,,,50.85,ug,0.103,mg,,,0.02,mg,0.02,mg,0,ug,0,ug,0.05,mg,49.22,mg,0,ug,0.16,mg,20.6,mg,0.1,mg,0.57,mg,2.7,ug,123.08,mg,10.66,mg,47,mg,21.33,mg,2,ug,0.07,mg
2658,Pastel,Cake,,A0458 A0695 A0729 A0821 A0952 A1240 A1288 B1047 C0001 E0105 F0014 G0005 H0136 H0152 H0221 J0001 K0003 M0001 N0001 P0024 R0212 Z0112,A00AQ,11,A000J,Grains and grain-based products,30,A009T,Fine bakery wares,,,,1.000000,BEDCA2,0,g,1672.2,kJ,20.2,g,5.2,g,24.2,g,49.2,g,1.2,g,,,,,,,,mg,0.173,g,1.503,g,4.585,g,1.51,g,2.747,g,0.718,g,0.087,g,,,,,,,6.25,g,1.21,g,7.38,g,2.855,g,,,6,ug,1.5,mg,,,0.08,mg,0.03,mg,220,ug,,ug,,mg,,mg,1,ug,,mg,48,mg,,,1.2,mg,,ug,,mg,16,mg,,mg,,mg,,ug,0.4,mg
2659,Regaliz,Liquorice,,A0462 A0733 A0838 A0977 A1256 A1289 B2048 C0306 E0147 F0014 G0022 H0158 J0003 K0003 M0001 N0001 P0024 R0212 Z0112,A035J,18,A032F,"Sugar, confectionery and water-based sweet desserts",58,A04PE,Confectionery including chocolate,,,,1.000000,BEDCA2,0,g,1352.1,kJ,1.9,g,3.9,g,6.6,g,71.5,g,2,g,,,,,,,0,mg,,,,,,,,,,,,,,,,,,,,,0.5,g,0.7,g,0.6,g,,,,,0,ug,0,mg,,,0,mg,0,mg,0,ug,0,ug,0,mg,0,mg,0,ug,0,mg,63,mg,,,8.1,mg,,ug,220,mg,38,mg,75,mg,29,mg,,ug,0.5,mg
2660,Arroz,Rice,Oryza sativa,A0696 A0730 A0814 A0960 A1240 A1290 B1322 C0155 E0131 F0003 G0003 H0003 H0398 J0003 K0004 M0128 N0036 P0024 R0001 Z0112,A001D,11,A000J,Grains and grain-based products,29,A000K,Cereals and similar,,,,1.000000,BEDCA2,0,g,1614.3,kJ,0.9,g,7,g,5.9,g,86,g,0.2,g,85.8,g,,,,,0,mg,,,,,,,,,,,,,,,,,,,,,0.23,g,0.32,g,0.21,g,,,,,20,ug,3.1,mg,,,0.03,mg,0.05,mg,0,ug,0,ug,0.3,mg,0,mg,0,ug,0.3,mg,10,mg,,,0.5,mg,2,ug,110,mg,13,mg,6,mg,100,mg,10,ug,0.2,mg
2661,"Arroz, hervido","Rice, boiled",,A0457 A0696 A0729 A0814 A0965 A1240 B1322 C0155 E0150 F0014 G0014 H0001 J0003 K0003 M0003 N0001 P0024 R0212 Z0112,,,,,,,,,,,1.000000,BEDCA2,0,g,1639.36,kJ,1.66,g,7.54,g,4.12,g,85.28,g,1.4,g,,,0.03,g,,,,mg,,,,,,,,,,,,,,,,,,,,,0.15,g,0.21,g,0.13,g,,,,,2.07,ug,2.98,mg,,,0.03,mg,0.06,mg,,ug,0,ug,0.3,mg,0.34,mg,,ug,0.1,mg,10.19,mg,,,0.81,mg,14.63,ug,130,mg,27.9,mg,4.39,mg,100.83,mg,,ug,1.3,mg
2662,Barrita cereales con chocolate,"Cereal bar, with chocolate",Hordeum vulgare l.,A0106 A0457 A0631 A0696 A0729 A0759 A0812 B1347 C0001 E0140 F0014 G0004 H0136 H0138 H0152 H0221 H0227 H0231 J0116 K0003 M0118 N0042 P0024 R0212 R0497 Z0112 Z0205,,,,,,,,,,./foodimages/cocina-barra-de-cereales-bajas-calorias-la.jpg,1.000000,BEDCA2,0,g,1653,kJ,7,g,9,g,9.5,g,73,g,1.5,g,,,,,,,0,mg,,,,,,,,,,,,,,,,,,,,,3.8,g,1.1,g,3.5,g,,,,,165,ug,15,mg,,,1.3,mg,1.1,mg,13.5,ug,0.8,ug,1.6,mg,0,mg,0,ug,0.9,mg,65.3,mg,,,11,mg,14.6,ug,210,mg,51.6,mg,160,mg,172.9,mg,6.3,ug,1.6,mg
2663,Barrita cereales con frutas,"Cereal bar, with fruit",,A0106 A0457 A0631 A0696 A0729 A0759 A0812 B1347 C0001 E0140 F0014 G0004 H0136 H0138 H0152 H0221 H0227 H0364 J0116 K0003 M0118 N0042 P0024 R0212 R0497 Z0112 Z0205,,,,,,,,,,./foodimages/cocina-barra-cereales-bajas-calorias-460x345-la.jpg,1.000000,BEDCA2,0,g,1647,kJ,5,g,8,g,7.5,g,78,g,1.5,g,,,,,,,0,mg,,,,,,,,,,,,,,,,,,,,,2.3,g,1.2,g,2,g,,,,,165,ug,15,mg,,,1.3,mg,1.1,mg,2.5,ug,0.8,ug,1.6,mg,1.1,mg,0,ug,0.9,mg,14,mg,,,11,mg,3.5,ug,186.9,mg,48.9,mg,200,mg,134.8,mg,6.3,ug,1.4,mg
2664,Bizcocho,Sponge cake,,A0456 A0695 A0729 A0821 A0951 A1240 A1290 B1324 C0155 E0147 F0003 G0005 H0186 H0221 H0749 H0753 J0003 K0003 M0001 N0001 P0024 R0212 Z0109 Z0112,A00AQ,11,A000J,Grains and grain-based products,30,A009T,Fine bakery wares,,,,1.000000,BEDCA2,0,g,1594,kJ,21.9,g,6.5,g,28.2,g,39.6,g,0.8,g,,,,,,,179,mg,0.044,g,0.371,g,3.528,g,1.415,g,7.088,g,15.382,g,1.97,g,,,,,,,6.78,g,1.01,g,13.13,g,0.655,g,,,34,ug,0.17,mg,,,0.16,mg,0.05,mg,248,ug,0.5,ug,0.1,mg,0,mg,0.84,ug,0.91,mg,25,mg,,,0.9,mg,12.1,ug,75,mg,9,mg,46,mg,93,mg,6.3,ug,0.5,mg
2665,"Bollería, genérico",Bakery,,A0456 A0695 A0733 A0821 A0951 A1240 A1290 B1324 C0155 E0147 F0003 G0005 H0158 H0186 H0221 H0753 J0003 K0003 M0001 N0001 P0024 R0212 Z0112,,,,,,,,,,,1.000000,BEDCA2,0,g,1867.6,kJ,23,g,7,g,15.1,g,52.8,g,2.3,g,,,,,,,253,mg,,,,,,,,,,,,,,,,,,,,,7.68,g,6.21,g,8.35,g,,,,,8,ug,1.5,mg,,,0.08,mg,0.05,mg,150,ug,,ug,0.06,mg,,mg,1.23,ug,,mg,40,mg,,,1,mg,0,ug,78,mg,19,mg,178,mg,91,mg,3,ug,0.6,mg
2666,Cereales base trigo y chocolate,"Breakfast cereals, wheat and chocolate",,A0258 A0457 A0631 A0692 A0729 A0768 A0816 B1312 C0155 E0153 F0014 G0003 H0100 H0138 H0158 H0181 H0215 H0216 H0231 H0274 H0309 J0116 K0003 M0155 N0001 P0024 R0212 R0497 Z0112,,,,,,,,,,,1.000000,BEDCA2,0,g,1605.5,kJ,2.5,g,8,g,4,g,81,g,4.5,g,,,,,,,0,mg,,,,,,,,,,,,,,,,,,,,,0.28,g,0.32,g,1.1,g,,,,,167,ug,15,mg,,,1.3,mg,1.2,mg,566,ug,0.85,ug,1.7,mg,50,mg,4.2,ug,0.5,mg,267,mg,,,7.9,mg,5,ug,400,mg,50,mg,400,mg,100,mg,48.6,ug,0.9,mg
2667,"Cereales, en polvo, solubles (eko)","Soluble cereals, powder",,A0457 A0692 A0729 A0816 A0970 A1240 A1290 B1313 C0155 E0130 F0014 G0003 H0138 H0152 J0116 K0027 M0130 N0040 P0024 R0212 Z0112,,,,,,,,,,,1.000000,BEDCA2,0,g,1637.34,kJ,0.42,g,5.7,g,6,g,89.7,g,2.3,g,,,,,,,0,mg,,,,,,,,,,,,,,,,,,,,,0,g,0.3,g,0.1,g,,,,,0,ug,0,mg,,,0,mg,0,mg,0,ug,0,ug,0,mg,0,mg,0,ug,0,mg,0,mg,,,1.9,mg,0,ug,0,mg,71,mg,0,mg,332,mg,0,ug,0.9,mg
2668,Churro,Cruller,,A0693 A0729 A0813 A0960 A1240 A1290 B1312 C0155 E0104 F0014 G0029 H0136 H0367 H0753 J0003 K0003 M0003 N0003 P0024 R0212 Z0109,A00BR,11,A000J,Grains and grain-based products,30,A009T,Fine bakery wares,,,,1.000000,BEDCA2,0,g,1498.2,kJ,20,g,4.6,g,34.2,g,40,g,1.2,g,,,,,,,,mg,,,,,,,,,,,,,,,,,,,,,6.37,g,10,g,2.62,g,,,,,11,ug,1.6,mg,,,0.03,mg,0.04,mg,,ug,0,ug,0.1,mg,0,mg,0,ug,0.34,mg,7,mg,,,0.6,mg,10,ug,146,mg,14,mg,2,mg,108,mg,4,ug,0.4,mg
2669,Croissant,Croissant,,A0456 A0695 A0729 A0821 A0951 A1240 A1290 B1324 C0155 E0147 F0003 G0005 H0158 H0186 H0221 H0753 J0003 K0003 M0001 N0001 P0024 R0212 Z0112,A00BM,11,A000J,Grains and grain-based products,30,A009T,Fine bakery wares,,,,1.000000,BEDCA2,0,g,1698.9,kJ,17.2,g,7.5,g,14.8,g,55,g,2.2,g,,,,,,,50,mg,0.086,g,0.2,g,7.82,g,1.62,g,7.64,g,2.09,g,0.25,g,,,,,,,5.5,g,0.75,g,9.9,g,0.786,g,,,19,ug,0.95,mg,,,0.1,mg,0.14,mg,225,ug,,ug,0.1,mg,0,mg,0.8,ug,1,mg,42,mg,,,1.2,mg,7.7,ug,136,mg,16,mg,492,mg,95,mg,5.2,ug,0.6,mg
2670,Donut,Doughnut,,A0248 A0456 A0695 A0733 A0821 A0951 A1240 A1290 B1312 C0155 E0147 F0014 G0005 H0158 H0184 H0186 H0221 J0003 K0003 M0001 N0001 P0024 R0212 Z0112,,,,,,,,,,,1.000000,BEDCA2,0,g,1646.5,kJ,22.4,g,6.1,g,26.5,g,42,g,3,g,,,,,,,37,mg,0.298,g,0.521,g,10.813,g,1.612,g,8.581,g,1.736,g,0.025,g,,,,,,,10.41,g,6.08,g,5.81,g,1.141,g,,,19,ug,2.4,mg,,,0.2,mg,0.22,mg,225,ug,1.73,ug,0.02,mg,0,mg,0.8,ug,1.81,mg,95.3,mg,,,4.3,mg,17,ug,102,mg,21,mg,443,mg,81,mg,9.6,ug,0.6,mg
2671,Ensaimada,Ensaimada,,A0456 A0695 A0729 A0821 A0951 A1240 A1290 B1324 C0155 E0147 F0003 G0005 H0158 H0186 H0221 H0356 H0753 J0003 K0003 M0001 N0001 P0024 R0212 Z0112,A00BK,11,A000J,Grains and grain-based products,30,A009T,Fine bakery wares,,,,1.000000,BEDCA2,0,g,1907.8,kJ,31.3,g,5.7,g,21.7,g,38.4,g,1.7,g,,,,,,,60,mg,0.023,g,0.148,g,6.865,g,1.009,g,4.255,g,1.783,g,0.026,g,0.001,g,,,,,13.15,g,3.13,g,13.35,g,0.102,g,,,18,ug,0.62,mg,,,0.08,mg,0.07,mg,19,ug,0.2,ug,0.1,mg,0,mg,0.14,ug,0.78,mg,14,mg,,,0.8,mg,24.5,ug,84,mg,15,mg,294,mg,79,mg,10.9,ug,0.4,mg
2672,Galleta salada,"Cookie, salted",,A0457 A0695 A0729 A0821 A0936 A1240 A1290 B1324 C0155 E0147 F0014 G0005 H0221 H0367 H0753 J0003 K0003 M0001 N0001 P0024 R0212 Z0112,,,,,,,,,,,1.000000,BEDCA2,0,g,1706.2,kJ,10,g,9.4,g,8.2,g,69.2,g,3.2,g,,,,,,,0,mg,1.867,g,0.762,g,5.975,g,1.696,g,7.785,g,1.878,g,0.064,g,,,,,,,4.26,g,3.27,g,1.92,g,1.603,g,,,10,ug,0.9,mg,,,0.1,mg,0.11,mg,,ug,0,ug,0.1,mg,0,mg,0,ug,0.5,mg,68,mg,,,1,mg,,ug,165,mg,30,mg,950,mg,150,mg,7.3,ug,0.6,mg
2673,"Galleta, genérico",Cookie,,A0457 A0695 A0729 A0821 A0936 A1240 A1290 B1324 C0155 E0147 F0014 G0005 H0158 H0221 H0753 J0003 K0003 M0001 N0001 P0024 R0212 Z0112,,,,,,,,,,,1.000000,BEDCA2,0,g,2013.68,kJ,21.77,g,6.76,g,3.29,g,64.31,g,3.21,g,,,,,,,50.17,mg,1.982,g,1.142,g,4.234,g,2.016,g,4.704,g,1.428,g,0.067,g,,,,,,,7.95,g,2.37,g,10.27,g,0.302,g,,,9.25,ug,2.23,mg,,,0.11,mg,0.1,mg,0.2,ug,,ug,0.07,mg,0.09,mg,0.34,ug,1.81,mg,96,mg,,,2.05,mg,,ug,169.75,mg,29.83,mg,409.9,mg,124.42,mg,5.24,ug,0.77,mg
2674,Galletas integrales,Crackers,,A0695 A0729 A0821 A0969 A1240 A1290 B1219 C0165 E0106 F0014 G0005 H0138 H0347 H0367 H0422 H0672 H0753 H0754 H0758 J0116 K0004 M0155 M0166 N0036 P0024 R0001 Z0112,,,,,,,,,,,1.000000,BEDCA2,0,g,1683.7,kJ,21.2,g,10,g,13.4,g,42.9,g,12.5,g,,,,,,,0,mg,,,,,,,,,,,,,,,,,,,,,13.62,g,3.48,g,4.1,g,,,,,19,ug,2.4,mg,,,0.06,mg,0.26,mg,76.5,ug,0,ug,0.18,mg,0,mg,0,ug,1.53,mg,333,mg,,,2.5,mg,0,ug,200,mg,28,mg,300,mg,133,mg,7.3,ug,1.2,mg
2675,Galletas tipo maria,Maria crackers,,A0695 A0729 A0821 A0969 A1240 A1290 B1219 C0158 E0122 F0014 G0005 H0138 H0260 H0263 H0280 H0367 H0688 H0749 J0116 K0004 M0128 M0156 N0036 N0039 P0024 R0001 Z0112,A009X,11,A000J,Grains and grain-based products,30,A009T,Fine bakery wares,,,,1.000000,BEDCA2,0,g,1996.29,kJ,19,g,7.076,g,1.8,g,69,g,3.1,g,,,,,,,65.9,mg,1.619,g,0.667,g,3.346,g,1.428,g,5.432,g,1.49,g,0.077,g,,,,,,,5.7,g,2.5,g,9.7,g,0.163,g,,,8,ug,2.1,mg,,,0.08,mg,0.1,mg,,ug,0,ug,0.08,mg,0,mg,0,ug,2.3,mg,117.7,mg,,,2,mg,0,ug,110,mg,25,mg,217,mg,90,mg,7.3,ug,0.59,mg
2676,Gofio,Gofio,,A0693 A0729 A0813 A0969 A1240 A1290 B1047 C0165 E0106 F0001 G0010 H0138 H0212 J0116 M0001 N0001 P0024 R0212 Z0112 Z0154,A004S,11,A000J,Grains and grain-based products,29,A000K,Cereals and similar,,,,1.000000,BEDCA2,0,g,1662.05,kJ,2.48,g,10.8,g,8,g,81.57,g,1.87,g,,,,,,,,mg,,,,,,,,,,,,,,,,,,,,,0.41,g,1.55,g,0.51,g,,,,,,ug,4.45,mg,,,0.02,mg,0.1,mg,0.17,ug,,ug,,mg,6.4,mg,,ug,,mg,,mg,,,5.73,mg,,ug,,mg,97,mg,,mg,371.6,mg,,ug,3.35,mg
2677,Harina de trigo,Wheat flour,,A0693 A0729 A0813 A0969 A1240 A1290 B1312 C0165 E0150 F0001 G0003 H0138 J0116 M0159 N0039 P0024 Z0154,A003X,11,A000J,Grains and grain-based products,29,A000K,Cereals and similar,,,,1.000000,BEDCA2,0,g,1385.5,kJ,,g,10,g,13,g,71.5,g,3.5,g,,,0.22,g,,,0,mg,,,,,,,,,,,,,,,,,,,,,,g,,g,,g,,,,,24,ug,0.6,mg,,,0.05,mg,0.1,mg,0,ug,,ug,0.2,mg,0,mg,,ug,0.3,mg,16,mg,,,1.2,mg,10,ug,135,mg,20,mg,3,mg,120,mg,7,ug,0.6,mg
2678,Magdalena,Muffin,,A0733 A0838 A0976 A1289 B1312 C0001 E0131 F0014 G0005 H0263 H0354 H0753 J0001 K0003 M0172 N0036,,,,,,,,,,,1.000000,BEDCA2,0,g,1610.8,kJ,22.4,g,6.1,g,28,g,39.9,g,1,g,,,,,,,203,mg,,g,0.018,g,2.354,g,0.922,g,4.268,g,11.381,g,1.338,g,,g,,,,,8.1,g,0.9,g,12.4,g,0.2266,g,,,7,ug,0.5,mg,,,0.1,mg,0.05,mg,233,ug,0,ug,0.1,mg,,mg,0.8,ug,0.7,mg,25,mg,,,1.1,mg,16.3,ug,88,mg,9,mg,211,mg,231,mg,9.3,ug,0.3,mg
2680,Carne picada,Mincemeat,,A0714 A0726 A0793 A1015 A1258 A1280 B1134 C0270 E0117 F0003 G0003 J0003 M0172 N0036 P0024 R0212 Z0154,,,,,,,,,,,1.000000,BEDCA,0,g,1017.24,kJ,20.5,g,15.22,g,64.3,g,0,g,0,g,0,g,,,0,g,59,mg,0.025,g,0.393,g,3.867,g,2.258,g,5.373,g,1.314,g,0.092,g,0.045,g,0.002,g,0.018,g,9.29,g,1.83,g,8.2,g,0.4822,g,,,12,ug,6.5,mg,,,0.21,mg,0.04,mg,,ug,1,ug,0.27,mg,0,mg,,ug,0.18,mg,23,mg,,,2.5,mg,3,ug,270,mg,17,mg,600,mg,107,mg,23,ug,3.2,mg
2685,"Cabrito lechal, costillar, crudo","Kid, ribs, raw",,A0794 B2702 C0285 E0150 F0003 G0003 H0003 J0003 K0003 M0003 N0036 N0044 P0003 R0212 R0366 R0367 R0500 Z0019 Z0215 Z0258,,,,,,,,Raza murciano-granadina.,,,0.667000,BEDCA2,,,938,kJ,17.49,g,17.11,g,64.5,g,0,g,,g,,,,,,,64.26,mg,0.03,g,0.43,g,3.07,g,2.03,g,5.64,g,0.57,g,0.05,g,0.06,g,0.01,g,0.01,g,6.12,g,0.84,g,6.12,g,0.56,g,,ug,4.31,ug,2.72,mg,0.06,mg,0.14,mg,0.11,mg,,ug,1.61,ug,0.83,mg,0,mg,,ug,0.24,mg,9.56,mg,,,0.57,mg,,,248.93,mg,15.82,mg,64.06,mg,156.77,mg,7.79,ug,2.24,mg
2686,"Cabrito lechal, espalda, cruda","Kid, back, raw",,A0794 B2702 C0285 E0150 F0003 G0003 H0003 J0003 K0003 M0003 N0036 N0044 P0003 R0212 R0366 R0367 R0500 Z0019 Z0215 Z0258,,,,,,,,Raza murciano-granadina.,,,0.737000,BEDCA2,,,856.17,kJ,14.58,g,18.63,g,65.83,g,0,g,,g,,,,,,,61.79,mg,0.03,g,0.38,g,2.63,g,1.72,g,4.76,g,0.49,g,0.05,g,0.06,g,0.01,g,0.01,g,5.19,g,0.73,g,5.2,g,0.48,g,,ug,3.44,ug,2.63,mg,0.04,mg,0.1,mg,0.13,mg,,ug,2.28,ug,0.77,mg,0,mg,,ug,0.27,mg,13.7,mg,,,0.81,mg,,,288.19,mg,18.76,mg,85.14,mg,187.81,mg,10.6,ug,3.15,mg
2687,"Cabrito lechal, pierna, cruda","Kid, leg, raw",,A0794 B2702 C0285 E0150 F0003 G0003 H0003 J0003 K0003 M0003 N0036 N0044 P0003 R0212 R0366 R0367 R0500 Z0019 Z0215 Z0258,,,,,,,,Raza murciano-granadina.,,,0.727000,BEDCA2,,,792.49,kJ,12.79,g,18.78,g,67.4,g,0,g,,g,,,,,,,65.76,mg,0.02,g,0.31,g,2.21,g,1.44,g,3.99,g,0.41,g,0.03,g,0.05,g,0.01,g,0.01,g,4.34,g,0.6,g,4.37,g,0.39,g,,ug,3.62,ug,3.23,mg,0.02,mg,0.11,mg,0.11,mg,,ug,2.07,ug,0.66,mg,0,mg,,ug,0.23,mg,9.94,mg,,,0.63,mg,,,295.77,mg,18.68,mg,71.35,mg,190.56,mg,9.1,ug,2.53,mg
2688,"Cordero lechal, costillar, crudo","Suckling lamb, ribs, raw",,A0794 B2396 C0285 E0150 F0003 G0003 H0003 J0003 K0003 M0003 N0036 N0044 P0003 R0212 R0366 R0367 R0500 Z0019 Z0215 Z0258,,,,,,,,Incluye las razas Churra y Castellana.,,,0.605000,BEDCA2,,,800,kJ,13.14,g,18.46,g,67.36,g,0,g,,,,,,,,,75.13,mg,0.03,g,0.39,g,2.77,g,1.81,g,4.86,g,0.5,g,0.05,g,0.06,g,0.01,g,0.01,g,5.29,g,0.75,g,5.47,g,0.48,g,,ug,4.19,ug,2.97,mg,,,0.09,mg,0.13,mg,,ug,1.82,ug,0.54,mg,0,mg,,ug,0.12,mg,10.69,mg,,,0.86,mg,,,292.05,mg,19.71,mg,89.1,mg,191.92,mg,6.63,ug,2.69,mg
2689,"Cordero lechal, espalda, cruda","Suckling lamb, back, raw",,A0794 B2396 C0285 E0150 F0003 G0003 H0003 J0003 K0003 M0003 N0036 N0044 P0003 R0212 R0366 R0367 R0500 Z0019 Z0215 Z0258,,,,,,,,Incluye las razas Churra y Castellana.,,,0.673000,BEDCA2,,,789.62,kJ,12.4,g,19.46,g,67.06,g,0,g,,,,,,,,,74.98,mg,0.02,g,0.32,g,2.29,g,1.5,g,4.04,g,0.42,g,0.04,g,0.05,g,0.01,g,0.01,g,4.41,g,0.62,g,4.54,g,0.4,g,,ug,5.18,ug,2.92,mg,,,0.08,mg,0.14,mg,,ug,2.46,ug,0.5,mg,0,mg,,ug,0.15,mg,8.09,mg,,,0.78,mg,,,289.22,mg,17.94,mg,81.37,mg,178.02,mg,6.54,ug,3.16,mg
2690,"Cordero lechal, pierna, cruda","Suckling lamb, leg, raw",,A0794 B2396 C0285 E0150 F0003 G0003 H0003 J0003 K0003 M0003 N0036 N0044 P0003 R0212 R0366 R0367 R0500 Z0019 Z0215 Z0258,,,,,,,,Incluye las razas Churra y Castellana.,,,0.649000,BEDCA2,,,782.07,kJ,12.32,g,19.19,g,67.39,g,0,g,,,,,,,,,76.53,mg,0.02,g,0.29,g,2.09,g,1.36,g,3.7,g,0.38,g,0.04,g,0.04,g,0.01,g,0.01,g,4.03,g,0.56,g,4.14,g,0.37,g,,ug,4.67,ug,3.46,mg,,,0.08,mg,0.15,mg,,ug,2.62,ug,0.61,mg,0,mg,,ug,0.17,mg,11.21,mg,,,0.98,mg,,,324.16,mg,21.39,mg,81.55,mg,212.66,mg,8.07,ug,3.11,mg
2691,"Cordero ligero, costillar, crudo","Light lamb, ribs, raw",,A0794 B2396 C0285 E0150 F0003 G0003 H0003 J0003 K0003 M0003 N0036 N0044 P0003 R0212 R0366 R0367 R0500 Z0019 Z0215 Z0258,,,,,,,,"Incluye las razas merino, manchega, segureña y aragonesa.",,,0.713000,BEDCA2,,,976.44,kJ,18.46,g,17.26,g,63.36,g,0,g,,,,,,,,,64.43,mg,0.03,g,0.46,g,3.22,g,2.11,g,5.66,g,0.59,g,0.06,g,0.07,g,0.02,g,0.02,g,6.17,g,0.88,g,6.39,g,0.56,g,,ug,4.46,ug,4.34,mg,,,0.08,mg,0.13,mg,,ug,1.98,ug,0.63,mg,0,mg,,ug,0.25,mg,13.35,mg,,,1.11,mg,,,265.4,mg,18.91,mg,75.73,mg,171.68,mg,11.69,ug,3.35,mg
2692,"Cordero ligero, espalda, cruda","Light lamb, back, raw",,A0794 B2396 C0285 E0150 F0003 G0003 H0003 J0003 K0003 M0003 N0036 N0044 P0003 R0212 R0366 R0367 R0500 Z0019 Z0215 Z0258,,,,,,,,"Incluye las razas merino, manchega, segureña y aragonesa.",,,0.759000,BEDCA2,,,837.72,kJ,14.55,g,17.61,g,66.91,g,0,g,,,,,,,,,65.74,mg,0.03,g,0.38,g,2.69,g,1.77,g,4.76,g,0.5,g,0.05,g,0.05,g,0.01,g,0.01,g,5.17,g,0.74,g,5.34,g,0.47,g,,ug,4.61,ug,3.4,mg,,,0.07,mg,0.14,mg,,ug,2.06,ug,0.53,mg,0,mg,,ug,0.14,mg,8.16,mg,,,1.12,mg,,,284.87,mg,18.93,mg,77.16,mg,175.14,mg,12.46,ug,3.68,mg
2693,"Cordero ligero, pierna, cruda","Light lamb, leg, raw",,A0794 B2396 C0285 E0150 F0003 G0003 H0003 J0003 K0003 M0003 N0036 N0044 P0003 R0212 R0366 R0367 R0500 Z0019 Z0215 Z0258,,,,,,,,"Incluye las razas merino, manchega, segureña y aragonesa.",,,0.757000,BEDCA2,,,768.51,kJ,12.05,g,18.98,g,67.98,g,0,g,,,,,,,,,67.96,mg,0.02,g,0.33,g,2.29,g,1.5,g,4.02,g,0.41,g,0.04,g,0.05,g,0.01,g,0.01,g,4.38,g,0.62,g,4.54,g,0.4,g,,ug,4.16,ug,3.32,mg,,,0.07,mg,0.14,mg,,ug,2.53,ug,0.54,mg,0,mg,,ug,0.16,mg,7.27,mg,,,1.24,mg,,,301.49,mg,20.78,mg,67.5,mg,192.88,mg,12.25,ug,3.08,mg
2694,"Carne de cerdo de capa blanca, lomo, partes grasa y magra, crudo","Pork meat, loin, separable lean and fat, raw",,A0794 B1136 C0269 E0152 F0003 H0003 J0003 K0001 N0041 P0003 R0212 Z0031,,,,,,,,"Carne de cerdo de capa blanca, mezcla de razas Landrace danés, Largewhite danes y Duroc danés",,,1.000000,BEDCA2,,,590.18,kJ,4.57,g,24.77,g,71.19,g,,g,,,,,,,,,68.23,mg,0.015,g,0.064,g,1.0855,g,0.5855,g,2.0275,g,0.3825,g,0.0255,g,,,,,,,2.155,g,0.408,g,1.761,g,0.009,g,,,,ug,6.9,mg,0.5,mg,0.15,mg,0.44,mg,3.05,ug,0.25,ug,0.53,mg,,,,,,,9.53,mg,,,1.55,mg,,,482.43,mg,35.43,mg,42.8,mg,213.9,mg,30,ug,1.9,mg
2695,"Carne de cerdo de capa blanca, lomo, parte magra, crudo","Pork meat, loin, lean, raw",,A0794 B1136 C0270 E0152 F0003 H0003 J0003 K0001 N0041 P0003 R0212 Z0031,,,,,,,,"Carne de cerdo de capa blanca, mezcla de razas Landrace danés, Largewhite danes y Duroc danés ",,,1.000000,BEDCA2,,,515.8,kJ,2.5,g,24.9,g,71.47,g,,g,,,,,,,,,61,mg,0.017,g,0.039,g,0.618,g,0.305,g,1.162,g,0.24,g,0.013,g,,,,,,,1.253,g,0.253,g,0.979,g,0.012,g,,ug,,ug,7.1,mg,0.42,mg,0.15,mg,0.48,mg,4.05,ug,0.2,ug,0.65,mg,,,,,,,14.5,mg,,,0.91,mg,,,490,mg,29,mg,41,mg,176.5,mg,29,ug,1.75,mg
2696,"Carne de cerdo de capa blanca, chuleta, partes grasa y magra, cruda","Pork meat, chop, separable lean and fat, raw",,A0794 B1136 C0269 E0152 F0003 H0003 J0003 K0001 N0041 P0003 R0212 Z0023,,,,,,,,"Carne de cerdo de capa blanca, mezcla de razas Landrace danés, Largewhite danes y Duroc danés ",,,0.776000,BEDCA2,,,665.06,kJ,7.43,g,22.95,g,70,g,,g,,,,,,,,,70.65,mg,0.012,g,0.09,g,1.687,g,0.884,g,3.33,g,1.031,g,0.045,g,,,,,,,3.585,g,1.076,g,2.716,g,0.037,g,,,,ug,5.98,mg,0.5,mg,0.13,mg,0.4,mg,3.5,ug,0.2,ug,0.65,mg,,,,,,,16.05,mg,,,0.95,mg,,,292.5,mg,29.15,mg,48.4,mg,179.85,mg,27,ug,1.95,mg
2697,"Carne de cerdo de capa blanca, chuleta, parte magra, cruda","Pork meat, chop, lean, raw",,A0794 B1136 C0270 E0152 F0003 H0003 J0003 K0001 N0041 P0003 R0212 Z0023,,,,,,,,"Carne de cerdo de capa blanca, mezcla de razas Landrace danés, Largewhite danes y Duroc danés ",,,0.776000,BEDCA2,,,574.3,kJ,5,g,22.9,g,71.03,g,,g,,,,,,,,,68.5,mg,0.006,g,0.071,g,1.175,g,0.557,g,2.338,g,0.527,g,0.037,g,,,,,,,2.568,g,0.5635,g,1.8415,g,0.006,g,,ug,,ug,6.1,mg,0.53,mg,0.14,mg,0.42,mg,3.8,ug,0.3,ug,0.34,mg,,,,,,,13,mg,,,0.89,mg,,,208,mg,31,mg,40,mg,197,mg,27,ug,2.5,mg
2698,"Carne de cerdo de capa blanca, jamón, partes grasa y magra, crudo","Pork meat, ham, separable lean and fat, raw",,A0794 B1136 C0285 E0152 F0003 H0003 J0003 K0001 N0041 P0003 R0212 Z0024,,,,,,,,"Carne de cerdo de capa blanca, mezcla de razas Landrace danés, Largewhite danes y Duroc danés ",,,1.000000,BEDCA2,,,536.49,kJ,3.9,g,23.07,g,71.89,g,,g,,,,,,,,,67.43,mg,0.014,g,0.045,g,0.7275,g,0.3355,g,1.4865,g,0.326,g,0.021,g,,,,,,,1.596,g,0.347,g,1.1285,g,0.0095,g,,,,ug,6.8,mg,0.62,mg,0.21,mg,0.52,mg,2.7,ug,0.15,ug,0.55,mg,,,,,,,16.3,mg,,,1.35,mg,,,445.33,mg,35,mg,45.4,mg,209.43,mg,28,ug,2.2,mg
2699,"Carne de cerdo de capa blanca, jamón, parte magra, crudo","Pork meat, ham, lean, raw",,A0794 B1136 C0286 E0152 F0003 H0003 J0003 K0001 N0041 P0003 R0212 Z0024,,,,,,,,"Carne de cerdo de capa blanca, mezcla de razas Landrace danés, Largewhite danes y Duroc danés ",,,1.000000,BEDCA2,,,528.2,kJ,2.95,g,24.65,g,71.26,g,,g,,,,,,,,,62.5,mg,0.005,g,0.022,g,0.357,g,0.172,g,0.621,g,0.153,g,0.007,g,,,,,,,0.672,g,0.16,g,0.556,g,0.006,g,,ug,,ug,7.5,mg,0.3,mg,0.19,mg,0.34,mg,3.15,ug,0.15,ug,0.54,mg,,,,,,,12.5,mg,,,0.79,mg,,,484.5,mg,39.5,mg,46.5,mg,171.5,mg,31,ug,1.9,mg
2700,"Carne de cerdo de capa blanca, cabezada, partes grasa y magra, crudo","Pork meat, head end of loin, separable lean and fat, raw",,A0794 B1136 C0285 E0152 F0003 H0003 J0003 K0001 N0041 P0003 R0212 Z0031,,,,,,,,"Carne de cerdo de capa blanca, mezcla de razas Landrace danés, Largewhite danes y Duroc danés ",,,1.000000,BEDCA2,,,1057.8,kJ,19.4,g,20,g,59.5,g,,g,,,,,,,,,78,mg,0.02,g,0.272,g,4.436,g,2.195,g,8.265,g,2.051,g,0.153,g,,,,,,,8.905,g,2.204,g,6.923,g,0.03,g,,ug,,ug,5.2,mg,0.76,mg,0.34,mg,0.35,mg,7,ug,0.1,ug,0.4,mg,,,,,,,11,mg,,,1.8,mg,,,363,mg,25,mg,59,mg,167,mg,26,ug,1.9,mg
2701,"Carne de cerdo de capa blanca, cabezada, parte magra, cruda","Pork meat, head end of loin, lean, raw",,A0794 B1136 C0286 E0152 F0003 H0003 J0003 K0001 N0041 P0003 R0212 Z0031,,,,,,,,"Carne de cerdo de capa blanca, mezcla de razas Landrace danés, Largewhite danes y Duroc danés ",,,1.000000,BEDCA2,,,686.8,kJ,8.5,g,21.9,g,68.5,g,,g,,,,,,,,,74,mg,0.027,g,0.124,g,1.952,g,0.992,g,3.527,g,0.76,g,0.047,g,,,,,,,3.799,g,0.807,g,3.095,g,0.009,g,,ug,,ug,5.1,mg,0.78,mg,0.36,mg,0.64,mg,5.2,ug,0.2,ug,0.39,mg,,,,,,,15,mg,,,3.2,mg,,,435,mg,32,mg,62,mg,194,mg,30,ug,3.1,mg
2711,"Cabrito lechal, costillar, asado","Kid, ribs, roasted",,A0794 B2702 C0285 E0150 F0014 G0005 H0003 J0003 K0003 M0003 N0036 N0044 P0003 R0212 R0366 R0367 R0500 Z0019 Z0215 Z0258,,,,,,,,raza Murciano-Granadina,,,1.000000,BEDCA2,,,1103.32,kJ,19.5,g,22.46,g,56.98,g,0,g,0,g,,,,,,,88.56,mg,0.03,g,0.45,g,3.18,g,2.06,g,5.49,g,0.58,g,0.05,g,0.07,g,0.01,g,0.01,g,6.04,g,0.85,g,6.26,g,0.57,g,,ug,1.9,ug,3.07,mg,0.03,mg,0.05,mg,0.1,mg,,ug,2.36,ug,0.54,mg,,,20,ug,0.21,mg,18.71,mg,,,0.75,mg,,,280.9,mg,18.34,mg,93.24,mg,174.16,mg,10.69,ug,3.01,mg
2712,"Cordero lechal, costillar, asado","Suckling lamb, ribs, roasted",,A0794 B2396 C0285 E0150 F0014 G0005 H0003 J0003 K0003 M0003 N0036 N0044 P0003 R0212 R0366 R0367 R0500 Z0019 Z0215 Z0258,,,,,,,,Razas churra y castellana,,,1.000000,BEDCA2,,,977.84,kJ,16.49,g,21.63,g,60.76,g,0,g,0,g,,,,,,,78.22,mg,0.03,g,0.42,g,2.94,g,1.92,g,5.2,g,0.53,g,0.05,g,0.06,g,0.01,g,0.01,g,5.67,g,0.79,g,5.83,g,0.51,g,,ug,1.15,ug,3.59,mg,0.09,mg,0.11,mg,0.09,mg,,ug,2.11,ug,0.53,mg,,,30,ug,0.08,mg,17.23,mg,,,0.79,mg,,,268.52,mg,18.34,mg,96.52,mg,172.45,mg,7.64,ug,2.71,mg
2713,"Cordero ligero, costillar, asado","Light lamb, ribs, roasted",,A0794 B2396 C0285 E0150 F0014 G0005 H0003 J0003 K0003 M0003 N0036 N0044 P0003 R0212 R0366 R0367 R0500 Z0019 Z0215 Z0258,,,,,,,,"Razas Merino, Manchega, Segureña y Rasa Aragonesa",,,1.000000,BEDCA2,,,1141.44,kJ,20.93,g,21.59,g,56.44,g,0,g,0,g,,,,,,,71.09,mg,0.04,g,0.48,g,3.39,g,2.21,g,5.95,g,0.61,g,0.06,g,0.07,g,0.01,g,0.01,g,6.48,g,0.91,g,6.72,g,0.6,g,,ug,1.25,ug,2.22,mg,0.03,mg,0.06,mg,0.1,mg,,ug,2.19,ug,0.4,mg,,,20,ug,,mg,13.15,mg,,,1.05,mg,,,224.66,mg,15.78,mg,76.29,mg,145.77,mg,12.29,ug,2.91,mg
